run_key,task,model_id,effective_status,effective_missing_reason,chat_content_format,chat_template_sha256,system_prompt_sha256,chat_template_kwargs_json,base_effective_lengths_sha256,effective_request_count,effective_total_input_tokens,effective_input_tokens_mean,effective_input_tokens_p50,effective_input_tokens_p90,effective_input_tokens_p95,effective_input_tokens_min,effective_input_tokens_max,effective_input_tokens_std,effective_sum_input_tokens_squared
"{""task"":""gpqa"",""model_id"":""Qwen/Qwen3-14B"",""gpu_model"":""B200"",""num_gpus"":1,""max_num_seqs"":128,""tensor_parallel"":1,""expert_parallel"":1,""data_parallel"":1,""seed"":48105,""num_request_repeats"":1}",gpqa,Qwen/Qwen3-14B,available,,string,a55ee1b1660128b7098723e0abcd92caa0788061051c62d51cbe87d9cf1974d8,,"{""enable_thinking"": true}",92db2319450a47dffd0ca08327810bc8cd53fb32eed7e1d08a0ce5601fc31199,198.0,46057.0,232.61111111111111,197.0,355.20000000000005,442.15,58.0,2785.0,214.37768822775504,19813013.0
"{""task"":""gpqa"",""model_id"":""Qwen/Qwen3-14B"",""gpu_model"":""B200"",""num_gpus"":1,""max_num_seqs"":16,""tensor_parallel"":1,""expert_parallel"":1,""data_parallel"":1,""seed"":48105,""num_request_repeats"":1}",gpqa,Qwen/Qwen3-14B,available,,string,a55ee1b1660128b7098723e0abcd92caa0788061051c62d51cbe87d9cf1974d8,,"{""enable_thinking"": true}",92db2319450a47dffd0ca08327810bc8cd53fb32eed7e1d08a0ce5601fc31199,198.0,46057.0,232.61111111111111,197.0,355.20000000000005,442.15,58.0,2785.0,214.37768822775504,19813013.0
"{""task"":""gpqa"",""model_id"":""Qwen/Qwen3-14B"",""gpu_model"":""B200"",""num_gpus"":1,""max_num_seqs"":256,""tensor_parallel"":1,""expert_parallel"":1,""data_parallel"":1,""seed"":48105,""num_request_repeats"":2}",gpqa,Qwen/Qwen3-14B,available,,string,a55ee1b1660128b7098723e0abcd92caa0788061051c62d51cbe87d9cf1974d8,,"{""enable_thinking"": true}",92db2319450a47dffd0ca08327810bc8cd53fb32eed7e1d08a0ce5601fc31199,396.0,92114.0,232.61111111111111,197.0,355.20000000000005,442.15,58.0,2785.0,214.37768822775504,39626026.0
"{""task"":""gpqa"",""model_id"":""Qwen/Qwen3-14B"",""gpu_model"":""B200"",""num_gpus"":1,""max_num_seqs"":32,""tensor_parallel"":1,""expert_parallel"":1,""data_parallel"":1,""seed"":48105,""num_request_repeats"":1}",gpqa,Qwen/Qwen3-14B,available,,string,a55ee1b1660128b7098723e0abcd92caa0788061051c62d51cbe87d9cf1974d8,,"{""enable_thinking"": true}",92db2319450a47dffd0ca08327810bc8cd53fb32eed7e1d08a0ce5601fc31199,198.0,46057.0,232.61111111111111,197.0,355.20000000000005,442.15,58.0,2785.0,214.37768822775504,19813013.0
"{""task"":""gpqa"",""model_id"":""Qwen/Qwen3-14B"",""gpu_model"":""B200"",""num_gpus"":1,""max_num_seqs"":384,""tensor_parallel"":1,""expert_parallel"":1,""data_parallel"":1,""seed"":48105,""num_request_repeats"":3}",gpqa,Qwen/Qwen3-14B,available,,string,a55ee1b1660128b7098723e0abcd92caa0788061051c62d51cbe87d9cf1974d8,,"{""enable_thinking"": true}",92db2319450a47dffd0ca08327810bc8cd53fb32eed7e1d08a0ce5601fc31199,594.0,138171.0,232.61111111111111,197.0,355.20000000000005,442.15,58.0,2785.0,214.37768822775504,59439039.0
"{""task"":""gpqa"",""model_id"":""Qwen/Qwen3-14B"",""gpu_model"":""B200"",""num_gpus"":1,""max_num_seqs"":512,""tensor_parallel"":1,""expert_parallel"":1,""data_parallel"":1,""seed"":48105,""num_request_repeats"":3}",gpqa,Qwen/Qwen3-14B,available,,string,a55ee1b1660128b7098723e0abcd92caa0788061051c62d51cbe87d9cf1974d8,,"{""enable_thinking"": true}",92db2319450a47dffd0ca08327810bc8cd53fb32eed7e1d08a0ce5601fc31199,594.0,138171.0,232.61111111111111,197.0,355.20000000000005,442.15,58.0,2785.0,214.37768822775504,59439039.0
"{""task"":""gpqa"",""model_id"":""Qwen/Qwen3-14B"",""gpu_model"":""B200"",""num_gpus"":1,""max_num_seqs"":64,""tensor_parallel"":1,""expert_parallel"":1,""data_parallel"":1,""seed"":48105,""num_request_repeats"":1}",gpqa,Qwen/Qwen3-14B,available,,string,a55ee1b1660128b7098723e0abcd92caa0788061051c62d51cbe87d9cf1974d8,,"{""enable_thinking"": true}",92db2319450a47dffd0ca08327810bc8cd53fb32eed7e1d08a0ce5601fc31199,198.0,46057.0,232.61111111111111,197.0,355.20000000000005,442.15,58.0,2785.0,214.37768822775504,19813013.0
"{""task"":""gpqa"",""model_id"":""Qwen/Qwen3-14B"",""gpu_model"":""B200"",""num_gpus"":1,""max_num_seqs"":8,""tensor_parallel"":1,""expert_parallel"":1,""data_parallel"":1,""seed"":48105,""num_request_repeats"":1}",gpqa,Qwen/Qwen3-14B,available,,string,a55ee1b1660128b7098723e0abcd92caa0788061051c62d51cbe87d9cf1974d8,,"{""enable_thinking"": true}",92db2319450a47dffd0ca08327810bc8cd53fb32eed7e1d08a0ce5601fc31199,198.0,46057.0,232.61111111111111,197.0,355.20000000000005,442.15,58.0,2785.0,214.37768822775504,19813013.0
"{""task"":""gpqa"",""model_id"":""Qwen/Qwen3-14B"",""gpu_model"":""H100"",""num_gpus"":1,""max_num_seqs"":128,""tensor_parallel"":1,""expert_parallel"":1,""data_parallel"":1,""seed"":48105,""num_request_repeats"":1}",gpqa,Qwen/Qwen3-14B,available,,string,a55ee1b1660128b7098723e0abcd92caa0788061051c62d51cbe87d9cf1974d8,,"{""enable_thinking"": true}",92db2319450a47dffd0ca08327810bc8cd53fb32eed7e1d08a0ce5601fc31199,198.0,46057.0,232.61111111111111,197.0,355.20000000000005,442.15,58.0,2785.0,214.37768822775504,19813013.0
"{""task"":""gpqa"",""model_id"":""Qwen/Qwen3-14B"",""gpu_model"":""H100"",""num_gpus"":1,""max_num_seqs"":16,""tensor_parallel"":1,""expert_parallel"":1,""data_parallel"":1,""seed"":48105,""num_request_repeats"":1}",gpqa,Qwen/Qwen3-14B,available,,string,a55ee1b1660128b7098723e0abcd92caa0788061051c62d51cbe87d9cf1974d8,,"{""enable_thinking"": true}",92db2319450a47dffd0ca08327810bc8cd53fb32eed7e1d08a0ce5601fc31199,198.0,46057.0,232.61111111111111,197.0,355.20000000000005,442.15,58.0,2785.0,214.37768822775504,19813013.0
"{""task"":""gpqa"",""model_id"":""Qwen/Qwen3-14B"",""gpu_model"":""H100"",""num_gpus"":1,""max_num_seqs"":192,""tensor_parallel"":1,""expert_parallel"":1,""data_parallel"":1,""seed"":48105,""num_request_repeats"":1}",gpqa,Qwen/Qwen3-14B,available,,string,a55ee1b1660128b7098723e0abcd92caa0788061051c62d51cbe87d9cf1974d8,,"{""enable_thinking"": true}",92db2319450a47dffd0ca08327810bc8cd53fb32eed7e1d08a0ce5601fc31199,198.0,46057.0,232.61111111111111,197.0,355.20000000000005,442.15,58.0,2785.0,214.37768822775504,19813013.0
"{""task"":""gpqa"",""model_id"":""Qwen/Qwen3-14B"",""gpu_model"":""H100"",""num_gpus"":1,""max_num_seqs"":192,""tensor_parallel"":1,""expert_parallel"":1,""data_parallel"":1,""seed"":48105,""num_request_repeats"":2}",gpqa,Qwen/Qwen3-14B,available,,string,a55ee1b1660128b7098723e0abcd92caa0788061051c62d51cbe87d9cf1974d8,,"{""enable_thinking"": true}",92db2319450a47dffd0ca08327810bc8cd53fb32eed7e1d08a0ce5601fc31199,396.0,92114.0,232.61111111111111,197.0,355.20000000000005,442.15,58.0,2785.0,214.37768822775504,39626026.0
"{""task"":""gpqa"",""model_id"":""Qwen/Qwen3-14B"",""gpu_model"":""H100"",""num_gpus"":1,""max_num_seqs"":256,""tensor_parallel"":1,""expert_parallel"":1,""data_parallel"":1,""seed"":48105,""num_request_repeats"":2}",gpqa,Qwen/Qwen3-14B,available,,string,a55ee1b1660128b7098723e0abcd92caa0788061051c62d51cbe87d9cf1974d8,,"{""enable_thinking"": true}",92db2319450a47dffd0ca08327810bc8cd53fb32eed7e1d08a0ce5601fc31199,396.0,92114.0,232.61111111111111,197.0,355.20000000000005,442.15,58.0,2785.0,214.37768822775504,39626026.0
"{""task"":""gpqa"",""model_id"":""Qwen/Qwen3-14B"",""gpu_model"":""H100"",""num_gpus"":1,""max_num_seqs"":32,""tensor_parallel"":1,""expert_parallel"":1,""data_parallel"":1,""seed"":48105,""num_request_repeats"":1}",gpqa,Qwen/Qwen3-14B,available,,string,a55ee1b1660128b7098723e0abcd92caa0788061051c62d51cbe87d9cf1974d8,,"{""enable_thinking"": true}",92db2319450a47dffd0ca08327810bc8cd53fb32eed7e1d08a0ce5601fc31199,198.0,46057.0,232.61111111111111,197.0,355.20000000000005,442.15,58.0,2785.0,214.37768822775504,19813013.0
"{""task"":""gpqa"",""model_id"":""Qwen/Qwen3-14B"",""gpu_model"":""H100"",""num_gpus"":1,""max_num_seqs"":384,""tensor_parallel"":1,""expert_parallel"":1,""data_parallel"":1,""seed"":48105,""num_request_repeats"":3}",gpqa,Qwen/Qwen3-14B,available,,string,a55ee1b1660128b7098723e0abcd92caa0788061051c62d51cbe87d9cf1974d8,,"{""enable_thinking"": true}",92db2319450a47dffd0ca08327810bc8cd53fb32eed7e1d08a0ce5601fc31199,594.0,138171.0,232.61111111111111,197.0,355.20000000000005,442.15,58.0,2785.0,214.37768822775504,59439039.0
"{""task"":""gpqa"",""model_id"":""Qwen/Qwen3-14B"",""gpu_model"":""H100"",""num_gpus"":1,""max_num_seqs"":512,""tensor_parallel"":1,""expert_parallel"":1,""data_parallel"":1,""seed"":48105,""num_request_repeats"":3}",gpqa,Qwen/Qwen3-14B,available,,string,a55ee1b1660128b7098723e0abcd92caa0788061051c62d51cbe87d9cf1974d8,,"{""enable_thinking"": true}",92db2319450a47dffd0ca08327810bc8cd53fb32eed7e1d08a0ce5601fc31199,594.0,138171.0,232.61111111111111,197.0,355.20000000000005,442.15,58.0,2785.0,214.37768822775504,59439039.0
"{""task"":""gpqa"",""model_id"":""Qwen/Qwen3-14B"",""gpu_model"":""H100"",""num_gpus"":1,""max_num_seqs"":64,""tensor_parallel"":1,""expert_parallel"":1,""data_parallel"":1,""seed"":48105,""num_request_repeats"":1}",gpqa,Qwen/Qwen3-14B,available,,string,a55ee1b1660128b7098723e0abcd92caa0788061051c62d51cbe87d9cf1974d8,,"{""enable_thinking"": true}",92db2319450a47dffd0ca08327810bc8cd53fb32eed7e1d08a0ce5601fc31199,198.0,46057.0,232.61111111111111,197.0,355.20000000000005,442.15,58.0,2785.0,214.37768822775504,19813013.0
"{""task"":""gpqa"",""model_id"":""Qwen/Qwen3-14B"",""gpu_model"":""H100"",""num_gpus"":1,""max_num_seqs"":8,""tensor_parallel"":1,""expert_parallel"":1,""data_parallel"":1,""seed"":48105,""num_request_repeats"":1}",gpqa,Qwen/Qwen3-14B,available,,string,a55ee1b1660128b7098723e0abcd92caa0788061051c62d51cbe87d9cf1974d8,,"{""enable_thinking"": true}",92db2319450a47dffd0ca08327810bc8cd53fb32eed7e1d08a0ce5601fc31199,198.0,46057.0,232.61111111111111,197.0,355.20000000000005,442.15,58.0,2785.0,214.37768822775504,19813013.0
"{""task"":""gpqa"",""model_id"":""Qwen/Qwen3-14B"",""gpu_model"":""H100"",""num_gpus"":1,""max_num_seqs"":96,""tensor_parallel"":1,""expert_parallel"":1,""data_parallel"":1,""seed"":48105,""num_request_repeats"":1}",gpqa,Qwen/Qwen3-14B,available,,string,a55ee1b1660128b7098723e0abcd92caa0788061051c62d51cbe87d9cf1974d8,,"{""enable_thinking"": true}",92db2319450a47dffd0ca08327810bc8cd53fb32eed7e1d08a0ce5601fc31199,198.0,46057.0,232.61111111111111,197.0,355.20000000000005,442.15,58.0,2785.0,214.37768822775504,19813013.0
"{""task"":""gpqa"",""model_id"":""Qwen/Qwen3-235B-A22B-Thinking-2507"",""gpu_model"":""B200"",""num_gpus"":4,""max_num_seqs"":128,""tensor_parallel"":1,""expert_parallel"":4,""data_parallel"":1,""seed"":48105,""num_request_repeats"":1}",gpqa,Qwen/Qwen3-235B-A22B-Thinking-2507,available,,string,3802169b2a02b81e6adb7ab4f64f91ff02db753c8c3a64a01c35192d3a61d8d7,,{},c2ce606708d55ff37f1bba4fe239fb7950ad0015d4abd8dae9fd4a2bb85cee80,198.0,46453.0,234.61111111111111,199.0,357.20000000000005,444.15,60.0,2787.0,214.37768822775504,19998033.0
"{""task"":""gpqa"",""model_id"":""Qwen/Qwen3-235B-A22B-Thinking-2507"",""gpu_model"":""B200"",""num_gpus"":4,""max_num_seqs"":16,""tensor_parallel"":1,""expert_parallel"":4,""data_parallel"":1,""seed"":48105,""num_request_repeats"":1}",gpqa,Qwen/Qwen3-235B-A22B-Thinking-2507,available,,string,3802169b2a02b81e6adb7ab4f64f91ff02db753c8c3a64a01c35192d3a61d8d7,,{},c2ce606708d55ff37f1bba4fe239fb7950ad0015d4abd8dae9fd4a2bb85cee80,198.0,46453.0,234.61111111111111,199.0,357.20000000000005,444.15,60.0,2787.0,214.37768822775504,19998033.0
"{""task"":""gpqa"",""model_id"":""Qwen/Qwen3-235B-A22B-Thinking-2507"",""gpu_model"":""B200"",""num_gpus"":4,""max_num_seqs"":256,""tensor_parallel"":1,""expert_parallel"":4,""data_parallel"":1,""seed"":48105,""num_request_repeats"":2}",gpqa,Qwen/Qwen3-235B-A22B-Thinking-2507,available,,string,3802169b2a02b81e6adb7ab4f64f91ff02db753c8c3a64a01c35192d3a61d8d7,,{},c2ce606708d55ff37f1bba4fe239fb7950ad0015d4abd8dae9fd4a2bb85cee80,396.0,92906.0,234.61111111111111,199.0,357.20000000000005,444.15,60.0,2787.0,214.37768822775504,39996066.0
"{""task"":""gpqa"",""model_id"":""Qwen/Qwen3-235B-A22B-Thinking-2507"",""gpu_model"":""B200"",""num_gpus"":4,""max_num_seqs"":32,""tensor_parallel"":1,""expert_parallel"":4,""data_parallel"":1,""seed"":48105,""num_request_repeats"":1}",gpqa,Qwen/Qwen3-235B-A22B-Thinking-2507,available,,string,3802169b2a02b81e6adb7ab4f64f91ff02db753c8c3a64a01c35192d3a61d8d7,,{},c2ce606708d55ff37f1bba4fe239fb7950ad0015d4abd8dae9fd4a2bb85cee80,198.0,46453.0,234.61111111111111,199.0,357.20000000000005,444.15,60.0,2787.0,214.37768822775504,19998033.0
"{""task"":""gpqa"",""model_id"":""Qwen/Qwen3-235B-A22B-Thinking-2507"",""gpu_model"":""B200"",""num_gpus"":4,""max_num_seqs"":384,""tensor_parallel"":1,""expert_parallel"":4,""data_parallel"":1,""seed"":48105,""num_request_repeats"":3}",gpqa,Qwen/Qwen3-235B-A22B-Thinking-2507,available,,string,3802169b2a02b81e6adb7ab4f64f91ff02db753c8c3a64a01c35192d3a61d8d7,,{},c2ce606708d55ff37f1bba4fe239fb7950ad0015d4abd8dae9fd4a2bb85cee80,594.0,139359.0,234.61111111111111,199.0,357.20000000000005,444.15,60.0,2787.0,214.37768822775504,59994099.0
"{""task"":""gpqa"",""model_id"":""Qwen/Qwen3-235B-A22B-Thinking-2507"",""gpu_model"":""B200"",""num_gpus"":4,""max_num_seqs"":64,""tensor_parallel"":1,""expert_parallel"":4,""data_parallel"":1,""seed"":48105,""num_request_repeats"":1}",gpqa,Qwen/Qwen3-235B-A22B-Thinking-2507,available,,string,3802169b2a02b81e6adb7ab4f64f91ff02db753c8c3a64a01c35192d3a61d8d7,,{},c2ce606708d55ff37f1bba4fe239fb7950ad0015d4abd8dae9fd4a2bb85cee80,198.0,46453.0,234.61111111111111,199.0,357.20000000000005,444.15,60.0,2787.0,214.37768822775504,19998033.0
"{""task"":""gpqa"",""model_id"":""Qwen/Qwen3-235B-A22B-Thinking-2507"",""gpu_model"":""B200"",""num_gpus"":4,""max_num_seqs"":8,""tensor_parallel"":1,""expert_parallel"":4,""data_parallel"":1,""seed"":48105,""num_request_repeats"":1}",gpqa,Qwen/Qwen3-235B-A22B-Thinking-2507,available,,string,3802169b2a02b81e6adb7ab4f64f91ff02db753c8c3a64a01c35192d3a61d8d7,,{},c2ce606708d55ff37f1bba4fe239fb7950ad0015d4abd8dae9fd4a2bb85cee80,198.0,46453.0,234.61111111111111,199.0,357.20000000000005,444.15,60.0,2787.0,214.37768822775504,19998033.0
"{""task"":""gpqa"",""model_id"":""Qwen/Qwen3-235B-A22B-Thinking-2507"",""gpu_model"":""B200"",""num_gpus"":8,""max_num_seqs"":128,""tensor_parallel"":1,""expert_parallel"":8,""data_parallel"":1,""seed"":48105,""num_request_repeats"":1}",gpqa,Qwen/Qwen3-235B-A22B-Thinking-2507,available,,string,3802169b2a02b81e6adb7ab4f64f91ff02db753c8c3a64a01c35192d3a61d8d7,,{},c2ce606708d55ff37f1bba4fe239fb7950ad0015d4abd8dae9fd4a2bb85cee80,198.0,46453.0,234.61111111111111,199.0,357.20000000000005,444.15,60.0,2787.0,214.37768822775504,19998033.0
"{""task"":""gpqa"",""model_id"":""Qwen/Qwen3-235B-A22B-Thinking-2507"",""gpu_model"":""B200"",""num_gpus"":8,""max_num_seqs"":16,""tensor_parallel"":1,""expert_parallel"":8,""data_parallel"":1,""seed"":48105,""num_request_repeats"":1}",gpqa,Qwen/Qwen3-235B-A22B-Thinking-2507,available,,string,3802169b2a02b81e6adb7ab4f64f91ff02db753c8c3a64a01c35192d3a61d8d7,,{},c2ce606708d55ff37f1bba4fe239fb7950ad0015d4abd8dae9fd4a2bb85cee80,198.0,46453.0,234.61111111111111,199.0,357.20000000000005,444.15,60.0,2787.0,214.37768822775504,19998033.0
"{""task"":""gpqa"",""model_id"":""Qwen/Qwen3-235B-A22B-Thinking-2507"",""gpu_model"":""B200"",""num_gpus"":8,""max_num_seqs"":256,""tensor_parallel"":1,""expert_parallel"":8,""data_parallel"":1,""seed"":48105,""num_request_repeats"":2}",gpqa,Qwen/Qwen3-235B-A22B-Thinking-2507,available,,string,3802169b2a02b81e6adb7ab4f64f91ff02db753c8c3a64a01c35192d3a61d8d7,,{},c2ce606708d55ff37f1bba4fe239fb7950ad0015d4abd8dae9fd4a2bb85cee80,396.0,92906.0,234.61111111111111,199.0,357.20000000000005,444.15,60.0,2787.0,214.37768822775504,39996066.0
"{""task"":""gpqa"",""model_id"":""Qwen/Qwen3-235B-A22B-Thinking-2507"",""gpu_model"":""B200"",""num_gpus"":8,""max_num_seqs"":32,""tensor_parallel"":1,""expert_parallel"":8,""data_parallel"":1,""seed"":48105,""num_request_repeats"":1}",gpqa,Qwen/Qwen3-235B-A22B-Thinking-2507,available,,string,3802169b2a02b81e6adb7ab4f64f91ff02db753c8c3a64a01c35192d3a61d8d7,,{},c2ce606708d55ff37f1bba4fe239fb7950ad0015d4abd8dae9fd4a2bb85cee80,198.0,46453.0,234.61111111111111,199.0,357.20000000000005,444.15,60.0,2787.0,214.37768822775504,19998033.0
"{""task"":""gpqa"",""model_id"":""Qwen/Qwen3-235B-A22B-Thinking-2507"",""gpu_model"":""B200"",""num_gpus"":8,""max_num_seqs"":384,""tensor_parallel"":1,""expert_parallel"":8,""data_parallel"":1,""seed"":48105,""num_request_repeats"":3}",gpqa,Qwen/Qwen3-235B-A22B-Thinking-2507,available,,string,3802169b2a02b81e6adb7ab4f64f91ff02db753c8c3a64a01c35192d3a61d8d7,,{},c2ce606708d55ff37f1bba4fe239fb7950ad0015d4abd8dae9fd4a2bb85cee80,594.0,139359.0,234.61111111111111,199.0,357.20000000000005,444.15,60.0,2787.0,214.37768822775504,59994099.0
"{""task"":""gpqa"",""model_id"":""Qwen/Qwen3-235B-A22B-Thinking-2507"",""gpu_model"":""B200"",""num_gpus"":8,""max_num_seqs"":512,""tensor_parallel"":1,""expert_parallel"":8,""data_parallel"":1,""seed"":48105,""num_request_repeats"":3}",gpqa,Qwen/Qwen3-235B-A22B-Thinking-2507,available,,string,3802169b2a02b81e6adb7ab4f64f91ff02db753c8c3a64a01c35192d3a61d8d7,,{},c2ce606708d55ff37f1bba4fe239fb7950ad0015d4abd8dae9fd4a2bb85cee80,594.0,139359.0,234.61111111111111,199.0,357.20000000000005,444.15,60.0,2787.0,214.37768822775504,59994099.0
"{""task"":""gpqa"",""model_id"":""Qwen/Qwen3-235B-A22B-Thinking-2507"",""gpu_model"":""B200"",""num_gpus"":8,""max_num_seqs"":64,""tensor_parallel"":1,""expert_parallel"":8,""data_parallel"":1,""seed"":48105,""num_request_repeats"":1}",gpqa,Qwen/Qwen3-235B-A22B-Thinking-2507,available,,string,3802169b2a02b81e6adb7ab4f64f91ff02db753c8c3a64a01c35192d3a61d8d7,,{},c2ce606708d55ff37f1bba4fe239fb7950ad0015d4abd8dae9fd4a2bb85cee80,198.0,46453.0,234.61111111111111,199.0,357.20000000000005,444.15,60.0,2787.0,214.37768822775504,19998033.0
"{""task"":""gpqa"",""model_id"":""Qwen/Qwen3-235B-A22B-Thinking-2507"",""gpu_model"":""B200"",""num_gpus"":8,""max_num_seqs"":768,""tensor_parallel"":1,""expert_parallel"":8,""data_parallel"":1,""seed"":48105,""num_request_repeats"":5}",gpqa,Qwen/Qwen3-235B-A22B-Thinking-2507,available,,string,3802169b2a02b81e6adb7ab4f64f91ff02db753c8c3a64a01c35192d3a61d8d7,,{},c2ce606708d55ff37f1bba4fe239fb7950ad0015d4abd8dae9fd4a2bb85cee80,990.0,232265.0,234.61111111111111,199.0,357.20000000000005,444.15,60.0,2787.0,214.37768822775504,99990165.0
"{""task"":""gpqa"",""model_id"":""Qwen/Qwen3-235B-A22B-Thinking-2507"",""gpu_model"":""B200"",""num_gpus"":8,""max_num_seqs"":8,""tensor_parallel"":1,""expert_parallel"":8,""data_parallel"":1,""seed"":48105,""num_request_repeats"":1}",gpqa,Qwen/Qwen3-235B-A22B-Thinking-2507,available,,string,3802169b2a02b81e6adb7ab4f64f91ff02db753c8c3a64a01c35192d3a61d8d7,,{},c2ce606708d55ff37f1bba4fe239fb7950ad0015d4abd8dae9fd4a2bb85cee80,198.0,46453.0,234.61111111111111,199.0,357.20000000000005,444.15,60.0,2787.0,214.37768822775504,19998033.0
"{""task"":""gpqa"",""model_id"":""Qwen/Qwen3-235B-A22B-Thinking-2507"",""gpu_model"":""H100"",""num_gpus"":8,""max_num_seqs"":128,""tensor_parallel"":1,""expert_parallel"":8,""data_parallel"":1,""seed"":48105,""num_request_repeats"":1}",gpqa,Qwen/Qwen3-235B-A22B-Thinking-2507,available,,string,3802169b2a02b81e6adb7ab4f64f91ff02db753c8c3a64a01c35192d3a61d8d7,,{},c2ce606708d55ff37f1bba4fe239fb7950ad0015d4abd8dae9fd4a2bb85cee80,198.0,46453.0,234.61111111111111,199.0,357.20000000000005,444.15,60.0,2787.0,214.37768822775504,19998033.0
"{""task"":""gpqa"",""model_id"":""Qwen/Qwen3-235B-A22B-Thinking-2507"",""gpu_model"":""H100"",""num_gpus"":8,""max_num_seqs"":16,""tensor_parallel"":1,""expert_parallel"":8,""data_parallel"":1,""seed"":48105,""num_request_repeats"":1}",gpqa,Qwen/Qwen3-235B-A22B-Thinking-2507,available,,string,3802169b2a02b81e6adb7ab4f64f91ff02db753c8c3a64a01c35192d3a61d8d7,,{},c2ce606708d55ff37f1bba4fe239fb7950ad0015d4abd8dae9fd4a2bb85cee80,198.0,46453.0,234.61111111111111,199.0,357.20000000000005,444.15,60.0,2787.0,214.37768822775504,19998033.0
"{""task"":""gpqa"",""model_id"":""Qwen/Qwen3-235B-A22B-Thinking-2507"",""gpu_model"":""H100"",""num_gpus"":8,""max_num_seqs"":192,""tensor_parallel"":1,""expert_parallel"":8,""data_parallel"":1,""seed"":48105,""num_request_repeats"":2}",gpqa,Qwen/Qwen3-235B-A22B-Thinking-2507,available,,string,3802169b2a02b81e6adb7ab4f64f91ff02db753c8c3a64a01c35192d3a61d8d7,,{},c2ce606708d55ff37f1bba4fe239fb7950ad0015d4abd8dae9fd4a2bb85cee80,396.0,92906.0,234.61111111111111,199.0,357.20000000000005,444.15,60.0,2787.0,214.37768822775504,39996066.0
"{""task"":""gpqa"",""model_id"":""Qwen/Qwen3-235B-A22B-Thinking-2507"",""gpu_model"":""H100"",""num_gpus"":8,""max_num_seqs"":256,""tensor_parallel"":1,""expert_parallel"":8,""data_parallel"":1,""seed"":48105,""num_request_repeats"":2}",gpqa,Qwen/Qwen3-235B-A22B-Thinking-2507,available,,string,3802169b2a02b81e6adb7ab4f64f91ff02db753c8c3a64a01c35192d3a61d8d7,,{},c2ce606708d55ff37f1bba4fe239fb7950ad0015d4abd8dae9fd4a2bb85cee80,396.0,92906.0,234.61111111111111,199.0,357.20000000000005,444.15,60.0,2787.0,214.37768822775504,39996066.0
"{""task"":""gpqa"",""model_id"":""Qwen/Qwen3-235B-A22B-Thinking-2507"",""gpu_model"":""H100"",""num_gpus"":8,""max_num_seqs"":32,""tensor_parallel"":1,""expert_parallel"":8,""data_parallel"":1,""seed"":48105,""num_request_repeats"":1}",gpqa,Qwen/Qwen3-235B-A22B-Thinking-2507,available,,string,3802169b2a02b81e6adb7ab4f64f91ff02db753c8c3a64a01c35192d3a61d8d7,,{},c2ce606708d55ff37f1bba4fe239fb7950ad0015d4abd8dae9fd4a2bb85cee80,198.0,46453.0,234.61111111111111,199.0,357.20000000000005,444.15,60.0,2787.0,214.37768822775504,19998033.0
"{""task"":""gpqa"",""model_id"":""Qwen/Qwen3-235B-A22B-Thinking-2507"",""gpu_model"":""H100"",""num_gpus"":8,""max_num_seqs"":384,""tensor_parallel"":1,""expert_parallel"":8,""data_parallel"":1,""seed"":48105,""num_request_repeats"":3}",gpqa,Qwen/Qwen3-235B-A22B-Thinking-2507,available,,string,3802169b2a02b81e6adb7ab4f64f91ff02db753c8c3a64a01c35192d3a61d8d7,,{},c2ce606708d55ff37f1bba4fe239fb7950ad0015d4abd8dae9fd4a2bb85cee80,594.0,139359.0,234.61111111111111,199.0,357.20000000000005,444.15,60.0,2787.0,214.37768822775504,59994099.0
"{""task"":""gpqa"",""model_id"":""Qwen/Qwen3-235B-A22B-Thinking-2507"",""gpu_model"":""H100"",""num_gpus"":8,""max_num_seqs"":512,""tensor_parallel"":1,""expert_parallel"":8,""data_parallel"":1,""seed"":48105,""num_request_repeats"":3}",gpqa,Qwen/Qwen3-235B-A22B-Thinking-2507,available,,string,3802169b2a02b81e6adb7ab4f64f91ff02db753c8c3a64a01c35192d3a61d8d7,,{},c2ce606708d55ff37f1bba4fe239fb7950ad0015d4abd8dae9fd4a2bb85cee80,594.0,139359.0,234.61111111111111,199.0,357.20000000000005,444.15,60.0,2787.0,214.37768822775504,59994099.0
"{""task"":""gpqa"",""model_id"":""Qwen/Qwen3-235B-A22B-Thinking-2507"",""gpu_model"":""H100"",""num_gpus"":8,""max_num_seqs"":64,""tensor_parallel"":1,""expert_parallel"":8,""data_parallel"":1,""seed"":48105,""num_request_repeats"":1}",gpqa,Qwen/Qwen3-235B-A22B-Thinking-2507,available,,string,3802169b2a02b81e6adb7ab4f64f91ff02db753c8c3a64a01c35192d3a61d8d7,,{},c2ce606708d55ff37f1bba4fe239fb7950ad0015d4abd8dae9fd4a2bb85cee80,198.0,46453.0,234.61111111111111,199.0,357.20000000000005,444.15,60.0,2787.0,214.37768822775504,19998033.0
"{""task"":""gpqa"",""model_id"":""Qwen/Qwen3-235B-A22B-Thinking-2507"",""gpu_model"":""H100"",""num_gpus"":8,""max_num_seqs"":8,""tensor_parallel"":1,""expert_parallel"":8,""data_parallel"":1,""seed"":48105,""num_request_repeats"":1}",gpqa,Qwen/Qwen3-235B-A22B-Thinking-2507,available,,string,3802169b2a02b81e6adb7ab4f64f91ff02db753c8c3a64a01c35192d3a61d8d7,,{},c2ce606708d55ff37f1bba4fe239fb7950ad0015d4abd8dae9fd4a2bb85cee80,198.0,46453.0,234.61111111111111,199.0,357.20000000000005,444.15,60.0,2787.0,214.37768822775504,19998033.0
"{""task"":""gpqa"",""model_id"":""Qwen/Qwen3-235B-A22B-Thinking-2507"",""gpu_model"":""H100"",""num_gpus"":8,""max_num_seqs"":96,""tensor_parallel"":1,""expert_parallel"":8,""data_parallel"":1,""seed"":48105,""num_request_repeats"":1}",gpqa,Qwen/Qwen3-235B-A22B-Thinking-2507,available,,string,3802169b2a02b81e6adb7ab4f64f91ff02db753c8c3a64a01c35192d3a61d8d7,,{},c2ce606708d55ff37f1bba4fe239fb7950ad0015d4abd8dae9fd4a2bb85cee80,198.0,46453.0,234.61111111111111,199.0,357.20000000000005,444.15,60.0,2787.0,214.37768822775504,19998033.0
"{""task"":""gpqa"",""model_id"":""Qwen/Qwen3-235B-A22B-Thinking-2507-FP8"",""gpu_model"":""B200"",""num_gpus"":2,""max_num_seqs"":1024,""tensor_parallel"":1,""expert_parallel"":2,""data_parallel"":1,""seed"":48105,""num_request_repeats"":6}",gpqa,Qwen/Qwen3-235B-A22B-Thinking-2507-FP8,available,,string,3802169b2a02b81e6adb7ab4f64f91ff02db753c8c3a64a01c35192d3a61d8d7,,{},c2ce606708d55ff37f1bba4fe239fb7950ad0015d4abd8dae9fd4a2bb85cee80,1188.0,278718.0,234.61111111111111,199.0,357.20000000000005,444.15,60.0,2787.0,214.37768822775504,119988198.0
"{""task"":""gpqa"",""model_id"":""Qwen/Qwen3-235B-A22B-Thinking-2507-FP8"",""gpu_model"":""B200"",""num_gpus"":2,""max_num_seqs"":128,""tensor_parallel"":1,""expert_parallel"":2,""data_parallel"":1,""seed"":48105,""num_request_repeats"":1}",gpqa,Qwen/Qwen3-235B-A22B-Thinking-2507-FP8,available,,string,3802169b2a02b81e6adb7ab4f64f91ff02db753c8c3a64a01c35192d3a61d8d7,,{},c2ce606708d55ff37f1bba4fe239fb7950ad0015d4abd8dae9fd4a2bb85cee80,198.0,46453.0,234.61111111111111,199.0,357.20000000000005,444.15,60.0,2787.0,214.37768822775504,19998033.0
"{""task"":""gpqa"",""model_id"":""Qwen/Qwen3-235B-A22B-Thinking-2507-FP8"",""gpu_model"":""B200"",""num_gpus"":2,""max_num_seqs"":16,""tensor_parallel"":1,""expert_parallel"":2,""data_parallel"":1,""seed"":48105,""num_request_repeats"":1}",gpqa,Qwen/Qwen3-235B-A22B-Thinking-2507-FP8,available,,string,3802169b2a02b81e6adb7ab4f64f91ff02db753c8c3a64a01c35192d3a61d8d7,,{},c2ce606708d55ff37f1bba4fe239fb7950ad0015d4abd8dae9fd4a2bb85cee80,198.0,46453.0,234.61111111111111,199.0,357.20000000000005,444.15,60.0,2787.0,214.37768822775504,19998033.0
"{""task"":""gpqa"",""model_id"":""Qwen/Qwen3-235B-A22B-Thinking-2507-FP8"",""gpu_model"":""B200"",""num_gpus"":2,""max_num_seqs"":256,""tensor_parallel"":1,""expert_parallel"":2,""data_parallel"":1,""seed"":48105,""num_request_repeats"":2}",gpqa,Qwen/Qwen3-235B-A22B-Thinking-2507-FP8,available,,string,3802169b2a02b81e6adb7ab4f64f91ff02db753c8c3a64a01c35192d3a61d8d7,,{},c2ce606708d55ff37f1bba4fe239fb7950ad0015d4abd8dae9fd4a2bb85cee80,396.0,92906.0,234.61111111111111,199.0,357.20000000000005,444.15,60.0,2787.0,214.37768822775504,39996066.0
"{""task"":""gpqa"",""model_id"":""Qwen/Qwen3-235B-A22B-Thinking-2507-FP8"",""gpu_model"":""B200"",""num_gpus"":2,""max_num_seqs"":32,""tensor_parallel"":1,""expert_parallel"":2,""data_parallel"":1,""seed"":48105,""num_request_repeats"":1}",gpqa,Qwen/Qwen3-235B-A22B-Thinking-2507-FP8,available,,string,3802169b2a02b81e6adb7ab4f64f91ff02db753c8c3a64a01c35192d3a61d8d7,,{},c2ce606708d55ff37f1bba4fe239fb7950ad0015d4abd8dae9fd4a2bb85cee80,198.0,46453.0,234.61111111111111,199.0,357.20000000000005,444.15,60.0,2787.0,214.37768822775504,19998033.0
"{""task"":""gpqa"",""model_id"":""Qwen/Qwen3-235B-A22B-Thinking-2507-FP8"",""gpu_model"":""B200"",""num_gpus"":2,""max_num_seqs"":384,""tensor_parallel"":1,""expert_parallel"":2,""data_parallel"":1,""seed"":48105,""num_request_repeats"":3}",gpqa,Qwen/Qwen3-235B-A22B-Thinking-2507-FP8,available,,string,3802169b2a02b81e6adb7ab4f64f91ff02db753c8c3a64a01c35192d3a61d8d7,,{},c2ce606708d55ff37f1bba4fe239fb7950ad0015d4abd8dae9fd4a2bb85cee80,594.0,139359.0,234.61111111111111,199.0,357.20000000000005,444.15,60.0,2787.0,214.37768822775504,59994099.0
"{""task"":""gpqa"",""model_id"":""Qwen/Qwen3-235B-A22B-Thinking-2507-FP8"",""gpu_model"":""B200"",""num_gpus"":2,""max_num_seqs"":64,""tensor_parallel"":1,""expert_parallel"":2,""data_parallel"":1,""seed"":48105,""num_request_repeats"":1}",gpqa,Qwen/Qwen3-235B-A22B-Thinking-2507-FP8,available,,string,3802169b2a02b81e6adb7ab4f64f91ff02db753c8c3a64a01c35192d3a61d8d7,,{},c2ce606708d55ff37f1bba4fe239fb7950ad0015d4abd8dae9fd4a2bb85cee80,198.0,46453.0,234.61111111111111,199.0,357.20000000000005,444.15,60.0,2787.0,214.37768822775504,19998033.0
"{""task"":""gpqa"",""model_id"":""Qwen/Qwen3-235B-A22B-Thinking-2507-FP8"",""gpu_model"":""B200"",""num_gpus"":2,""max_num_seqs"":8,""tensor_parallel"":1,""expert_parallel"":2,""data_parallel"":1,""seed"":48105,""num_request_repeats"":1}",gpqa,Qwen/Qwen3-235B-A22B-Thinking-2507-FP8,available,,string,3802169b2a02b81e6adb7ab4f64f91ff02db753c8c3a64a01c35192d3a61d8d7,,{},c2ce606708d55ff37f1bba4fe239fb7950ad0015d4abd8dae9fd4a2bb85cee80,198.0,46453.0,234.61111111111111,199.0,357.20000000000005,444.15,60.0,2787.0,214.37768822775504,19998033.0
"{""task"":""gpqa"",""model_id"":""Qwen/Qwen3-235B-A22B-Thinking-2507-FP8"",""gpu_model"":""B200"",""num_gpus"":4,""max_num_seqs"":1024,""tensor_parallel"":1,""expert_parallel"":4,""data_parallel"":1,""seed"":48105,""num_request_repeats"":6}",gpqa,Qwen/Qwen3-235B-A22B-Thinking-2507-FP8,available,,string,3802169b2a02b81e6adb7ab4f64f91ff02db753c8c3a64a01c35192d3a61d8d7,,{},c2ce606708d55ff37f1bba4fe239fb7950ad0015d4abd8dae9fd4a2bb85cee80,1188.0,278718.0,234.61111111111111,199.0,357.20000000000005,444.15,60.0,2787.0,214.37768822775504,119988198.0
"{""task"":""gpqa"",""model_id"":""Qwen/Qwen3-235B-A22B-Thinking-2507-FP8"",""gpu_model"":""B200"",""num_gpus"":4,""max_num_seqs"":128,""tensor_parallel"":1,""expert_parallel"":4,""data_parallel"":1,""seed"":48105,""num_request_repeats"":1}",gpqa,Qwen/Qwen3-235B-A22B-Thinking-2507-FP8,available,,string,3802169b2a02b81e6adb7ab4f64f91ff02db753c8c3a64a01c35192d3a61d8d7,,{},c2ce606708d55ff37f1bba4fe239fb7950ad0015d4abd8dae9fd4a2bb85cee80,198.0,46453.0,234.61111111111111,199.0,357.20000000000005,444.15,60.0,2787.0,214.37768822775504,19998033.0
"{""task"":""gpqa"",""model_id"":""Qwen/Qwen3-235B-A22B-Thinking-2507-FP8"",""gpu_model"":""B200"",""num_gpus"":4,""max_num_seqs"":16,""tensor_parallel"":1,""expert_parallel"":4,""data_parallel"":1,""seed"":48105,""num_request_repeats"":1}",gpqa,Qwen/Qwen3-235B-A22B-Thinking-2507-FP8,available,,string,3802169b2a02b81e6adb7ab4f64f91ff02db753c8c3a64a01c35192d3a61d8d7,,{},c2ce606708d55ff37f1bba4fe239fb7950ad0015d4abd8dae9fd4a2bb85cee80,198.0,46453.0,234.61111111111111,199.0,357.20000000000005,444.15,60.0,2787.0,214.37768822775504,19998033.0
"{""task"":""gpqa"",""model_id"":""Qwen/Qwen3-235B-A22B-Thinking-2507-FP8"",""gpu_model"":""B200"",""num_gpus"":4,""max_num_seqs"":256,""tensor_parallel"":1,""expert_parallel"":4,""data_parallel"":1,""seed"":48105,""num_request_repeats"":2}",gpqa,Qwen/Qwen3-235B-A22B-Thinking-2507-FP8,available,,string,3802169b2a02b81e6adb7ab4f64f91ff02db753c8c3a64a01c35192d3a61d8d7,,{},c2ce606708d55ff37f1bba4fe239fb7950ad0015d4abd8dae9fd4a2bb85cee80,396.0,92906.0,234.61111111111111,199.0,357.20000000000005,444.15,60.0,2787.0,214.37768822775504,39996066.0
"{""task"":""gpqa"",""model_id"":""Qwen/Qwen3-235B-A22B-Thinking-2507-FP8"",""gpu_model"":""B200"",""num_gpus"":4,""max_num_seqs"":32,""tensor_parallel"":1,""expert_parallel"":4,""data_parallel"":1,""seed"":48105,""num_request_repeats"":1}",gpqa,Qwen/Qwen3-235B-A22B-Thinking-2507-FP8,available,,string,3802169b2a02b81e6adb7ab4f64f91ff02db753c8c3a64a01c35192d3a61d8d7,,{},c2ce606708d55ff37f1bba4fe239fb7950ad0015d4abd8dae9fd4a2bb85cee80,198.0,46453.0,234.61111111111111,199.0,357.20000000000005,444.15,60.0,2787.0,214.37768822775504,19998033.0
"{""task"":""gpqa"",""model_id"":""Qwen/Qwen3-235B-A22B-Thinking-2507-FP8"",""gpu_model"":""B200"",""num_gpus"":4,""max_num_seqs"":384,""tensor_parallel"":1,""expert_parallel"":4,""data_parallel"":1,""seed"":48105,""num_request_repeats"":3}",gpqa,Qwen/Qwen3-235B-A22B-Thinking-2507-FP8,available,,string,3802169b2a02b81e6adb7ab4f64f91ff02db753c8c3a64a01c35192d3a61d8d7,,{},c2ce606708d55ff37f1bba4fe239fb7950ad0015d4abd8dae9fd4a2bb85cee80,594.0,139359.0,234.61111111111111,199.0,357.20000000000005,444.15,60.0,2787.0,214.37768822775504,59994099.0
"{""task"":""gpqa"",""model_id"":""Qwen/Qwen3-235B-A22B-Thinking-2507-FP8"",""gpu_model"":""B200"",""num_gpus"":4,""max_num_seqs"":512,""tensor_parallel"":1,""expert_parallel"":4,""data_parallel"":1,""seed"":48105,""num_request_repeats"":3}",gpqa,Qwen/Qwen3-235B-A22B-Thinking-2507-FP8,available,,string,3802169b2a02b81e6adb7ab4f64f91ff02db753c8c3a64a01c35192d3a61d8d7,,{},c2ce606708d55ff37f1bba4fe239fb7950ad0015d4abd8dae9fd4a2bb85cee80,594.0,139359.0,234.61111111111111,199.0,357.20000000000005,444.15,60.0,2787.0,214.37768822775504,59994099.0
"{""task"":""gpqa"",""model_id"":""Qwen/Qwen3-235B-A22B-Thinking-2507-FP8"",""gpu_model"":""B200"",""num_gpus"":4,""max_num_seqs"":64,""tensor_parallel"":1,""expert_parallel"":4,""data_parallel"":1,""seed"":48105,""num_request_repeats"":1}",gpqa,Qwen/Qwen3-235B-A22B-Thinking-2507-FP8,available,,string,3802169b2a02b81e6adb7ab4f64f91ff02db753c8c3a64a01c35192d3a61d8d7,,{},c2ce606708d55ff37f1bba4fe239fb7950ad0015d4abd8dae9fd4a2bb85cee80,198.0,46453.0,234.61111111111111,199.0,357.20000000000005,444.15,60.0,2787.0,214.37768822775504,19998033.0
"{""task"":""gpqa"",""model_id"":""Qwen/Qwen3-235B-A22B-Thinking-2507-FP8"",""gpu_model"":""B200"",""num_gpus"":4,""max_num_seqs"":8,""tensor_parallel"":1,""expert_parallel"":4,""data_parallel"":1,""seed"":48105,""num_request_repeats"":1}",gpqa,Qwen/Qwen3-235B-A22B-Thinking-2507-FP8,available,,string,3802169b2a02b81e6adb7ab4f64f91ff02db753c8c3a64a01c35192d3a61d8d7,,{},c2ce606708d55ff37f1bba4fe239fb7950ad0015d4abd8dae9fd4a2bb85cee80,198.0,46453.0,234.61111111111111,199.0,357.20000000000005,444.15,60.0,2787.0,214.37768822775504,19998033.0
"{""task"":""gpqa"",""model_id"":""Qwen/Qwen3-235B-A22B-Thinking-2507-FP8"",""gpu_model"":""H100"",""num_gpus"":4,""max_num_seqs"":16,""tensor_parallel"":1,""expert_parallel"":4,""data_parallel"":1,""seed"":48105,""num_request_repeats"":1}",gpqa,Qwen/Qwen3-235B-A22B-Thinking-2507-FP8,available,,string,3802169b2a02b81e6adb7ab4f64f91ff02db753c8c3a64a01c35192d3a61d8d7,,{},c2ce606708d55ff37f1bba4fe239fb7950ad0015d4abd8dae9fd4a2bb85cee80,198.0,46453.0,234.61111111111111,199.0,357.20000000000005,444.15,60.0,2787.0,214.37768822775504,19998033.0
"{""task"":""gpqa"",""model_id"":""Qwen/Qwen3-235B-A22B-Thinking-2507-FP8"",""gpu_model"":""H100"",""num_gpus"":4,""max_num_seqs"":32,""tensor_parallel"":1,""expert_parallel"":4,""data_parallel"":1,""seed"":48105,""num_request_repeats"":1}",gpqa,Qwen/Qwen3-235B-A22B-Thinking-2507-FP8,available,,string,3802169b2a02b81e6adb7ab4f64f91ff02db753c8c3a64a01c35192d3a61d8d7,,{},c2ce606708d55ff37f1bba4fe239fb7950ad0015d4abd8dae9fd4a2bb85cee80,198.0,46453.0,234.61111111111111,199.0,357.20000000000005,444.15,60.0,2787.0,214.37768822775504,19998033.0
"{""task"":""gpqa"",""model_id"":""Qwen/Qwen3-235B-A22B-Thinking-2507-FP8"",""gpu_model"":""H100"",""num_gpus"":4,""max_num_seqs"":64,""tensor_parallel"":1,""expert_parallel"":4,""data_parallel"":1,""seed"":48105,""num_request_repeats"":1}",gpqa,Qwen/Qwen3-235B-A22B-Thinking-2507-FP8,available,,string,3802169b2a02b81e6adb7ab4f64f91ff02db753c8c3a64a01c35192d3a61d8d7,,{},c2ce606708d55ff37f1bba4fe239fb7950ad0015d4abd8dae9fd4a2bb85cee80,198.0,46453.0,234.61111111111111,199.0,357.20000000000005,444.15,60.0,2787.0,214.37768822775504,19998033.0
"{""task"":""gpqa"",""model_id"":""Qwen/Qwen3-235B-A22B-Thinking-2507-FP8"",""gpu_model"":""H100"",""num_gpus"":4,""max_num_seqs"":8,""tensor_parallel"":1,""expert_parallel"":4,""data_parallel"":1,""seed"":48105,""num_request_repeats"":1}",gpqa,Qwen/Qwen3-235B-A22B-Thinking-2507-FP8,available,,string,3802169b2a02b81e6adb7ab4f64f91ff02db753c8c3a64a01c35192d3a61d8d7,,{},c2ce606708d55ff37f1bba4fe239fb7950ad0015d4abd8dae9fd4a2bb85cee80,198.0,46453.0,234.61111111111111,199.0,357.20000000000005,444.15,60.0,2787.0,214.37768822775504,19998033.0
"{""task"":""gpqa"",""model_id"":""Qwen/Qwen3-235B-A22B-Thinking-2507-FP8"",""gpu_model"":""H100"",""num_gpus"":8,""max_num_seqs"":128,""tensor_parallel"":1,""expert_parallel"":8,""data_parallel"":1,""seed"":48105,""num_request_repeats"":1}",gpqa,Qwen/Qwen3-235B-A22B-Thinking-2507-FP8,available,,string,3802169b2a02b81e6adb7ab4f64f91ff02db753c8c3a64a01c35192d3a61d8d7,,{},c2ce606708d55ff37f1bba4fe239fb7950ad0015d4abd8dae9fd4a2bb85cee80,198.0,46453.0,234.61111111111111,199.0,357.20000000000005,444.15,60.0,2787.0,214.37768822775504,19998033.0
"{""task"":""gpqa"",""model_id"":""Qwen/Qwen3-235B-A22B-Thinking-2507-FP8"",""gpu_model"":""H100"",""num_gpus"":8,""max_num_seqs"":16,""tensor_parallel"":1,""expert_parallel"":8,""data_parallel"":1,""seed"":48105,""num_request_repeats"":1}",gpqa,Qwen/Qwen3-235B-A22B-Thinking-2507-FP8,available,,string,3802169b2a02b81e6adb7ab4f64f91ff02db753c8c3a64a01c35192d3a61d8d7,,{},c2ce606708d55ff37f1bba4fe239fb7950ad0015d4abd8dae9fd4a2bb85cee80,198.0,46453.0,234.61111111111111,199.0,357.20000000000005,444.15,60.0,2787.0,214.37768822775504,19998033.0
"{""task"":""gpqa"",""model_id"":""Qwen/Qwen3-235B-A22B-Thinking-2507-FP8"",""gpu_model"":""H100"",""num_gpus"":8,""max_num_seqs"":192,""tensor_parallel"":1,""expert_parallel"":8,""data_parallel"":1,""seed"":48105,""num_request_repeats"":2}",gpqa,Qwen/Qwen3-235B-A22B-Thinking-2507-FP8,available,,string,3802169b2a02b81e6adb7ab4f64f91ff02db753c8c3a64a01c35192d3a61d8d7,,{},c2ce606708d55ff37f1bba4fe239fb7950ad0015d4abd8dae9fd4a2bb85cee80,396.0,92906.0,234.61111111111111,199.0,357.20000000000005,444.15,60.0,2787.0,214.37768822775504,39996066.0
"{""task"":""gpqa"",""model_id"":""Qwen/Qwen3-235B-A22B-Thinking-2507-FP8"",""gpu_model"":""H100"",""num_gpus"":8,""max_num_seqs"":256,""tensor_parallel"":1,""expert_parallel"":8,""data_parallel"":1,""seed"":48105,""num_request_repeats"":2}",gpqa,Qwen/Qwen3-235B-A22B-Thinking-2507-FP8,available,,string,3802169b2a02b81e6adb7ab4f64f91ff02db753c8c3a64a01c35192d3a61d8d7,,{},c2ce606708d55ff37f1bba4fe239fb7950ad0015d4abd8dae9fd4a2bb85cee80,396.0,92906.0,234.61111111111111,199.0,357.20000000000005,444.15,60.0,2787.0,214.37768822775504,39996066.0
"{""task"":""gpqa"",""model_id"":""Qwen/Qwen3-235B-A22B-Thinking-2507-FP8"",""gpu_model"":""H100"",""num_gpus"":8,""max_num_seqs"":32,""tensor_parallel"":1,""expert_parallel"":8,""data_parallel"":1,""seed"":48105,""num_request_repeats"":1}",gpqa,Qwen/Qwen3-235B-A22B-Thinking-2507-FP8,available,,string,3802169b2a02b81e6adb7ab4f64f91ff02db753c8c3a64a01c35192d3a61d8d7,,{},c2ce606708d55ff37f1bba4fe239fb7950ad0015d4abd8dae9fd4a2bb85cee80,198.0,46453.0,234.61111111111111,199.0,357.20000000000005,444.15,60.0,2787.0,214.37768822775504,19998033.0
"{""task"":""gpqa"",""model_id"":""Qwen/Qwen3-235B-A22B-Thinking-2507-FP8"",""gpu_model"":""H100"",""num_gpus"":8,""max_num_seqs"":64,""tensor_parallel"":1,""expert_parallel"":8,""data_parallel"":1,""seed"":48105,""num_request_repeats"":1}",gpqa,Qwen/Qwen3-235B-A22B-Thinking-2507-FP8,available,,string,3802169b2a02b81e6adb7ab4f64f91ff02db753c8c3a64a01c35192d3a61d8d7,,{},c2ce606708d55ff37f1bba4fe239fb7950ad0015d4abd8dae9fd4a2bb85cee80,198.0,46453.0,234.61111111111111,199.0,357.20000000000005,444.15,60.0,2787.0,214.37768822775504,19998033.0
"{""task"":""gpqa"",""model_id"":""Qwen/Qwen3-235B-A22B-Thinking-2507-FP8"",""gpu_model"":""H100"",""num_gpus"":8,""max_num_seqs"":8,""tensor_parallel"":1,""expert_parallel"":8,""data_parallel"":1,""seed"":48105,""num_request_repeats"":1}",gpqa,Qwen/Qwen3-235B-A22B-Thinking-2507-FP8,available,,string,3802169b2a02b81e6adb7ab4f64f91ff02db753c8c3a64a01c35192d3a61d8d7,,{},c2ce606708d55ff37f1bba4fe239fb7950ad0015d4abd8dae9fd4a2bb85cee80,198.0,46453.0,234.61111111111111,199.0,357.20000000000005,444.15,60.0,2787.0,214.37768822775504,19998033.0
"{""task"":""gpqa"",""model_id"":""Qwen/Qwen3-235B-A22B-Thinking-2507-FP8"",""gpu_model"":""H100"",""num_gpus"":8,""max_num_seqs"":96,""tensor_parallel"":1,""expert_parallel"":8,""data_parallel"":1,""seed"":48105,""num_request_repeats"":1}",gpqa,Qwen/Qwen3-235B-A22B-Thinking-2507-FP8,available,,string,3802169b2a02b81e6adb7ab4f64f91ff02db753c8c3a64a01c35192d3a61d8d7,,{},c2ce606708d55ff37f1bba4fe239fb7950ad0015d4abd8dae9fd4a2bb85cee80,198.0,46453.0,234.61111111111111,199.0,357.20000000000005,444.15,60.0,2787.0,214.37768822775504,19998033.0
"{""task"":""gpqa"",""model_id"":""Qwen/Qwen3-30B-A3B-Thinking-2507"",""gpu_model"":""B200"",""num_gpus"":1,""max_num_seqs"":1024,""tensor_parallel"":1,""expert_parallel"":1,""data_parallel"":1,""seed"":48105,""num_request_repeats"":6}",gpqa,Qwen/Qwen3-30B-A3B-Thinking-2507,available,,string,3802169b2a02b81e6adb7ab4f64f91ff02db753c8c3a64a01c35192d3a61d8d7,,{},c2ce606708d55ff37f1bba4fe239fb7950ad0015d4abd8dae9fd4a2bb85cee80,1188.0,278718.0,234.61111111111111,199.0,357.20000000000005,444.15,60.0,2787.0,214.37768822775504,119988198.0
"{""task"":""gpqa"",""model_id"":""Qwen/Qwen3-30B-A3B-Thinking-2507"",""gpu_model"":""B200"",""num_gpus"":1,""max_num_seqs"":128,""tensor_parallel"":1,""expert_parallel"":1,""data_parallel"":1,""seed"":48105,""num_request_repeats"":1}",gpqa,Qwen/Qwen3-30B-A3B-Thinking-2507,available,,string,3802169b2a02b81e6adb7ab4f64f91ff02db753c8c3a64a01c35192d3a61d8d7,,{},c2ce606708d55ff37f1bba4fe239fb7950ad0015d4abd8dae9fd4a2bb85cee80,198.0,46453.0,234.61111111111111,199.0,357.20000000000005,444.15,60.0,2787.0,214.37768822775504,19998033.0
"{""task"":""gpqa"",""model_id"":""Qwen/Qwen3-30B-A3B-Thinking-2507"",""gpu_model"":""B200"",""num_gpus"":1,""max_num_seqs"":16,""tensor_parallel"":1,""expert_parallel"":1,""data_parallel"":1,""seed"":48105,""num_request_repeats"":1}",gpqa,Qwen/Qwen3-30B-A3B-Thinking-2507,available,,string,3802169b2a02b81e6adb7ab4f64f91ff02db753c8c3a64a01c35192d3a61d8d7,,{},c2ce606708d55ff37f1bba4fe239fb7950ad0015d4abd8dae9fd4a2bb85cee80,198.0,46453.0,234.61111111111111,199.0,357.20000000000005,444.15,60.0,2787.0,214.37768822775504,19998033.0
"{""task"":""gpqa"",""model_id"":""Qwen/Qwen3-30B-A3B-Thinking-2507"",""gpu_model"":""B200"",""num_gpus"":1,""max_num_seqs"":256,""tensor_parallel"":1,""expert_parallel"":1,""data_parallel"":1,""seed"":48105,""num_request_repeats"":2}",gpqa,Qwen/Qwen3-30B-A3B-Thinking-2507,available,,string,3802169b2a02b81e6adb7ab4f64f91ff02db753c8c3a64a01c35192d3a61d8d7,,{},c2ce606708d55ff37f1bba4fe239fb7950ad0015d4abd8dae9fd4a2bb85cee80,396.0,92906.0,234.61111111111111,199.0,357.20000000000005,444.15,60.0,2787.0,214.37768822775504,39996066.0
"{""task"":""gpqa"",""model_id"":""Qwen/Qwen3-30B-A3B-Thinking-2507"",""gpu_model"":""B200"",""num_gpus"":1,""max_num_seqs"":32,""tensor_parallel"":1,""expert_parallel"":1,""data_parallel"":1,""seed"":48105,""num_request_repeats"":1}",gpqa,Qwen/Qwen3-30B-A3B-Thinking-2507,available,,string,3802169b2a02b81e6adb7ab4f64f91ff02db753c8c3a64a01c35192d3a61d8d7,,{},c2ce606708d55ff37f1bba4fe239fb7950ad0015d4abd8dae9fd4a2bb85cee80,198.0,46453.0,234.61111111111111,199.0,357.20000000000005,444.15,60.0,2787.0,214.37768822775504,19998033.0
"{""task"":""gpqa"",""model_id"":""Qwen/Qwen3-30B-A3B-Thinking-2507"",""gpu_model"":""B200"",""num_gpus"":1,""max_num_seqs"":512,""tensor_parallel"":1,""expert_parallel"":1,""data_parallel"":1,""seed"":48105,""num_request_repeats"":3}",gpqa,Qwen/Qwen3-30B-A3B-Thinking-2507,available,,string,3802169b2a02b81e6adb7ab4f64f91ff02db753c8c3a64a01c35192d3a61d8d7,,{},c2ce606708d55ff37f1bba4fe239fb7950ad0015d4abd8dae9fd4a2bb85cee80,594.0,139359.0,234.61111111111111,199.0,357.20000000000005,444.15,60.0,2787.0,214.37768822775504,59994099.0
"{""task"":""gpqa"",""model_id"":""Qwen/Qwen3-30B-A3B-Thinking-2507"",""gpu_model"":""B200"",""num_gpus"":1,""max_num_seqs"":64,""tensor_parallel"":1,""expert_parallel"":1,""data_parallel"":1,""seed"":48105,""num_request_repeats"":1}",gpqa,Qwen/Qwen3-30B-A3B-Thinking-2507,available,,string,3802169b2a02b81e6adb7ab4f64f91ff02db753c8c3a64a01c35192d3a61d8d7,,{},c2ce606708d55ff37f1bba4fe239fb7950ad0015d4abd8dae9fd4a2bb85cee80,198.0,46453.0,234.61111111111111,199.0,357.20000000000005,444.15,60.0,2787.0,214.37768822775504,19998033.0
"{""task"":""gpqa"",""model_id"":""Qwen/Qwen3-30B-A3B-Thinking-2507"",""gpu_model"":""B200"",""num_gpus"":1,""max_num_seqs"":8,""tensor_parallel"":1,""expert_parallel"":1,""data_parallel"":1,""seed"":48105,""num_request_repeats"":1}",gpqa,Qwen/Qwen3-30B-A3B-Thinking-2507,available,,string,3802169b2a02b81e6adb7ab4f64f91ff02db753c8c3a64a01c35192d3a61d8d7,,{},c2ce606708d55ff37f1bba4fe239fb7950ad0015d4abd8dae9fd4a2bb85cee80,198.0,46453.0,234.61111111111111,199.0,357.20000000000005,444.15,60.0,2787.0,214.37768822775504,19998033.0
"{""task"":""gpqa"",""model_id"":""Qwen/Qwen3-30B-A3B-Thinking-2507"",""gpu_model"":""H100"",""num_gpus"":1,""max_num_seqs"":128,""tensor_parallel"":1,""expert_parallel"":1,""data_parallel"":1,""seed"":48105,""num_request_repeats"":1}",gpqa,Qwen/Qwen3-30B-A3B-Thinking-2507,available,,string,3802169b2a02b81e6adb7ab4f64f91ff02db753c8c3a64a01c35192d3a61d8d7,,{},c2ce606708d55ff37f1bba4fe239fb7950ad0015d4abd8dae9fd4a2bb85cee80,198.0,46453.0,234.61111111111111,199.0,357.20000000000005,444.15,60.0,2787.0,214.37768822775504,19998033.0
"{""task"":""gpqa"",""model_id"":""Qwen/Qwen3-30B-A3B-Thinking-2507"",""gpu_model"":""H100"",""num_gpus"":1,""max_num_seqs"":16,""tensor_parallel"":1,""expert_parallel"":1,""data_parallel"":1,""seed"":48105,""num_request_repeats"":1}",gpqa,Qwen/Qwen3-30B-A3B-Thinking-2507,available,,string,3802169b2a02b81e6adb7ab4f64f91ff02db753c8c3a64a01c35192d3a61d8d7,,{},c2ce606708d55ff37f1bba4fe239fb7950ad0015d4abd8dae9fd4a2bb85cee80,198.0,46453.0,234.61111111111111,199.0,357.20000000000005,444.15,60.0,2787.0,214.37768822775504,19998033.0
"{""task"":""gpqa"",""model_id"":""Qwen/Qwen3-30B-A3B-Thinking-2507"",""gpu_model"":""H100"",""num_gpus"":1,""max_num_seqs"":192,""tensor_parallel"":1,""expert_parallel"":1,""data_parallel"":1,""seed"":48105,""num_request_repeats"":2}",gpqa,Qwen/Qwen3-30B-A3B-Thinking-2507,available,,string,3802169b2a02b81e6adb7ab4f64f91ff02db753c8c3a64a01c35192d3a61d8d7,,{},c2ce606708d55ff37f1bba4fe239fb7950ad0015d4abd8dae9fd4a2bb85cee80,396.0,92906.0,234.61111111111111,199.0,357.20000000000005,444.15,60.0,2787.0,214.37768822775504,39996066.0
"{""task"":""gpqa"",""model_id"":""Qwen/Qwen3-30B-A3B-Thinking-2507"",""gpu_model"":""H100"",""num_gpus"":1,""max_num_seqs"":256,""tensor_parallel"":1,""expert_parallel"":1,""data_parallel"":1,""seed"":48105,""num_request_repeats"":2}",gpqa,Qwen/Qwen3-30B-A3B-Thinking-2507,available,,string,3802169b2a02b81e6adb7ab4f64f91ff02db753c8c3a64a01c35192d3a61d8d7,,{},c2ce606708d55ff37f1bba4fe239fb7950ad0015d4abd8dae9fd4a2bb85cee80,396.0,92906.0,234.61111111111111,199.0,357.20000000000005,444.15,60.0,2787.0,214.37768822775504,39996066.0
"{""task"":""gpqa"",""model_id"":""Qwen/Qwen3-30B-A3B-Thinking-2507"",""gpu_model"":""H100"",""num_gpus"":1,""max_num_seqs"":32,""tensor_parallel"":1,""expert_parallel"":1,""data_parallel"":1,""seed"":48105,""num_request_repeats"":1}",gpqa,Qwen/Qwen3-30B-A3B-Thinking-2507,available,,string,3802169b2a02b81e6adb7ab4f64f91ff02db753c8c3a64a01c35192d3a61d8d7,,{},c2ce606708d55ff37f1bba4fe239fb7950ad0015d4abd8dae9fd4a2bb85cee80,198.0,46453.0,234.61111111111111,199.0,357.20000000000005,444.15,60.0,2787.0,214.37768822775504,19998033.0
"{""task"":""gpqa"",""model_id"":""Qwen/Qwen3-30B-A3B-Thinking-2507"",""gpu_model"":""H100"",""num_gpus"":1,""max_num_seqs"":384,""tensor_parallel"":1,""expert_parallel"":1,""data_parallel"":1,""seed"":48105,""num_request_repeats"":3}",gpqa,Qwen/Qwen3-30B-A3B-Thinking-2507,available,,string,3802169b2a02b81e6adb7ab4f64f91ff02db753c8c3a64a01c35192d3a61d8d7,,{},c2ce606708d55ff37f1bba4fe239fb7950ad0015d4abd8dae9fd4a2bb85cee80,594.0,139359.0,234.61111111111111,199.0,357.20000000000005,444.15,60.0,2787.0,214.37768822775504,59994099.0
"{""task"":""gpqa"",""model_id"":""Qwen/Qwen3-30B-A3B-Thinking-2507"",""gpu_model"":""H100"",""num_gpus"":1,""max_num_seqs"":512,""tensor_parallel"":1,""expert_parallel"":1,""data_parallel"":1,""seed"":48105,""num_request_repeats"":3}",gpqa,Qwen/Qwen3-30B-A3B-Thinking-2507,available,,string,3802169b2a02b81e6adb7ab4f64f91ff02db753c8c3a64a01c35192d3a61d8d7,,{},c2ce606708d55ff37f1bba4fe239fb7950ad0015d4abd8dae9fd4a2bb85cee80,594.0,139359.0,234.61111111111111,199.0,357.20000000000005,444.15,60.0,2787.0,214.37768822775504,59994099.0
"{""task"":""gpqa"",""model_id"":""Qwen/Qwen3-30B-A3B-Thinking-2507"",""gpu_model"":""H100"",""num_gpus"":1,""max_num_seqs"":64,""tensor_parallel"":1,""expert_parallel"":1,""data_parallel"":1,""seed"":48105,""num_request_repeats"":1}",gpqa,Qwen/Qwen3-30B-A3B-Thinking-2507,available,,string,3802169b2a02b81e6adb7ab4f64f91ff02db753c8c3a64a01c35192d3a61d8d7,,{},c2ce606708d55ff37f1bba4fe239fb7950ad0015d4abd8dae9fd4a2bb85cee80,198.0,46453.0,234.61111111111111,199.0,357.20000000000005,444.15,60.0,2787.0,214.37768822775504,19998033.0
"{""task"":""gpqa"",""model_id"":""Qwen/Qwen3-30B-A3B-Thinking-2507"",""gpu_model"":""H100"",""num_gpus"":1,""max_num_seqs"":8,""tensor_parallel"":1,""expert_parallel"":1,""data_parallel"":1,""seed"":48105,""num_request_repeats"":1}",gpqa,Qwen/Qwen3-30B-A3B-Thinking-2507,available,,string,3802169b2a02b81e6adb7ab4f64f91ff02db753c8c3a64a01c35192d3a61d8d7,,{},c2ce606708d55ff37f1bba4fe239fb7950ad0015d4abd8dae9fd4a2bb85cee80,198.0,46453.0,234.61111111111111,199.0,357.20000000000005,444.15,60.0,2787.0,214.37768822775504,19998033.0
"{""task"":""gpqa"",""model_id"":""Qwen/Qwen3-30B-A3B-Thinking-2507"",""gpu_model"":""H100"",""num_gpus"":1,""max_num_seqs"":96,""tensor_parallel"":1,""expert_parallel"":1,""data_parallel"":1,""seed"":48105,""num_request_repeats"":1}",gpqa,Qwen/Qwen3-30B-A3B-Thinking-2507,available,,string,3802169b2a02b81e6adb7ab4f64f91ff02db753c8c3a64a01c35192d3a61d8d7,,{},c2ce606708d55ff37f1bba4fe239fb7950ad0015d4abd8dae9fd4a2bb85cee80,198.0,46453.0,234.61111111111111,199.0,357.20000000000005,444.15,60.0,2787.0,214.37768822775504,19998033.0
"{""task"":""gpqa"",""model_id"":""Qwen/Qwen3-30B-A3B-Thinking-2507"",""gpu_model"":""H100"",""num_gpus"":2,""max_num_seqs"":128,""tensor_parallel"":1,""expert_parallel"":2,""data_parallel"":1,""seed"":48105,""num_request_repeats"":1}",gpqa,Qwen/Qwen3-30B-A3B-Thinking-2507,available,,string,3802169b2a02b81e6adb7ab4f64f91ff02db753c8c3a64a01c35192d3a61d8d7,,{},c2ce606708d55ff37f1bba4fe239fb7950ad0015d4abd8dae9fd4a2bb85cee80,198.0,46453.0,234.61111111111111,199.0,357.20000000000005,444.15,60.0,2787.0,214.37768822775504,19998033.0
"{""task"":""gpqa"",""model_id"":""Qwen/Qwen3-30B-A3B-Thinking-2507"",""gpu_model"":""H100"",""num_gpus"":2,""max_num_seqs"":16,""tensor_parallel"":1,""expert_parallel"":2,""data_parallel"":1,""seed"":48105,""num_request_repeats"":1}",gpqa,Qwen/Qwen3-30B-A3B-Thinking-2507,available,,string,3802169b2a02b81e6adb7ab4f64f91ff02db753c8c3a64a01c35192d3a61d8d7,,{},c2ce606708d55ff37f1bba4fe239fb7950ad0015d4abd8dae9fd4a2bb85cee80,198.0,46453.0,234.61111111111111,199.0,357.20000000000005,444.15,60.0,2787.0,214.37768822775504,19998033.0
"{""task"":""gpqa"",""model_id"":""Qwen/Qwen3-30B-A3B-Thinking-2507"",""gpu_model"":""H100"",""num_gpus"":2,""max_num_seqs"":192,""tensor_parallel"":1,""expert_parallel"":2,""data_parallel"":1,""seed"":48105,""num_request_repeats"":2}",gpqa,Qwen/Qwen3-30B-A3B-Thinking-2507,available,,string,3802169b2a02b81e6adb7ab4f64f91ff02db753c8c3a64a01c35192d3a61d8d7,,{},c2ce606708d55ff37f1bba4fe239fb7950ad0015d4abd8dae9fd4a2bb85cee80,396.0,92906.0,234.61111111111111,199.0,357.20000000000005,444.15,60.0,2787.0,214.37768822775504,39996066.0
"{""task"":""gpqa"",""model_id"":""Qwen/Qwen3-30B-A3B-Thinking-2507"",""gpu_model"":""H100"",""num_gpus"":2,""max_num_seqs"":256,""tensor_parallel"":1,""expert_parallel"":2,""data_parallel"":1,""seed"":48105,""num_request_repeats"":2}",gpqa,Qwen/Qwen3-30B-A3B-Thinking-2507,available,,string,3802169b2a02b81e6adb7ab4f64f91ff02db753c8c3a64a01c35192d3a61d8d7,,{},c2ce606708d55ff37f1bba4fe239fb7950ad0015d4abd8dae9fd4a2bb85cee80,396.0,92906.0,234.61111111111111,199.0,357.20000000000005,444.15,60.0,2787.0,214.37768822775504,39996066.0
"{""task"":""gpqa"",""model_id"":""Qwen/Qwen3-30B-A3B-Thinking-2507"",""gpu_model"":""H100"",""num_gpus"":2,""max_num_seqs"":32,""tensor_parallel"":1,""expert_parallel"":2,""data_parallel"":1,""seed"":48105,""num_request_repeats"":1}",gpqa,Qwen/Qwen3-30B-A3B-Thinking-2507,available,,string,3802169b2a02b81e6adb7ab4f64f91ff02db753c8c3a64a01c35192d3a61d8d7,,{},c2ce606708d55ff37f1bba4fe239fb7950ad0015d4abd8dae9fd4a2bb85cee80,198.0,46453.0,234.61111111111111,199.0,357.20000000000005,444.15,60.0,2787.0,214.37768822775504,19998033.0
"{""task"":""gpqa"",""model_id"":""Qwen/Qwen3-30B-A3B-Thinking-2507"",""gpu_model"":""H100"",""num_gpus"":2,""max_num_seqs"":384,""tensor_parallel"":1,""expert_parallel"":2,""data_parallel"":1,""seed"":48105,""num_request_repeats"":3}",gpqa,Qwen/Qwen3-30B-A3B-Thinking-2507,available,,string,3802169b2a02b81e6adb7ab4f64f91ff02db753c8c3a64a01c35192d3a61d8d7,,{},c2ce606708d55ff37f1bba4fe239fb7950ad0015d4abd8dae9fd4a2bb85cee80,594.0,139359.0,234.61111111111111,199.0,357.20000000000005,444.15,60.0,2787.0,214.37768822775504,59994099.0
"{""task"":""gpqa"",""model_id"":""Qwen/Qwen3-30B-A3B-Thinking-2507"",""gpu_model"":""H100"",""num_gpus"":2,""max_num_seqs"":512,""tensor_parallel"":1,""expert_parallel"":2,""data_parallel"":1,""seed"":48105,""num_request_repeats"":3}",gpqa,Qwen/Qwen3-30B-A3B-Thinking-2507,available,,string,3802169b2a02b81e6adb7ab4f64f91ff02db753c8c3a64a01c35192d3a61d8d7,,{},c2ce606708d55ff37f1bba4fe239fb7950ad0015d4abd8dae9fd4a2bb85cee80,594.0,139359.0,234.61111111111111,199.0,357.20000000000005,444.15,60.0,2787.0,214.37768822775504,59994099.0
"{""task"":""gpqa"",""model_id"":""Qwen/Qwen3-30B-A3B-Thinking-2507"",""gpu_model"":""H100"",""num_gpus"":2,""max_num_seqs"":64,""tensor_parallel"":1,""expert_parallel"":2,""data_parallel"":1,""seed"":48105,""num_request_repeats"":1}",gpqa,Qwen/Qwen3-30B-A3B-Thinking-2507,available,,string,3802169b2a02b81e6adb7ab4f64f91ff02db753c8c3a64a01c35192d3a61d8d7,,{},c2ce606708d55ff37f1bba4fe239fb7950ad0015d4abd8dae9fd4a2bb85cee80,198.0,46453.0,234.61111111111111,199.0,357.20000000000005,444.15,60.0,2787.0,214.37768822775504,19998033.0
"{""task"":""gpqa"",""model_id"":""Qwen/Qwen3-30B-A3B-Thinking-2507"",""gpu_model"":""H100"",""num_gpus"":2,""max_num_seqs"":8,""tensor_parallel"":1,""expert_parallel"":2,""data_parallel"":1,""seed"":48105,""num_request_repeats"":1}",gpqa,Qwen/Qwen3-30B-A3B-Thinking-2507,available,,string,3802169b2a02b81e6adb7ab4f64f91ff02db753c8c3a64a01c35192d3a61d8d7,,{},c2ce606708d55ff37f1bba4fe239fb7950ad0015d4abd8dae9fd4a2bb85cee80,198.0,46453.0,234.61111111111111,199.0,357.20000000000005,444.15,60.0,2787.0,214.37768822775504,19998033.0
"{""task"":""gpqa"",""model_id"":""Qwen/Qwen3-30B-A3B-Thinking-2507"",""gpu_model"":""H100"",""num_gpus"":2,""max_num_seqs"":96,""tensor_parallel"":1,""expert_parallel"":2,""data_parallel"":1,""seed"":48105,""num_request_repeats"":1}",gpqa,Qwen/Qwen3-30B-A3B-Thinking-2507,available,,string,3802169b2a02b81e6adb7ab4f64f91ff02db753c8c3a64a01c35192d3a61d8d7,,{},c2ce606708d55ff37f1bba4fe239fb7950ad0015d4abd8dae9fd4a2bb85cee80,198.0,46453.0,234.61111111111111,199.0,357.20000000000005,444.15,60.0,2787.0,214.37768822775504,19998033.0
"{""task"":""gpqa"",""model_id"":""Qwen/Qwen3-32B"",""gpu_model"":""B200"",""num_gpus"":1,""max_num_seqs"":128,""tensor_parallel"":1,""expert_parallel"":1,""data_parallel"":1,""seed"":48105,""num_request_repeats"":1}",gpqa,Qwen/Qwen3-32B,available,,string,a55ee1b1660128b7098723e0abcd92caa0788061051c62d51cbe87d9cf1974d8,,"{""enable_thinking"": true}",92db2319450a47dffd0ca08327810bc8cd53fb32eed7e1d08a0ce5601fc31199,198.0,46057.0,232.61111111111111,197.0,355.20000000000005,442.15,58.0,2785.0,214.37768822775504,19813013.0
"{""task"":""gpqa"",""model_id"":""Qwen/Qwen3-32B"",""gpu_model"":""B200"",""num_gpus"":1,""max_num_seqs"":16,""tensor_parallel"":1,""expert_parallel"":1,""data_parallel"":1,""seed"":48105,""num_request_repeats"":1}",gpqa,Qwen/Qwen3-32B,available,,string,a55ee1b1660128b7098723e0abcd92caa0788061051c62d51cbe87d9cf1974d8,,"{""enable_thinking"": true}",92db2319450a47dffd0ca08327810bc8cd53fb32eed7e1d08a0ce5601fc31199,198.0,46057.0,232.61111111111111,197.0,355.20000000000005,442.15,58.0,2785.0,214.37768822775504,19813013.0
"{""task"":""gpqa"",""model_id"":""Qwen/Qwen3-32B"",""gpu_model"":""B200"",""num_gpus"":1,""max_num_seqs"":256,""tensor_parallel"":1,""expert_parallel"":1,""data_parallel"":1,""seed"":48105,""num_request_repeats"":2}",gpqa,Qwen/Qwen3-32B,available,,string,a55ee1b1660128b7098723e0abcd92caa0788061051c62d51cbe87d9cf1974d8,,"{""enable_thinking"": true}",92db2319450a47dffd0ca08327810bc8cd53fb32eed7e1d08a0ce5601fc31199,396.0,92114.0,232.61111111111111,197.0,355.20000000000005,442.15,58.0,2785.0,214.37768822775504,39626026.0
"{""task"":""gpqa"",""model_id"":""Qwen/Qwen3-32B"",""gpu_model"":""B200"",""num_gpus"":1,""max_num_seqs"":32,""tensor_parallel"":1,""expert_parallel"":1,""data_parallel"":1,""seed"":48105,""num_request_repeats"":1}",gpqa,Qwen/Qwen3-32B,available,,string,a55ee1b1660128b7098723e0abcd92caa0788061051c62d51cbe87d9cf1974d8,,"{""enable_thinking"": true}",92db2319450a47dffd0ca08327810bc8cd53fb32eed7e1d08a0ce5601fc31199,198.0,46057.0,232.61111111111111,197.0,355.20000000000005,442.15,58.0,2785.0,214.37768822775504,19813013.0
"{""task"":""gpqa"",""model_id"":""Qwen/Qwen3-32B"",""gpu_model"":""B200"",""num_gpus"":1,""max_num_seqs"":64,""tensor_parallel"":1,""expert_parallel"":1,""data_parallel"":1,""seed"":48105,""num_request_repeats"":1}",gpqa,Qwen/Qwen3-32B,available,,string,a55ee1b1660128b7098723e0abcd92caa0788061051c62d51cbe87d9cf1974d8,,"{""enable_thinking"": true}",92db2319450a47dffd0ca08327810bc8cd53fb32eed7e1d08a0ce5601fc31199,198.0,46057.0,232.61111111111111,197.0,355.20000000000005,442.15,58.0,2785.0,214.37768822775504,19813013.0
"{""task"":""gpqa"",""model_id"":""Qwen/Qwen3-32B"",""gpu_model"":""B200"",""num_gpus"":1,""max_num_seqs"":8,""tensor_parallel"":1,""expert_parallel"":1,""data_parallel"":1,""seed"":48105,""num_request_repeats"":1}",gpqa,Qwen/Qwen3-32B,available,,string,a55ee1b1660128b7098723e0abcd92caa0788061051c62d51cbe87d9cf1974d8,,"{""enable_thinking"": true}",92db2319450a47dffd0ca08327810bc8cd53fb32eed7e1d08a0ce5601fc31199,198.0,46057.0,232.61111111111111,197.0,355.20000000000005,442.15,58.0,2785.0,214.37768822775504,19813013.0
"{""task"":""gpqa"",""model_id"":""Qwen/Qwen3-32B"",""gpu_model"":""H100"",""num_gpus"":2,""max_num_seqs"":128,""tensor_parallel"":2,""expert_parallel"":1,""data_parallel"":1,""seed"":48105,""num_request_repeats"":1}",gpqa,Qwen/Qwen3-32B,available,,string,a55ee1b1660128b7098723e0abcd92caa0788061051c62d51cbe87d9cf1974d8,,"{""enable_thinking"": true}",92db2319450a47dffd0ca08327810bc8cd53fb32eed7e1d08a0ce5601fc31199,198.0,46057.0,232.61111111111111,197.0,355.20000000000005,442.15,58.0,2785.0,214.37768822775504,19813013.0
"{""task"":""gpqa"",""model_id"":""Qwen/Qwen3-32B"",""gpu_model"":""H100"",""num_gpus"":2,""max_num_seqs"":16,""tensor_parallel"":2,""expert_parallel"":1,""data_parallel"":1,""seed"":48105,""num_request_repeats"":1}",gpqa,Qwen/Qwen3-32B,available,,string,a55ee1b1660128b7098723e0abcd92caa0788061051c62d51cbe87d9cf1974d8,,"{""enable_thinking"": true}",92db2319450a47dffd0ca08327810bc8cd53fb32eed7e1d08a0ce5601fc31199,198.0,46057.0,232.61111111111111,197.0,355.20000000000005,442.15,58.0,2785.0,214.37768822775504,19813013.0
"{""task"":""gpqa"",""model_id"":""Qwen/Qwen3-32B"",""gpu_model"":""H100"",""num_gpus"":2,""max_num_seqs"":192,""tensor_parallel"":2,""expert_parallel"":1,""data_parallel"":1,""seed"":48105,""num_request_repeats"":2}",gpqa,Qwen/Qwen3-32B,available,,string,a55ee1b1660128b7098723e0abcd92caa0788061051c62d51cbe87d9cf1974d8,,"{""enable_thinking"": true}",92db2319450a47dffd0ca08327810bc8cd53fb32eed7e1d08a0ce5601fc31199,396.0,92114.0,232.61111111111111,197.0,355.20000000000005,442.15,58.0,2785.0,214.37768822775504,39626026.0
"{""task"":""gpqa"",""model_id"":""Qwen/Qwen3-32B"",""gpu_model"":""H100"",""num_gpus"":2,""max_num_seqs"":256,""tensor_parallel"":2,""expert_parallel"":1,""data_parallel"":1,""seed"":48105,""num_request_repeats"":2}",gpqa,Qwen/Qwen3-32B,available,,string,a55ee1b1660128b7098723e0abcd92caa0788061051c62d51cbe87d9cf1974d8,,"{""enable_thinking"": true}",92db2319450a47dffd0ca08327810bc8cd53fb32eed7e1d08a0ce5601fc31199,396.0,92114.0,232.61111111111111,197.0,355.20000000000005,442.15,58.0,2785.0,214.37768822775504,39626026.0
"{""task"":""gpqa"",""model_id"":""Qwen/Qwen3-32B"",""gpu_model"":""H100"",""num_gpus"":2,""max_num_seqs"":32,""tensor_parallel"":2,""expert_parallel"":1,""data_parallel"":1,""seed"":48105,""num_request_repeats"":1}",gpqa,Qwen/Qwen3-32B,available,,string,a55ee1b1660128b7098723e0abcd92caa0788061051c62d51cbe87d9cf1974d8,,"{""enable_thinking"": true}",92db2319450a47dffd0ca08327810bc8cd53fb32eed7e1d08a0ce5601fc31199,198.0,46057.0,232.61111111111111,197.0,355.20000000000005,442.15,58.0,2785.0,214.37768822775504,19813013.0
"{""task"":""gpqa"",""model_id"":""Qwen/Qwen3-32B"",""gpu_model"":""H100"",""num_gpus"":2,""max_num_seqs"":384,""tensor_parallel"":2,""expert_parallel"":1,""data_parallel"":1,""seed"":48105,""num_request_repeats"":3}",gpqa,Qwen/Qwen3-32B,available,,string,a55ee1b1660128b7098723e0abcd92caa0788061051c62d51cbe87d9cf1974d8,,"{""enable_thinking"": true}",92db2319450a47dffd0ca08327810bc8cd53fb32eed7e1d08a0ce5601fc31199,594.0,138171.0,232.61111111111111,197.0,355.20000000000005,442.15,58.0,2785.0,214.37768822775504,59439039.0
"{""task"":""gpqa"",""model_id"":""Qwen/Qwen3-32B"",""gpu_model"":""H100"",""num_gpus"":2,""max_num_seqs"":512,""tensor_parallel"":2,""expert_parallel"":1,""data_parallel"":1,""seed"":48105,""num_request_repeats"":3}",gpqa,Qwen/Qwen3-32B,available,,string,a55ee1b1660128b7098723e0abcd92caa0788061051c62d51cbe87d9cf1974d8,,"{""enable_thinking"": true}",92db2319450a47dffd0ca08327810bc8cd53fb32eed7e1d08a0ce5601fc31199,594.0,138171.0,232.61111111111111,197.0,355.20000000000005,442.15,58.0,2785.0,214.37768822775504,59439039.0
"{""task"":""gpqa"",""model_id"":""Qwen/Qwen3-32B"",""gpu_model"":""H100"",""num_gpus"":2,""max_num_seqs"":64,""tensor_parallel"":2,""expert_parallel"":1,""data_parallel"":1,""seed"":48105,""num_request_repeats"":1}",gpqa,Qwen/Qwen3-32B,available,,string,a55ee1b1660128b7098723e0abcd92caa0788061051c62d51cbe87d9cf1974d8,,"{""enable_thinking"": true}",92db2319450a47dffd0ca08327810bc8cd53fb32eed7e1d08a0ce5601fc31199,198.0,46057.0,232.61111111111111,197.0,355.20000000000005,442.15,58.0,2785.0,214.37768822775504,19813013.0
"{""task"":""gpqa"",""model_id"":""Qwen/Qwen3-32B"",""gpu_model"":""H100"",""num_gpus"":2,""max_num_seqs"":8,""tensor_parallel"":2,""expert_parallel"":1,""data_parallel"":1,""seed"":48105,""num_request_repeats"":1}",gpqa,Qwen/Qwen3-32B,available,,string,a55ee1b1660128b7098723e0abcd92caa0788061051c62d51cbe87d9cf1974d8,,"{""enable_thinking"": true}",92db2319450a47dffd0ca08327810bc8cd53fb32eed7e1d08a0ce5601fc31199,198.0,46057.0,232.61111111111111,197.0,355.20000000000005,442.15,58.0,2785.0,214.37768822775504,19813013.0
"{""task"":""gpqa"",""model_id"":""Qwen/Qwen3-32B"",""gpu_model"":""H100"",""num_gpus"":2,""max_num_seqs"":96,""tensor_parallel"":2,""expert_parallel"":1,""data_parallel"":1,""seed"":48105,""num_request_repeats"":1}",gpqa,Qwen/Qwen3-32B,available,,string,a55ee1b1660128b7098723e0abcd92caa0788061051c62d51cbe87d9cf1974d8,,"{""enable_thinking"": true}",92db2319450a47dffd0ca08327810bc8cd53fb32eed7e1d08a0ce5601fc31199,198.0,46057.0,232.61111111111111,197.0,355.20000000000005,442.15,58.0,2785.0,214.37768822775504,19813013.0
"{""task"":""gpqa"",""model_id"":""Qwen/Qwen3-8B"",""gpu_model"":""B200"",""num_gpus"":1,""max_num_seqs"":128,""tensor_parallel"":1,""expert_parallel"":1,""data_parallel"":1,""seed"":48105,""num_request_repeats"":1}",gpqa,Qwen/Qwen3-8B,available,,string,a55ee1b1660128b7098723e0abcd92caa0788061051c62d51cbe87d9cf1974d8,,"{""enable_thinking"": true}",92db2319450a47dffd0ca08327810bc8cd53fb32eed7e1d08a0ce5601fc31199,198.0,46057.0,232.61111111111111,197.0,355.20000000000005,442.15,58.0,2785.0,214.37768822775504,19813013.0
"{""task"":""gpqa"",""model_id"":""Qwen/Qwen3-8B"",""gpu_model"":""B200"",""num_gpus"":1,""max_num_seqs"":16,""tensor_parallel"":1,""expert_parallel"":1,""data_parallel"":1,""seed"":48105,""num_request_repeats"":1}",gpqa,Qwen/Qwen3-8B,available,,string,a55ee1b1660128b7098723e0abcd92caa0788061051c62d51cbe87d9cf1974d8,,"{""enable_thinking"": true}",92db2319450a47dffd0ca08327810bc8cd53fb32eed7e1d08a0ce5601fc31199,198.0,46057.0,232.61111111111111,197.0,355.20000000000005,442.15,58.0,2785.0,214.37768822775504,19813013.0
"{""task"":""gpqa"",""model_id"":""Qwen/Qwen3-8B"",""gpu_model"":""B200"",""num_gpus"":1,""max_num_seqs"":256,""tensor_parallel"":1,""expert_parallel"":1,""data_parallel"":1,""seed"":48105,""num_request_repeats"":2}",gpqa,Qwen/Qwen3-8B,available,,string,a55ee1b1660128b7098723e0abcd92caa0788061051c62d51cbe87d9cf1974d8,,"{""enable_thinking"": true}",92db2319450a47dffd0ca08327810bc8cd53fb32eed7e1d08a0ce5601fc31199,396.0,92114.0,232.61111111111111,197.0,355.20000000000005,442.15,58.0,2785.0,214.37768822775504,39626026.0
"{""task"":""gpqa"",""model_id"":""Qwen/Qwen3-8B"",""gpu_model"":""B200"",""num_gpus"":1,""max_num_seqs"":32,""tensor_parallel"":1,""expert_parallel"":1,""data_parallel"":1,""seed"":48105,""num_request_repeats"":1}",gpqa,Qwen/Qwen3-8B,available,,string,a55ee1b1660128b7098723e0abcd92caa0788061051c62d51cbe87d9cf1974d8,,"{""enable_thinking"": true}",92db2319450a47dffd0ca08327810bc8cd53fb32eed7e1d08a0ce5601fc31199,198.0,46057.0,232.61111111111111,197.0,355.20000000000005,442.15,58.0,2785.0,214.37768822775504,19813013.0
"{""task"":""gpqa"",""model_id"":""Qwen/Qwen3-8B"",""gpu_model"":""B200"",""num_gpus"":1,""max_num_seqs"":64,""tensor_parallel"":1,""expert_parallel"":1,""data_parallel"":1,""seed"":48105,""num_request_repeats"":1}",gpqa,Qwen/Qwen3-8B,available,,string,a55ee1b1660128b7098723e0abcd92caa0788061051c62d51cbe87d9cf1974d8,,"{""enable_thinking"": true}",92db2319450a47dffd0ca08327810bc8cd53fb32eed7e1d08a0ce5601fc31199,198.0,46057.0,232.61111111111111,197.0,355.20000000000005,442.15,58.0,2785.0,214.37768822775504,19813013.0
"{""task"":""gpqa"",""model_id"":""Qwen/Qwen3-8B"",""gpu_model"":""B200"",""num_gpus"":1,""max_num_seqs"":8,""tensor_parallel"":1,""expert_parallel"":1,""data_parallel"":1,""seed"":48105,""num_request_repeats"":1}",gpqa,Qwen/Qwen3-8B,available,,string,a55ee1b1660128b7098723e0abcd92caa0788061051c62d51cbe87d9cf1974d8,,"{""enable_thinking"": true}",92db2319450a47dffd0ca08327810bc8cd53fb32eed7e1d08a0ce5601fc31199,198.0,46057.0,232.61111111111111,197.0,355.20000000000005,442.15,58.0,2785.0,214.37768822775504,19813013.0
"{""task"":""gpqa"",""model_id"":""Qwen/Qwen3-8B"",""gpu_model"":""H100"",""num_gpus"":1,""max_num_seqs"":128,""tensor_parallel"":1,""expert_parallel"":1,""data_parallel"":1,""seed"":48105,""num_request_repeats"":1}",gpqa,Qwen/Qwen3-8B,available,,string,a55ee1b1660128b7098723e0abcd92caa0788061051c62d51cbe87d9cf1974d8,,"{""enable_thinking"": true}",92db2319450a47dffd0ca08327810bc8cd53fb32eed7e1d08a0ce5601fc31199,198.0,46057.0,232.61111111111111,197.0,355.20000000000005,442.15,58.0,2785.0,214.37768822775504,19813013.0
"{""task"":""gpqa"",""model_id"":""Qwen/Qwen3-8B"",""gpu_model"":""H100"",""num_gpus"":1,""max_num_seqs"":16,""tensor_parallel"":1,""expert_parallel"":1,""data_parallel"":1,""seed"":48105,""num_request_repeats"":1}",gpqa,Qwen/Qwen3-8B,available,,string,a55ee1b1660128b7098723e0abcd92caa0788061051c62d51cbe87d9cf1974d8,,"{""enable_thinking"": true}",92db2319450a47dffd0ca08327810bc8cd53fb32eed7e1d08a0ce5601fc31199,198.0,46057.0,232.61111111111111,197.0,355.20000000000005,442.15,58.0,2785.0,214.37768822775504,19813013.0
"{""task"":""gpqa"",""model_id"":""Qwen/Qwen3-8B"",""gpu_model"":""H100"",""num_gpus"":1,""max_num_seqs"":192,""tensor_parallel"":1,""expert_parallel"":1,""data_parallel"":1,""seed"":48105,""num_request_repeats"":2}",gpqa,Qwen/Qwen3-8B,available,,string,a55ee1b1660128b7098723e0abcd92caa0788061051c62d51cbe87d9cf1974d8,,"{""enable_thinking"": true}",92db2319450a47dffd0ca08327810bc8cd53fb32eed7e1d08a0ce5601fc31199,396.0,92114.0,232.61111111111111,197.0,355.20000000000005,442.15,58.0,2785.0,214.37768822775504,39626026.0
"{""task"":""gpqa"",""model_id"":""Qwen/Qwen3-8B"",""gpu_model"":""H100"",""num_gpus"":1,""max_num_seqs"":256,""tensor_parallel"":1,""expert_parallel"":1,""data_parallel"":1,""seed"":48105,""num_request_repeats"":2}",gpqa,Qwen/Qwen3-8B,available,,string,a55ee1b1660128b7098723e0abcd92caa0788061051c62d51cbe87d9cf1974d8,,"{""enable_thinking"": true}",92db2319450a47dffd0ca08327810bc8cd53fb32eed7e1d08a0ce5601fc31199,396.0,92114.0,232.61111111111111,197.0,355.20000000000005,442.15,58.0,2785.0,214.37768822775504,39626026.0
"{""task"":""gpqa"",""model_id"":""Qwen/Qwen3-8B"",""gpu_model"":""H100"",""num_gpus"":1,""max_num_seqs"":32,""tensor_parallel"":1,""expert_parallel"":1,""data_parallel"":1,""seed"":48105,""num_request_repeats"":1}",gpqa,Qwen/Qwen3-8B,available,,string,a55ee1b1660128b7098723e0abcd92caa0788061051c62d51cbe87d9cf1974d8,,"{""enable_thinking"": true}",92db2319450a47dffd0ca08327810bc8cd53fb32eed7e1d08a0ce5601fc31199,198.0,46057.0,232.61111111111111,197.0,355.20000000000005,442.15,58.0,2785.0,214.37768822775504,19813013.0
"{""task"":""gpqa"",""model_id"":""Qwen/Qwen3-8B"",""gpu_model"":""H100"",""num_gpus"":1,""max_num_seqs"":384,""tensor_parallel"":1,""expert_parallel"":1,""data_parallel"":1,""seed"":48105,""num_request_repeats"":3}",gpqa,Qwen/Qwen3-8B,available,,string,a55ee1b1660128b7098723e0abcd92caa0788061051c62d51cbe87d9cf1974d8,,"{""enable_thinking"": true}",92db2319450a47dffd0ca08327810bc8cd53fb32eed7e1d08a0ce5601fc31199,594.0,138171.0,232.61111111111111,197.0,355.20000000000005,442.15,58.0,2785.0,214.37768822775504,59439039.0
"{""task"":""gpqa"",""model_id"":""Qwen/Qwen3-8B"",""gpu_model"":""H100"",""num_gpus"":1,""max_num_seqs"":512,""tensor_parallel"":1,""expert_parallel"":1,""data_parallel"":1,""seed"":48105,""num_request_repeats"":3}",gpqa,Qwen/Qwen3-8B,available,,string,a55ee1b1660128b7098723e0abcd92caa0788061051c62d51cbe87d9cf1974d8,,"{""enable_thinking"": true}",92db2319450a47dffd0ca08327810bc8cd53fb32eed7e1d08a0ce5601fc31199,594.0,138171.0,232.61111111111111,197.0,355.20000000000005,442.15,58.0,2785.0,214.37768822775504,59439039.0
"{""task"":""gpqa"",""model_id"":""Qwen/Qwen3-8B"",""gpu_model"":""H100"",""num_gpus"":1,""max_num_seqs"":64,""tensor_parallel"":1,""expert_parallel"":1,""data_parallel"":1,""seed"":48105,""num_request_repeats"":1}",gpqa,Qwen/Qwen3-8B,available,,string,a55ee1b1660128b7098723e0abcd92caa0788061051c62d51cbe87d9cf1974d8,,"{""enable_thinking"": true}",92db2319450a47dffd0ca08327810bc8cd53fb32eed7e1d08a0ce5601fc31199,198.0,46057.0,232.61111111111111,197.0,355.20000000000005,442.15,58.0,2785.0,214.37768822775504,19813013.0
"{""task"":""gpqa"",""model_id"":""Qwen/Qwen3-8B"",""gpu_model"":""H100"",""num_gpus"":1,""max_num_seqs"":8,""tensor_parallel"":1,""expert_parallel"":1,""data_parallel"":1,""seed"":48105,""num_request_repeats"":1}",gpqa,Qwen/Qwen3-8B,available,,string,a55ee1b1660128b7098723e0abcd92caa0788061051c62d51cbe87d9cf1974d8,,"{""enable_thinking"": true}",92db2319450a47dffd0ca08327810bc8cd53fb32eed7e1d08a0ce5601fc31199,198.0,46057.0,232.61111111111111,197.0,355.20000000000005,442.15,58.0,2785.0,214.37768822775504,19813013.0
"{""task"":""gpqa"",""model_id"":""Qwen/Qwen3-8B"",""gpu_model"":""H100"",""num_gpus"":1,""max_num_seqs"":96,""tensor_parallel"":1,""expert_parallel"":1,""data_parallel"":1,""seed"":48105,""num_request_repeats"":1}",gpqa,Qwen/Qwen3-8B,available,,string,a55ee1b1660128b7098723e0abcd92caa0788061051c62d51cbe87d9cf1974d8,,"{""enable_thinking"": true}",92db2319450a47dffd0ca08327810bc8cd53fb32eed7e1d08a0ce5601fc31199,198.0,46057.0,232.61111111111111,197.0,355.20000000000005,442.15,58.0,2785.0,214.37768822775504,19813013.0
"{""task"":""gpqa"",""model_id"":""deepseek-ai/DeepSeek-R1-0528"",""gpu_model"":""B200"",""num_gpus"":8,""max_num_seqs"":128,""tensor_parallel"":1,""expert_parallel"":8,""data_parallel"":1,""seed"":48105,""num_request_repeats"":1}",gpqa,deepseek-ai/DeepSeek-R1-0528,available,,string,53671bac29bcb3e1f95f51b8c77d85a6011b66dc38bd23dce64eef04384a976b,,{},4d0814da242bbd52fa3fda70de8b86bac85b2f937ef33083d6c2efe4952d0a47,198.0,42050.0,212.37373737373738,181.5,328.6,409.6999999999996,54.0,2536.0,194.95392285754912,16455708.0
"{""task"":""gpqa"",""model_id"":""deepseek-ai/DeepSeek-R1-0528"",""gpu_model"":""B200"",""num_gpus"":8,""max_num_seqs"":16,""tensor_parallel"":1,""expert_parallel"":8,""data_parallel"":1,""seed"":48105,""num_request_repeats"":1}",gpqa,deepseek-ai/DeepSeek-R1-0528,available,,string,53671bac29bcb3e1f95f51b8c77d85a6011b66dc38bd23dce64eef04384a976b,,{},4d0814da242bbd52fa3fda70de8b86bac85b2f937ef33083d6c2efe4952d0a47,198.0,42050.0,212.37373737373738,181.5,328.6,409.6999999999996,54.0,2536.0,194.95392285754912,16455708.0
"{""task"":""gpqa"",""model_id"":""deepseek-ai/DeepSeek-R1-0528"",""gpu_model"":""B200"",""num_gpus"":8,""max_num_seqs"":256,""tensor_parallel"":1,""expert_parallel"":8,""data_parallel"":1,""seed"":48105,""num_request_repeats"":2}",gpqa,deepseek-ai/DeepSeek-R1-0528,available,,string,53671bac29bcb3e1f95f51b8c77d85a6011b66dc38bd23dce64eef04384a976b,,{},4d0814da242bbd52fa3fda70de8b86bac85b2f937ef33083d6c2efe4952d0a47,396.0,84100.0,212.37373737373738,181.5,328.6,409.6999999999996,54.0,2536.0,194.95392285754912,32911416.0
"{""task"":""gpqa"",""model_id"":""deepseek-ai/DeepSeek-R1-0528"",""gpu_model"":""B200"",""num_gpus"":8,""max_num_seqs"":32,""tensor_parallel"":1,""expert_parallel"":8,""data_parallel"":1,""seed"":48105,""num_request_repeats"":1}",gpqa,deepseek-ai/DeepSeek-R1-0528,available,,string,53671bac29bcb3e1f95f51b8c77d85a6011b66dc38bd23dce64eef04384a976b,,{},4d0814da242bbd52fa3fda70de8b86bac85b2f937ef33083d6c2efe4952d0a47,198.0,42050.0,212.37373737373738,181.5,328.6,409.6999999999996,54.0,2536.0,194.95392285754912,16455708.0
"{""task"":""gpqa"",""model_id"":""deepseek-ai/DeepSeek-R1-0528"",""gpu_model"":""B200"",""num_gpus"":8,""max_num_seqs"":64,""tensor_parallel"":1,""expert_parallel"":8,""data_parallel"":1,""seed"":48105,""num_request_repeats"":1}",gpqa,deepseek-ai/DeepSeek-R1-0528,available,,string,53671bac29bcb3e1f95f51b8c77d85a6011b66dc38bd23dce64eef04384a976b,,{},4d0814da242bbd52fa3fda70de8b86bac85b2f937ef33083d6c2efe4952d0a47,198.0,42050.0,212.37373737373738,181.5,328.6,409.6999999999996,54.0,2536.0,194.95392285754912,16455708.0
"{""task"":""gpqa"",""model_id"":""deepseek-ai/DeepSeek-R1-0528"",""gpu_model"":""B200"",""num_gpus"":8,""max_num_seqs"":8,""tensor_parallel"":1,""expert_parallel"":8,""data_parallel"":1,""seed"":48105,""num_request_repeats"":1}",gpqa,deepseek-ai/DeepSeek-R1-0528,available,,string,53671bac29bcb3e1f95f51b8c77d85a6011b66dc38bd23dce64eef04384a976b,,{},4d0814da242bbd52fa3fda70de8b86bac85b2f937ef33083d6c2efe4952d0a47,198.0,42050.0,212.37373737373738,181.5,328.6,409.6999999999996,54.0,2536.0,194.95392285754912,16455708.0
"{""task"":""gpqa"",""model_id"":""deepseek-ai/DeepSeek-V3.1"",""gpu_model"":""B200"",""num_gpus"":8,""max_num_seqs"":128,""tensor_parallel"":1,""expert_parallel"":8,""data_parallel"":1,""seed"":48105,""num_request_repeats"":1}",gpqa,deepseek-ai/DeepSeek-V3.1,available,,string,45690185067ea25c073bff2d3e425a45ee2564d2bbf6cdf7d885e139d460b8e0,,"{""thinking"": true}",c0788f49c63c24f2c9bfbbcefb28a2a3d8079c24742847fc4dfc4ead935806c1,198.0,42248.0,213.37373737373738,182.5,329.6,410.6999999999996,55.0,2537.0,194.95392285754912,16540006.0
"{""task"":""gpqa"",""model_id"":""deepseek-ai/DeepSeek-V3.1"",""gpu_model"":""B200"",""num_gpus"":8,""max_num_seqs"":16,""tensor_parallel"":1,""expert_parallel"":8,""data_parallel"":1,""seed"":48105,""num_request_repeats"":1}",gpqa,deepseek-ai/DeepSeek-V3.1,available,,string,45690185067ea25c073bff2d3e425a45ee2564d2bbf6cdf7d885e139d460b8e0,,"{""thinking"": true}",c0788f49c63c24f2c9bfbbcefb28a2a3d8079c24742847fc4dfc4ead935806c1,198.0,42248.0,213.37373737373738,182.5,329.6,410.6999999999996,55.0,2537.0,194.95392285754912,16540006.0
"{""task"":""gpqa"",""model_id"":""deepseek-ai/DeepSeek-V3.1"",""gpu_model"":""B200"",""num_gpus"":8,""max_num_seqs"":256,""tensor_parallel"":1,""expert_parallel"":8,""data_parallel"":1,""seed"":48105,""num_request_repeats"":2}",gpqa,deepseek-ai/DeepSeek-V3.1,available,,string,45690185067ea25c073bff2d3e425a45ee2564d2bbf6cdf7d885e139d460b8e0,,"{""thinking"": true}",c0788f49c63c24f2c9bfbbcefb28a2a3d8079c24742847fc4dfc4ead935806c1,396.0,84496.0,213.37373737373738,182.5,329.6,410.6999999999996,55.0,2537.0,194.95392285754912,33080012.0
"{""task"":""gpqa"",""model_id"":""deepseek-ai/DeepSeek-V3.1"",""gpu_model"":""B200"",""num_gpus"":8,""max_num_seqs"":32,""tensor_parallel"":1,""expert_parallel"":8,""data_parallel"":1,""seed"":48105,""num_request_repeats"":1}",gpqa,deepseek-ai/DeepSeek-V3.1,available,,string,45690185067ea25c073bff2d3e425a45ee2564d2bbf6cdf7d885e139d460b8e0,,"{""thinking"": true}",c0788f49c63c24f2c9bfbbcefb28a2a3d8079c24742847fc4dfc4ead935806c1,198.0,42248.0,213.37373737373738,182.5,329.6,410.6999999999996,55.0,2537.0,194.95392285754912,16540006.0
"{""task"":""gpqa"",""model_id"":""deepseek-ai/DeepSeek-V3.1"",""gpu_model"":""B200"",""num_gpus"":8,""max_num_seqs"":64,""tensor_parallel"":1,""expert_parallel"":8,""data_parallel"":1,""seed"":48105,""num_request_repeats"":1}",gpqa,deepseek-ai/DeepSeek-V3.1,available,,string,45690185067ea25c073bff2d3e425a45ee2564d2bbf6cdf7d885e139d460b8e0,,"{""thinking"": true}",c0788f49c63c24f2c9bfbbcefb28a2a3d8079c24742847fc4dfc4ead935806c1,198.0,42248.0,213.37373737373738,182.5,329.6,410.6999999999996,55.0,2537.0,194.95392285754912,16540006.0
"{""task"":""gpqa"",""model_id"":""deepseek-ai/DeepSeek-V3.1"",""gpu_model"":""B200"",""num_gpus"":8,""max_num_seqs"":8,""tensor_parallel"":1,""expert_parallel"":8,""data_parallel"":1,""seed"":48105,""num_request_repeats"":1}",gpqa,deepseek-ai/DeepSeek-V3.1,available,,string,45690185067ea25c073bff2d3e425a45ee2564d2bbf6cdf7d885e139d460b8e0,,"{""thinking"": true}",c0788f49c63c24f2c9bfbbcefb28a2a3d8079c24742847fc4dfc4ead935806c1,198.0,42248.0,213.37373737373738,182.5,329.6,410.6999999999996,55.0,2537.0,194.95392285754912,16540006.0
"{""task"":""gpqa"",""model_id"":""nvidia/NVIDIA-Nemotron-Nano-12B-v2"",""gpu_model"":""B200"",""num_gpus"":1,""max_num_seqs"":128,""tensor_parallel"":1,""expert_parallel"":1,""data_parallel"":1,""seed"":48105,""num_request_repeats"":1}",gpqa,nvidia/NVIDIA-Nemotron-Nano-12B-v2,available,,string,b7a3a520a4bc1beae6a25d615f9215580df8eea926f488256c2bef74039433c0,9d70f331a9e3c5ca1beec58d047bee71342344ac46471629a37545224aa1ad7d,{},0481823b262c41f826720f83afa5e3379fa72d6f0c924002882e79c653850424,198.0,45498.0,229.78787878787878,197.5,343.6,407.0999999999992,65.0,2968.0,221.05115147912696,20129884.0
"{""task"":""gpqa"",""model_id"":""nvidia/NVIDIA-Nemotron-Nano-12B-v2"",""gpu_model"":""B200"",""num_gpus"":1,""max_num_seqs"":16,""tensor_parallel"":1,""expert_parallel"":1,""data_parallel"":1,""seed"":48105,""num_request_repeats"":1}",gpqa,nvidia/NVIDIA-Nemotron-Nano-12B-v2,available,,string,b7a3a520a4bc1beae6a25d615f9215580df8eea926f488256c2bef74039433c0,9d70f331a9e3c5ca1beec58d047bee71342344ac46471629a37545224aa1ad7d,{},0481823b262c41f826720f83afa5e3379fa72d6f0c924002882e79c653850424,198.0,45498.0,229.78787878787878,197.5,343.6,407.0999999999992,65.0,2968.0,221.05115147912696,20129884.0
"{""task"":""gpqa"",""model_id"":""nvidia/NVIDIA-Nemotron-Nano-12B-v2"",""gpu_model"":""B200"",""num_gpus"":1,""max_num_seqs"":256,""tensor_parallel"":1,""expert_parallel"":1,""data_parallel"":1,""seed"":48105,""num_request_repeats"":2}",gpqa,nvidia/NVIDIA-Nemotron-Nano-12B-v2,available,,string,b7a3a520a4bc1beae6a25d615f9215580df8eea926f488256c2bef74039433c0,9d70f331a9e3c5ca1beec58d047bee71342344ac46471629a37545224aa1ad7d,{},0481823b262c41f826720f83afa5e3379fa72d6f0c924002882e79c653850424,396.0,90996.0,229.78787878787878,197.5,343.6,407.0999999999992,65.0,2968.0,221.05115147912696,40259768.0
"{""task"":""gpqa"",""model_id"":""nvidia/NVIDIA-Nemotron-Nano-12B-v2"",""gpu_model"":""B200"",""num_gpus"":1,""max_num_seqs"":32,""tensor_parallel"":1,""expert_parallel"":1,""data_parallel"":1,""seed"":48105,""num_request_repeats"":1}",gpqa,nvidia/NVIDIA-Nemotron-Nano-12B-v2,available,,string,b7a3a520a4bc1beae6a25d615f9215580df8eea926f488256c2bef74039433c0,9d70f331a9e3c5ca1beec58d047bee71342344ac46471629a37545224aa1ad7d,{},0481823b262c41f826720f83afa5e3379fa72d6f0c924002882e79c653850424,198.0,45498.0,229.78787878787878,197.5,343.6,407.0999999999992,65.0,2968.0,221.05115147912696,20129884.0
"{""task"":""gpqa"",""model_id"":""nvidia/NVIDIA-Nemotron-Nano-12B-v2"",""gpu_model"":""B200"",""num_gpus"":1,""max_num_seqs"":64,""tensor_parallel"":1,""expert_parallel"":1,""data_parallel"":1,""seed"":48105,""num_request_repeats"":1}",gpqa,nvidia/NVIDIA-Nemotron-Nano-12B-v2,available,,string,b7a3a520a4bc1beae6a25d615f9215580df8eea926f488256c2bef74039433c0,9d70f331a9e3c5ca1beec58d047bee71342344ac46471629a37545224aa1ad7d,{},0481823b262c41f826720f83afa5e3379fa72d6f0c924002882e79c653850424,198.0,45498.0,229.78787878787878,197.5,343.6,407.0999999999992,65.0,2968.0,221.05115147912696,20129884.0
"{""task"":""gpqa"",""model_id"":""nvidia/NVIDIA-Nemotron-Nano-12B-v2"",""gpu_model"":""B200"",""num_gpus"":1,""max_num_seqs"":8,""tensor_parallel"":1,""expert_parallel"":1,""data_parallel"":1,""seed"":48105,""num_request_repeats"":1}",gpqa,nvidia/NVIDIA-Nemotron-Nano-12B-v2,available,,string,b7a3a520a4bc1beae6a25d615f9215580df8eea926f488256c2bef74039433c0,9d70f331a9e3c5ca1beec58d047bee71342344ac46471629a37545224aa1ad7d,{},0481823b262c41f826720f83afa5e3379fa72d6f0c924002882e79c653850424,198.0,45498.0,229.78787878787878,197.5,343.6,407.0999999999992,65.0,2968.0,221.05115147912696,20129884.0
"{""task"":""gpqa"",""model_id"":""nvidia/NVIDIA-Nemotron-Nano-12B-v2"",""gpu_model"":""H100"",""num_gpus"":1,""max_num_seqs"":128,""tensor_parallel"":1,""expert_parallel"":1,""data_parallel"":1,""seed"":48105,""num_request_repeats"":1}",gpqa,nvidia/NVIDIA-Nemotron-Nano-12B-v2,available,,string,b7a3a520a4bc1beae6a25d615f9215580df8eea926f488256c2bef74039433c0,9d70f331a9e3c5ca1beec58d047bee71342344ac46471629a37545224aa1ad7d,{},0481823b262c41f826720f83afa5e3379fa72d6f0c924002882e79c653850424,198.0,45498.0,229.78787878787878,197.5,343.6,407.0999999999992,65.0,2968.0,221.05115147912696,20129884.0
"{""task"":""gpqa"",""model_id"":""nvidia/NVIDIA-Nemotron-Nano-12B-v2"",""gpu_model"":""H100"",""num_gpus"":1,""max_num_seqs"":16,""tensor_parallel"":1,""expert_parallel"":1,""data_parallel"":1,""seed"":48105,""num_request_repeats"":1}",gpqa,nvidia/NVIDIA-Nemotron-Nano-12B-v2,available,,string,b7a3a520a4bc1beae6a25d615f9215580df8eea926f488256c2bef74039433c0,9d70f331a9e3c5ca1beec58d047bee71342344ac46471629a37545224aa1ad7d,{},0481823b262c41f826720f83afa5e3379fa72d6f0c924002882e79c653850424,198.0,45498.0,229.78787878787878,197.5,343.6,407.0999999999992,65.0,2968.0,221.05115147912696,20129884.0
"{""task"":""gpqa"",""model_id"":""nvidia/NVIDIA-Nemotron-Nano-12B-v2"",""gpu_model"":""H100"",""num_gpus"":1,""max_num_seqs"":192,""tensor_parallel"":1,""expert_parallel"":1,""data_parallel"":1,""seed"":48105,""num_request_repeats"":1}",gpqa,nvidia/NVIDIA-Nemotron-Nano-12B-v2,available,,string,b7a3a520a4bc1beae6a25d615f9215580df8eea926f488256c2bef74039433c0,9d70f331a9e3c5ca1beec58d047bee71342344ac46471629a37545224aa1ad7d,{},0481823b262c41f826720f83afa5e3379fa72d6f0c924002882e79c653850424,198.0,45498.0,229.78787878787878,197.5,343.6,407.0999999999992,65.0,2968.0,221.05115147912696,20129884.0
"{""task"":""gpqa"",""model_id"":""nvidia/NVIDIA-Nemotron-Nano-12B-v2"",""gpu_model"":""H100"",""num_gpus"":1,""max_num_seqs"":256,""tensor_parallel"":1,""expert_parallel"":1,""data_parallel"":1,""seed"":48105,""num_request_repeats"":2}",gpqa,nvidia/NVIDIA-Nemotron-Nano-12B-v2,available,,string,b7a3a520a4bc1beae6a25d615f9215580df8eea926f488256c2bef74039433c0,9d70f331a9e3c5ca1beec58d047bee71342344ac46471629a37545224aa1ad7d,{},0481823b262c41f826720f83afa5e3379fa72d6f0c924002882e79c653850424,396.0,90996.0,229.78787878787878,197.5,343.6,407.0999999999992,65.0,2968.0,221.05115147912696,40259768.0
"{""task"":""gpqa"",""model_id"":""nvidia/NVIDIA-Nemotron-Nano-12B-v2"",""gpu_model"":""H100"",""num_gpus"":1,""max_num_seqs"":32,""tensor_parallel"":1,""expert_parallel"":1,""data_parallel"":1,""seed"":48105,""num_request_repeats"":1}",gpqa,nvidia/NVIDIA-Nemotron-Nano-12B-v2,available,,string,b7a3a520a4bc1beae6a25d615f9215580df8eea926f488256c2bef74039433c0,9d70f331a9e3c5ca1beec58d047bee71342344ac46471629a37545224aa1ad7d,{},0481823b262c41f826720f83afa5e3379fa72d6f0c924002882e79c653850424,198.0,45498.0,229.78787878787878,197.5,343.6,407.0999999999992,65.0,2968.0,221.05115147912696,20129884.0
"{""task"":""gpqa"",""model_id"":""nvidia/NVIDIA-Nemotron-Nano-12B-v2"",""gpu_model"":""H100"",""num_gpus"":1,""max_num_seqs"":384,""tensor_parallel"":1,""expert_parallel"":1,""data_parallel"":1,""seed"":48105,""num_request_repeats"":3}",gpqa,nvidia/NVIDIA-Nemotron-Nano-12B-v2,available,,string,b7a3a520a4bc1beae6a25d615f9215580df8eea926f488256c2bef74039433c0,9d70f331a9e3c5ca1beec58d047bee71342344ac46471629a37545224aa1ad7d,{},0481823b262c41f826720f83afa5e3379fa72d6f0c924002882e79c653850424,594.0,136494.0,229.78787878787878,197.5,343.6,407.0999999999992,65.0,2968.0,221.05115147912696,60389652.0
"{""task"":""gpqa"",""model_id"":""nvidia/NVIDIA-Nemotron-Nano-12B-v2"",""gpu_model"":""H100"",""num_gpus"":1,""max_num_seqs"":64,""tensor_parallel"":1,""expert_parallel"":1,""data_parallel"":1,""seed"":48105,""num_request_repeats"":1}",gpqa,nvidia/NVIDIA-Nemotron-Nano-12B-v2,available,,string,b7a3a520a4bc1beae6a25d615f9215580df8eea926f488256c2bef74039433c0,9d70f331a9e3c5ca1beec58d047bee71342344ac46471629a37545224aa1ad7d,{},0481823b262c41f826720f83afa5e3379fa72d6f0c924002882e79c653850424,198.0,45498.0,229.78787878787878,197.5,343.6,407.0999999999992,65.0,2968.0,221.05115147912696,20129884.0
"{""task"":""gpqa"",""model_id"":""nvidia/NVIDIA-Nemotron-Nano-12B-v2"",""gpu_model"":""H100"",""num_gpus"":1,""max_num_seqs"":8,""tensor_parallel"":1,""expert_parallel"":1,""data_parallel"":1,""seed"":48105,""num_request_repeats"":1}",gpqa,nvidia/NVIDIA-Nemotron-Nano-12B-v2,available,,string,b7a3a520a4bc1beae6a25d615f9215580df8eea926f488256c2bef74039433c0,9d70f331a9e3c5ca1beec58d047bee71342344ac46471629a37545224aa1ad7d,{},0481823b262c41f826720f83afa5e3379fa72d6f0c924002882e79c653850424,198.0,45498.0,229.78787878787878,197.5,343.6,407.0999999999992,65.0,2968.0,221.05115147912696,20129884.0
"{""task"":""gpqa"",""model_id"":""nvidia/NVIDIA-Nemotron-Nano-12B-v2"",""gpu_model"":""H100"",""num_gpus"":1,""max_num_seqs"":96,""tensor_parallel"":1,""expert_parallel"":1,""data_parallel"":1,""seed"":48105,""num_request_repeats"":1}",gpqa,nvidia/NVIDIA-Nemotron-Nano-12B-v2,available,,string,b7a3a520a4bc1beae6a25d615f9215580df8eea926f488256c2bef74039433c0,9d70f331a9e3c5ca1beec58d047bee71342344ac46471629a37545224aa1ad7d,{},0481823b262c41f826720f83afa5e3379fa72d6f0c924002882e79c653850424,198.0,45498.0,229.78787878787878,197.5,343.6,407.0999999999992,65.0,2968.0,221.05115147912696,20129884.0
"{""task"":""gpqa"",""model_id"":""nvidia/NVIDIA-Nemotron-Nano-9B-v2"",""gpu_model"":""B200"",""num_gpus"":1,""max_num_seqs"":128,""tensor_parallel"":1,""expert_parallel"":1,""data_parallel"":1,""seed"":48105,""num_request_repeats"":1}",gpqa,nvidia/NVIDIA-Nemotron-Nano-9B-v2,available,,string,b7a3a520a4bc1beae6a25d615f9215580df8eea926f488256c2bef74039433c0,9d70f331a9e3c5ca1beec58d047bee71342344ac46471629a37545224aa1ad7d,{},0481823b262c41f826720f83afa5e3379fa72d6f0c924002882e79c653850424,198.0,45498.0,229.78787878787878,197.5,343.6,407.0999999999992,65.0,2968.0,221.05115147912696,20129884.0
"{""task"":""gpqa"",""model_id"":""nvidia/NVIDIA-Nemotron-Nano-9B-v2"",""gpu_model"":""B200"",""num_gpus"":1,""max_num_seqs"":16,""tensor_parallel"":1,""expert_parallel"":1,""data_parallel"":1,""seed"":48105,""num_request_repeats"":1}",gpqa,nvidia/NVIDIA-Nemotron-Nano-9B-v2,available,,string,b7a3a520a4bc1beae6a25d615f9215580df8eea926f488256c2bef74039433c0,9d70f331a9e3c5ca1beec58d047bee71342344ac46471629a37545224aa1ad7d,{},0481823b262c41f826720f83afa5e3379fa72d6f0c924002882e79c653850424,198.0,45498.0,229.78787878787878,197.5,343.6,407.0999999999992,65.0,2968.0,221.05115147912696,20129884.0
"{""task"":""gpqa"",""model_id"":""nvidia/NVIDIA-Nemotron-Nano-9B-v2"",""gpu_model"":""B200"",""num_gpus"":1,""max_num_seqs"":256,""tensor_parallel"":1,""expert_parallel"":1,""data_parallel"":1,""seed"":48105,""num_request_repeats"":2}",gpqa,nvidia/NVIDIA-Nemotron-Nano-9B-v2,available,,string,b7a3a520a4bc1beae6a25d615f9215580df8eea926f488256c2bef74039433c0,9d70f331a9e3c5ca1beec58d047bee71342344ac46471629a37545224aa1ad7d,{},0481823b262c41f826720f83afa5e3379fa72d6f0c924002882e79c653850424,396.0,90996.0,229.78787878787878,197.5,343.6,407.0999999999992,65.0,2968.0,221.05115147912696,40259768.0
"{""task"":""gpqa"",""model_id"":""nvidia/NVIDIA-Nemotron-Nano-9B-v2"",""gpu_model"":""B200"",""num_gpus"":1,""max_num_seqs"":32,""tensor_parallel"":1,""expert_parallel"":1,""data_parallel"":1,""seed"":48105,""num_request_repeats"":1}",gpqa,nvidia/NVIDIA-Nemotron-Nano-9B-v2,available,,string,b7a3a520a4bc1beae6a25d615f9215580df8eea926f488256c2bef74039433c0,9d70f331a9e3c5ca1beec58d047bee71342344ac46471629a37545224aa1ad7d,{},0481823b262c41f826720f83afa5e3379fa72d6f0c924002882e79c653850424,198.0,45498.0,229.78787878787878,197.5,343.6,407.0999999999992,65.0,2968.0,221.05115147912696,20129884.0
"{""task"":""gpqa"",""model_id"":""nvidia/NVIDIA-Nemotron-Nano-9B-v2"",""gpu_model"":""B200"",""num_gpus"":1,""max_num_seqs"":512,""tensor_parallel"":1,""expert_parallel"":1,""data_parallel"":1,""seed"":48105,""num_request_repeats"":3}",gpqa,nvidia/NVIDIA-Nemotron-Nano-9B-v2,available,,string,b7a3a520a4bc1beae6a25d615f9215580df8eea926f488256c2bef74039433c0,9d70f331a9e3c5ca1beec58d047bee71342344ac46471629a37545224aa1ad7d,{},0481823b262c41f826720f83afa5e3379fa72d6f0c924002882e79c653850424,594.0,136494.0,229.78787878787878,197.5,343.6,407.0999999999992,65.0,2968.0,221.05115147912696,60389652.0
"{""task"":""gpqa"",""model_id"":""nvidia/NVIDIA-Nemotron-Nano-9B-v2"",""gpu_model"":""B200"",""num_gpus"":1,""max_num_seqs"":64,""tensor_parallel"":1,""expert_parallel"":1,""data_parallel"":1,""seed"":48105,""num_request_repeats"":1}",gpqa,nvidia/NVIDIA-Nemotron-Nano-9B-v2,available,,string,b7a3a520a4bc1beae6a25d615f9215580df8eea926f488256c2bef74039433c0,9d70f331a9e3c5ca1beec58d047bee71342344ac46471629a37545224aa1ad7d,{},0481823b262c41f826720f83afa5e3379fa72d6f0c924002882e79c653850424,198.0,45498.0,229.78787878787878,197.5,343.6,407.0999999999992,65.0,2968.0,221.05115147912696,20129884.0
"{""task"":""gpqa"",""model_id"":""nvidia/NVIDIA-Nemotron-Nano-9B-v2"",""gpu_model"":""B200"",""num_gpus"":1,""max_num_seqs"":8,""tensor_parallel"":1,""expert_parallel"":1,""data_parallel"":1,""seed"":48105,""num_request_repeats"":1}",gpqa,nvidia/NVIDIA-Nemotron-Nano-9B-v2,available,,string,b7a3a520a4bc1beae6a25d615f9215580df8eea926f488256c2bef74039433c0,9d70f331a9e3c5ca1beec58d047bee71342344ac46471629a37545224aa1ad7d,{},0481823b262c41f826720f83afa5e3379fa72d6f0c924002882e79c653850424,198.0,45498.0,229.78787878787878,197.5,343.6,407.0999999999992,65.0,2968.0,221.05115147912696,20129884.0
"{""task"":""gpqa"",""model_id"":""nvidia/NVIDIA-Nemotron-Nano-9B-v2"",""gpu_model"":""H100"",""num_gpus"":1,""max_num_seqs"":128,""tensor_parallel"":1,""expert_parallel"":1,""data_parallel"":1,""seed"":48105,""num_request_repeats"":1}",gpqa,nvidia/NVIDIA-Nemotron-Nano-9B-v2,available,,string,b7a3a520a4bc1beae6a25d615f9215580df8eea926f488256c2bef74039433c0,9d70f331a9e3c5ca1beec58d047bee71342344ac46471629a37545224aa1ad7d,{},0481823b262c41f826720f83afa5e3379fa72d6f0c924002882e79c653850424,198.0,45498.0,229.78787878787878,197.5,343.6,407.0999999999992,65.0,2968.0,221.05115147912696,20129884.0
"{""task"":""gpqa"",""model_id"":""nvidia/NVIDIA-Nemotron-Nano-9B-v2"",""gpu_model"":""H100"",""num_gpus"":1,""max_num_seqs"":16,""tensor_parallel"":1,""expert_parallel"":1,""data_parallel"":1,""seed"":48105,""num_request_repeats"":1}",gpqa,nvidia/NVIDIA-Nemotron-Nano-9B-v2,available,,string,b7a3a520a4bc1beae6a25d615f9215580df8eea926f488256c2bef74039433c0,9d70f331a9e3c5ca1beec58d047bee71342344ac46471629a37545224aa1ad7d,{},0481823b262c41f826720f83afa5e3379fa72d6f0c924002882e79c653850424,198.0,45498.0,229.78787878787878,197.5,343.6,407.0999999999992,65.0,2968.0,221.05115147912696,20129884.0
"{""task"":""gpqa"",""model_id"":""nvidia/NVIDIA-Nemotron-Nano-9B-v2"",""gpu_model"":""H100"",""num_gpus"":1,""max_num_seqs"":192,""tensor_parallel"":1,""expert_parallel"":1,""data_parallel"":1,""seed"":48105,""num_request_repeats"":2}",gpqa,nvidia/NVIDIA-Nemotron-Nano-9B-v2,available,,string,b7a3a520a4bc1beae6a25d615f9215580df8eea926f488256c2bef74039433c0,9d70f331a9e3c5ca1beec58d047bee71342344ac46471629a37545224aa1ad7d,{},0481823b262c41f826720f83afa5e3379fa72d6f0c924002882e79c653850424,396.0,90996.0,229.78787878787878,197.5,343.6,407.0999999999992,65.0,2968.0,221.05115147912696,40259768.0
"{""task"":""gpqa"",""model_id"":""nvidia/NVIDIA-Nemotron-Nano-9B-v2"",""gpu_model"":""H100"",""num_gpus"":1,""max_num_seqs"":256,""tensor_parallel"":1,""expert_parallel"":1,""data_parallel"":1,""seed"":48105,""num_request_repeats"":2}",gpqa,nvidia/NVIDIA-Nemotron-Nano-9B-v2,available,,string,b7a3a520a4bc1beae6a25d615f9215580df8eea926f488256c2bef74039433c0,9d70f331a9e3c5ca1beec58d047bee71342344ac46471629a37545224aa1ad7d,{},0481823b262c41f826720f83afa5e3379fa72d6f0c924002882e79c653850424,396.0,90996.0,229.78787878787878,197.5,343.6,407.0999999999992,65.0,2968.0,221.05115147912696,40259768.0
"{""task"":""gpqa"",""model_id"":""nvidia/NVIDIA-Nemotron-Nano-9B-v2"",""gpu_model"":""H100"",""num_gpus"":1,""max_num_seqs"":32,""tensor_parallel"":1,""expert_parallel"":1,""data_parallel"":1,""seed"":48105,""num_request_repeats"":1}",gpqa,nvidia/NVIDIA-Nemotron-Nano-9B-v2,available,,string,b7a3a520a4bc1beae6a25d615f9215580df8eea926f488256c2bef74039433c0,9d70f331a9e3c5ca1beec58d047bee71342344ac46471629a37545224aa1ad7d,{},0481823b262c41f826720f83afa5e3379fa72d6f0c924002882e79c653850424,198.0,45498.0,229.78787878787878,197.5,343.6,407.0999999999992,65.0,2968.0,221.05115147912696,20129884.0
"{""task"":""gpqa"",""model_id"":""nvidia/NVIDIA-Nemotron-Nano-9B-v2"",""gpu_model"":""H100"",""num_gpus"":1,""max_num_seqs"":384,""tensor_parallel"":1,""expert_parallel"":1,""data_parallel"":1,""seed"":48105,""num_request_repeats"":3}",gpqa,nvidia/NVIDIA-Nemotron-Nano-9B-v2,available,,string,b7a3a520a4bc1beae6a25d615f9215580df8eea926f488256c2bef74039433c0,9d70f331a9e3c5ca1beec58d047bee71342344ac46471629a37545224aa1ad7d,{},0481823b262c41f826720f83afa5e3379fa72d6f0c924002882e79c653850424,594.0,136494.0,229.78787878787878,197.5,343.6,407.0999999999992,65.0,2968.0,221.05115147912696,60389652.0
"{""task"":""gpqa"",""model_id"":""nvidia/NVIDIA-Nemotron-Nano-9B-v2"",""gpu_model"":""H100"",""num_gpus"":1,""max_num_seqs"":64,""tensor_parallel"":1,""expert_parallel"":1,""data_parallel"":1,""seed"":48105,""num_request_repeats"":1}",gpqa,nvidia/NVIDIA-Nemotron-Nano-9B-v2,available,,string,b7a3a520a4bc1beae6a25d615f9215580df8eea926f488256c2bef74039433c0,9d70f331a9e3c5ca1beec58d047bee71342344ac46471629a37545224aa1ad7d,{},0481823b262c41f826720f83afa5e3379fa72d6f0c924002882e79c653850424,198.0,45498.0,229.78787878787878,197.5,343.6,407.0999999999992,65.0,2968.0,221.05115147912696,20129884.0
"{""task"":""gpqa"",""model_id"":""nvidia/NVIDIA-Nemotron-Nano-9B-v2"",""gpu_model"":""H100"",""num_gpus"":1,""max_num_seqs"":8,""tensor_parallel"":1,""expert_parallel"":1,""data_parallel"":1,""seed"":48105,""num_request_repeats"":1}",gpqa,nvidia/NVIDIA-Nemotron-Nano-9B-v2,available,,string,b7a3a520a4bc1beae6a25d615f9215580df8eea926f488256c2bef74039433c0,9d70f331a9e3c5ca1beec58d047bee71342344ac46471629a37545224aa1ad7d,{},0481823b262c41f826720f83afa5e3379fa72d6f0c924002882e79c653850424,198.0,45498.0,229.78787878787878,197.5,343.6,407.0999999999992,65.0,2968.0,221.05115147912696,20129884.0
"{""task"":""gpqa"",""model_id"":""nvidia/NVIDIA-Nemotron-Nano-9B-v2"",""gpu_model"":""H100"",""num_gpus"":1,""max_num_seqs"":96,""tensor_parallel"":1,""expert_parallel"":1,""data_parallel"":1,""seed"":48105,""num_request_repeats"":1}",gpqa,nvidia/NVIDIA-Nemotron-Nano-9B-v2,available,,string,b7a3a520a4bc1beae6a25d615f9215580df8eea926f488256c2bef74039433c0,9d70f331a9e3c5ca1beec58d047bee71342344ac46471629a37545224aa1ad7d,{},0481823b262c41f826720f83afa5e3379fa72d6f0c924002882e79c653850424,198.0,45498.0,229.78787878787878,197.5,343.6,407.0999999999992,65.0,2968.0,221.05115147912696,20129884.0
"{""task"":""gpqa"",""model_id"":""openai/gpt-oss-120b"",""gpu_model"":""B200"",""num_gpus"":1,""max_num_seqs"":1024,""tensor_parallel"":1,""expert_parallel"":1,""data_parallel"":1,""seed"":48105,""num_request_repeats"":6}",gpqa,openai/gpt-oss-120b,unresolved,unresolved_vllm_harmony_path: v0.11.1 bypasses the Hugging Face chat template and the container-resolved openai-harmony version is not recorded,,,,,,,,,,,,,,,
"{""task"":""gpqa"",""model_id"":""openai/gpt-oss-120b"",""gpu_model"":""B200"",""num_gpus"":1,""max_num_seqs"":128,""tensor_parallel"":1,""expert_parallel"":1,""data_parallel"":1,""seed"":48105,""num_request_repeats"":2}",gpqa,openai/gpt-oss-120b,unresolved,unresolved_vllm_harmony_path: v0.11.1 bypasses the Hugging Face chat template and the container-resolved openai-harmony version is not recorded,,,,,,,,,,,,,,,
"{""task"":""gpqa"",""model_id"":""openai/gpt-oss-120b"",""gpu_model"":""B200"",""num_gpus"":1,""max_num_seqs"":16,""tensor_parallel"":1,""expert_parallel"":1,""data_parallel"":1,""seed"":48105,""num_request_repeats"":1}",gpqa,openai/gpt-oss-120b,unresolved,unresolved_vllm_harmony_path: v0.11.1 bypasses the Hugging Face chat template and the container-resolved openai-harmony version is not recorded,,,,,,,,,,,,,,,
"{""task"":""gpqa"",""model_id"":""openai/gpt-oss-120b"",""gpu_model"":""B200"",""num_gpus"":1,""max_num_seqs"":2048,""tensor_parallel"":1,""expert_parallel"":1,""data_parallel"":1,""seed"":48105,""num_request_repeats"":12}",gpqa,openai/gpt-oss-120b,unresolved,unresolved_vllm_harmony_path: v0.11.1 bypasses the Hugging Face chat template and the container-resolved openai-harmony version is not recorded,,,,,,,,,,,,,,,
"{""task"":""gpqa"",""model_id"":""openai/gpt-oss-120b"",""gpu_model"":""B200"",""num_gpus"":1,""max_num_seqs"":256,""tensor_parallel"":1,""expert_parallel"":1,""data_parallel"":1,""seed"":48105,""num_request_repeats"":3}",gpqa,openai/gpt-oss-120b,unresolved,unresolved_vllm_harmony_path: v0.11.1 bypasses the Hugging Face chat template and the container-resolved openai-harmony version is not recorded,,,,,,,,,,,,,,,
"{""task"":""gpqa"",""model_id"":""openai/gpt-oss-120b"",""gpu_model"":""B200"",""num_gpus"":1,""max_num_seqs"":3072,""tensor_parallel"":1,""expert_parallel"":1,""data_parallel"":1,""seed"":48105,""num_request_repeats"":18}",gpqa,openai/gpt-oss-120b,unresolved,unresolved_vllm_harmony_path: v0.11.1 bypasses the Hugging Face chat template and the container-resolved openai-harmony version is not recorded,,,,,,,,,,,,,,,
"{""task"":""gpqa"",""model_id"":""openai/gpt-oss-120b"",""gpu_model"":""B200"",""num_gpus"":1,""max_num_seqs"":32,""tensor_parallel"":1,""expert_parallel"":1,""data_parallel"":1,""seed"":48105,""num_request_repeats"":1}",gpqa,openai/gpt-oss-120b,unresolved,unresolved_vllm_harmony_path: v0.11.1 bypasses the Hugging Face chat template and the container-resolved openai-harmony version is not recorded,,,,,,,,,,,,,,,
"{""task"":""gpqa"",""model_id"":""openai/gpt-oss-120b"",""gpu_model"":""B200"",""num_gpus"":1,""max_num_seqs"":4096,""tensor_parallel"":1,""expert_parallel"":1,""data_parallel"":1,""seed"":48105,""num_request_repeats"":24}",gpqa,openai/gpt-oss-120b,unresolved,unresolved_vllm_harmony_path: v0.11.1 bypasses the Hugging Face chat template and the container-resolved openai-harmony version is not recorded,,,,,,,,,,,,,,,
"{""task"":""gpqa"",""model_id"":""openai/gpt-oss-120b"",""gpu_model"":""B200"",""num_gpus"":1,""max_num_seqs"":512,""tensor_parallel"":1,""expert_parallel"":1,""data_parallel"":1,""seed"":48105,""num_request_repeats"":4}",gpqa,openai/gpt-oss-120b,unresolved,unresolved_vllm_harmony_path: v0.11.1 bypasses the Hugging Face chat template and the container-resolved openai-harmony version is not recorded,,,,,,,,,,,,,,,
"{""task"":""gpqa"",""model_id"":""openai/gpt-oss-120b"",""gpu_model"":""B200"",""num_gpus"":1,""max_num_seqs"":64,""tensor_parallel"":1,""expert_parallel"":1,""data_parallel"":1,""seed"":48105,""num_request_repeats"":1}",gpqa,openai/gpt-oss-120b,unresolved,unresolved_vllm_harmony_path: v0.11.1 bypasses the Hugging Face chat template and the container-resolved openai-harmony version is not recorded,,,,,,,,,,,,,,,
"{""task"":""gpqa"",""model_id"":""openai/gpt-oss-120b"",""gpu_model"":""B200"",""num_gpus"":1,""max_num_seqs"":8,""tensor_parallel"":1,""expert_parallel"":1,""data_parallel"":1,""seed"":48105,""num_request_repeats"":1}",gpqa,openai/gpt-oss-120b,unresolved,unresolved_vllm_harmony_path: v0.11.1 bypasses the Hugging Face chat template and the container-resolved openai-harmony version is not recorded,,,,,,,,,,,,,,,
"{""task"":""gpqa"",""model_id"":""openai/gpt-oss-120b"",""gpu_model"":""B200"",""num_gpus"":2,""max_num_seqs"":1024,""tensor_parallel"":2,""expert_parallel"":1,""data_parallel"":1,""seed"":48105,""num_request_repeats"":7}",gpqa,openai/gpt-oss-120b,unresolved,unresolved_vllm_harmony_path: v0.11.1 bypasses the Hugging Face chat template and the container-resolved openai-harmony version is not recorded,,,,,,,,,,,,,,,
"{""task"":""gpqa"",""model_id"":""openai/gpt-oss-120b"",""gpu_model"":""B200"",""num_gpus"":2,""max_num_seqs"":128,""tensor_parallel"":2,""expert_parallel"":1,""data_parallel"":1,""seed"":48105,""num_request_repeats"":2}",gpqa,openai/gpt-oss-120b,unresolved,unresolved_vllm_harmony_path: v0.11.1 bypasses the Hugging Face chat template and the container-resolved openai-harmony version is not recorded,,,,,,,,,,,,,,,
"{""task"":""gpqa"",""model_id"":""openai/gpt-oss-120b"",""gpu_model"":""B200"",""num_gpus"":2,""max_num_seqs"":16,""tensor_parallel"":2,""expert_parallel"":1,""data_parallel"":1,""seed"":48105,""num_request_repeats"":1}",gpqa,openai/gpt-oss-120b,unresolved,unresolved_vllm_harmony_path: v0.11.1 bypasses the Hugging Face chat template and the container-resolved openai-harmony version is not recorded,,,,,,,,,,,,,,,
"{""task"":""gpqa"",""model_id"":""openai/gpt-oss-120b"",""gpu_model"":""B200"",""num_gpus"":2,""max_num_seqs"":2048,""tensor_parallel"":2,""expert_parallel"":1,""data_parallel"":1,""seed"":48105,""num_request_repeats"":12}",gpqa,openai/gpt-oss-120b,unresolved,unresolved_vllm_harmony_path: v0.11.1 bypasses the Hugging Face chat template and the container-resolved openai-harmony version is not recorded,,,,,,,,,,,,,,,
"{""task"":""gpqa"",""model_id"":""openai/gpt-oss-120b"",""gpu_model"":""B200"",""num_gpus"":2,""max_num_seqs"":256,""tensor_parallel"":2,""expert_parallel"":1,""data_parallel"":1,""seed"":48105,""num_request_repeats"":3}",gpqa,openai/gpt-oss-120b,unresolved,unresolved_vllm_harmony_path: v0.11.1 bypasses the Hugging Face chat template and the container-resolved openai-harmony version is not recorded,,,,,,,,,,,,,,,
"{""task"":""gpqa"",""model_id"":""openai/gpt-oss-120b"",""gpu_model"":""B200"",""num_gpus"":2,""max_num_seqs"":3072,""tensor_parallel"":2,""expert_parallel"":1,""data_parallel"":1,""seed"":48105,""num_request_repeats"":18}",gpqa,openai/gpt-oss-120b,unresolved,unresolved_vllm_harmony_path: v0.11.1 bypasses the Hugging Face chat template and the container-resolved openai-harmony version is not recorded,,,,,,,,,,,,,,,
"{""task"":""gpqa"",""model_id"":""openai/gpt-oss-120b"",""gpu_model"":""B200"",""num_gpus"":2,""max_num_seqs"":32,""tensor_parallel"":2,""expert_parallel"":1,""data_parallel"":1,""seed"":48105,""num_request_repeats"":1}",gpqa,openai/gpt-oss-120b,unresolved,unresolved_vllm_harmony_path: v0.11.1 bypasses the Hugging Face chat template and the container-resolved openai-harmony version is not recorded,,,,,,,,,,,,,,,
"{""task"":""gpqa"",""model_id"":""openai/gpt-oss-120b"",""gpu_model"":""B200"",""num_gpus"":2,""max_num_seqs"":4096,""tensor_parallel"":2,""expert_parallel"":1,""data_parallel"":1,""seed"":48105,""num_request_repeats"":24}",gpqa,openai/gpt-oss-120b,unresolved,unresolved_vllm_harmony_path: v0.11.1 bypasses the Hugging Face chat template and the container-resolved openai-harmony version is not recorded,,,,,,,,,,,,,,,
"{""task"":""gpqa"",""model_id"":""openai/gpt-oss-120b"",""gpu_model"":""B200"",""num_gpus"":2,""max_num_seqs"":512,""tensor_parallel"":2,""expert_parallel"":1,""data_parallel"":1,""seed"":48105,""num_request_repeats"":4}",gpqa,openai/gpt-oss-120b,unresolved,unresolved_vllm_harmony_path: v0.11.1 bypasses the Hugging Face chat template and the container-resolved openai-harmony version is not recorded,,,,,,,,,,,,,,,
"{""task"":""gpqa"",""model_id"":""openai/gpt-oss-120b"",""gpu_model"":""B200"",""num_gpus"":2,""max_num_seqs"":64,""tensor_parallel"":2,""expert_parallel"":1,""data_parallel"":1,""seed"":48105,""num_request_repeats"":1}",gpqa,openai/gpt-oss-120b,unresolved,unresolved_vllm_harmony_path: v0.11.1 bypasses the Hugging Face chat template and the container-resolved openai-harmony version is not recorded,,,,,,,,,,,,,,,
"{""task"":""gpqa"",""model_id"":""openai/gpt-oss-120b"",""gpu_model"":""B200"",""num_gpus"":2,""max_num_seqs"":8,""tensor_parallel"":2,""expert_parallel"":1,""data_parallel"":1,""seed"":48105,""num_request_repeats"":1}",gpqa,openai/gpt-oss-120b,unresolved,unresolved_vllm_harmony_path: v0.11.1 bypasses the Hugging Face chat template and the container-resolved openai-harmony version is not recorded,,,,,,,,,,,,,,,
"{""task"":""gpqa"",""model_id"":""openai/gpt-oss-120b"",""gpu_model"":""H100"",""num_gpus"":1,""max_num_seqs"":128,""tensor_parallel"":1,""expert_parallel"":1,""data_parallel"":1,""seed"":48105,""num_request_repeats"":1}",gpqa,openai/gpt-oss-120b,unresolved,unresolved_vllm_harmony_path: v0.11.1 bypasses the Hugging Face chat template and the container-resolved openai-harmony version is not recorded,,,,,,,,,,,,,,,
"{""task"":""gpqa"",""model_id"":""openai/gpt-oss-120b"",""gpu_model"":""H100"",""num_gpus"":1,""max_num_seqs"":16,""tensor_parallel"":1,""expert_parallel"":1,""data_parallel"":1,""seed"":48105,""num_request_repeats"":1}",gpqa,openai/gpt-oss-120b,unresolved,unresolved_vllm_harmony_path: v0.11.1 bypasses the Hugging Face chat template and the container-resolved openai-harmony version is not recorded,,,,,,,,,,,,,,,
"{""task"":""gpqa"",""model_id"":""openai/gpt-oss-120b"",""gpu_model"":""H100"",""num_gpus"":1,""max_num_seqs"":192,""tensor_parallel"":1,""expert_parallel"":1,""data_parallel"":1,""seed"":48105,""num_request_repeats"":2}",gpqa,openai/gpt-oss-120b,unresolved,unresolved_vllm_harmony_path: v0.11.1 bypasses the Hugging Face chat template and the container-resolved openai-harmony version is not recorded,,,,,,,,,,,,,,,
"{""task"":""gpqa"",""model_id"":""openai/gpt-oss-120b"",""gpu_model"":""H100"",""num_gpus"":1,""max_num_seqs"":256,""tensor_parallel"":1,""expert_parallel"":1,""data_parallel"":1,""seed"":48105,""num_request_repeats"":2}",gpqa,openai/gpt-oss-120b,unresolved,unresolved_vllm_harmony_path: v0.11.1 bypasses the Hugging Face chat template and the container-resolved openai-harmony version is not recorded,,,,,,,,,,,,,,,
"{""task"":""gpqa"",""model_id"":""openai/gpt-oss-120b"",""gpu_model"":""H100"",""num_gpus"":1,""max_num_seqs"":32,""tensor_parallel"":1,""expert_parallel"":1,""data_parallel"":1,""seed"":48105,""num_request_repeats"":1}",gpqa,openai/gpt-oss-120b,unresolved,unresolved_vllm_harmony_path: v0.11.1 bypasses the Hugging Face chat template and the container-resolved openai-harmony version is not recorded,,,,,,,,,,,,,,,
"{""task"":""gpqa"",""model_id"":""openai/gpt-oss-120b"",""gpu_model"":""H100"",""num_gpus"":1,""max_num_seqs"":64,""tensor_parallel"":1,""expert_parallel"":1,""data_parallel"":1,""seed"":48105,""num_request_repeats"":1}",gpqa,openai/gpt-oss-120b,unresolved,unresolved_vllm_harmony_path: v0.11.1 bypasses the Hugging Face chat template and the container-resolved openai-harmony version is not recorded,,,,,,,,,,,,,,,
"{""task"":""gpqa"",""model_id"":""openai/gpt-oss-120b"",""gpu_model"":""H100"",""num_gpus"":1,""max_num_seqs"":8,""tensor_parallel"":1,""expert_parallel"":1,""data_parallel"":1,""seed"":48105,""num_request_repeats"":1}",gpqa,openai/gpt-oss-120b,unresolved,unresolved_vllm_harmony_path: v0.11.1 bypasses the Hugging Face chat template and the container-resolved openai-harmony version is not recorded,,,,,,,,,,,,,,,
"{""task"":""gpqa"",""model_id"":""openai/gpt-oss-120b"",""gpu_model"":""H100"",""num_gpus"":1,""max_num_seqs"":96,""tensor_parallel"":1,""expert_parallel"":1,""data_parallel"":1,""seed"":48105,""num_request_repeats"":1}",gpqa,openai/gpt-oss-120b,unresolved,unresolved_vllm_harmony_path: v0.11.1 bypasses the Hugging Face chat template and the container-resolved openai-harmony version is not recorded,,,,,,,,,,,,,,,
"{""task"":""gpqa"",""model_id"":""openai/gpt-oss-120b"",""gpu_model"":""H100"",""num_gpus"":2,""max_num_seqs"":1024,""tensor_parallel"":2,""expert_parallel"":1,""data_parallel"":1,""seed"":48105,""num_request_repeats"":6}",gpqa,openai/gpt-oss-120b,unresolved,unresolved_vllm_harmony_path: v0.11.1 bypasses the Hugging Face chat template and the container-resolved openai-harmony version is not recorded,,,,,,,,,,,,,,,
"{""task"":""gpqa"",""model_id"":""openai/gpt-oss-120b"",""gpu_model"":""H100"",""num_gpus"":2,""max_num_seqs"":128,""tensor_parallel"":2,""expert_parallel"":1,""data_parallel"":1,""seed"":48105,""num_request_repeats"":1}",gpqa,openai/gpt-oss-120b,unresolved,unresolved_vllm_harmony_path: v0.11.1 bypasses the Hugging Face chat template and the container-resolved openai-harmony version is not recorded,,,,,,,,,,,,,,,
"{""task"":""gpqa"",""model_id"":""openai/gpt-oss-120b"",""gpu_model"":""H100"",""num_gpus"":2,""max_num_seqs"":1536,""tensor_parallel"":2,""expert_parallel"":1,""data_parallel"":1,""seed"":48105,""num_request_repeats"":9}",gpqa,openai/gpt-oss-120b,unresolved,unresolved_vllm_harmony_path: v0.11.1 bypasses the Hugging Face chat template and the container-resolved openai-harmony version is not recorded,,,,,,,,,,,,,,,
"{""task"":""gpqa"",""model_id"":""openai/gpt-oss-120b"",""gpu_model"":""H100"",""num_gpus"":2,""max_num_seqs"":16,""tensor_parallel"":2,""expert_parallel"":1,""data_parallel"":1,""seed"":48105,""num_request_repeats"":1}",gpqa,openai/gpt-oss-120b,unresolved,unresolved_vllm_harmony_path: v0.11.1 bypasses the Hugging Face chat template and the container-resolved openai-harmony version is not recorded,,,,,,,,,,,,,,,
"{""task"":""gpqa"",""model_id"":""openai/gpt-oss-120b"",""gpu_model"":""H100"",""num_gpus"":2,""max_num_seqs"":192,""tensor_parallel"":2,""expert_parallel"":1,""data_parallel"":1,""seed"":48105,""num_request_repeats"":2}",gpqa,openai/gpt-oss-120b,unresolved,unresolved_vllm_harmony_path: v0.11.1 bypasses the Hugging Face chat template and the container-resolved openai-harmony version is not recorded,,,,,,,,,,,,,,,
"{""task"":""gpqa"",""model_id"":""openai/gpt-oss-120b"",""gpu_model"":""H100"",""num_gpus"":2,""max_num_seqs"":2048,""tensor_parallel"":2,""expert_parallel"":1,""data_parallel"":1,""seed"":48105,""num_request_repeats"":12}",gpqa,openai/gpt-oss-120b,unresolved,unresolved_vllm_harmony_path: v0.11.1 bypasses the Hugging Face chat template and the container-resolved openai-harmony version is not recorded,,,,,,,,,,,,,,,
"{""task"":""gpqa"",""model_id"":""openai/gpt-oss-120b"",""gpu_model"":""H100"",""num_gpus"":2,""max_num_seqs"":256,""tensor_parallel"":2,""expert_parallel"":1,""data_parallel"":1,""seed"":48105,""num_request_repeats"":2}",gpqa,openai/gpt-oss-120b,unresolved,unresolved_vllm_harmony_path: v0.11.1 bypasses the Hugging Face chat template and the container-resolved openai-harmony version is not recorded,,,,,,,,,,,,,,,
"{""task"":""gpqa"",""model_id"":""openai/gpt-oss-120b"",""gpu_model"":""H100"",""num_gpus"":2,""max_num_seqs"":32,""tensor_parallel"":2,""expert_parallel"":1,""data_parallel"":1,""seed"":48105,""num_request_repeats"":1}",gpqa,openai/gpt-oss-120b,unresolved,unresolved_vllm_harmony_path: v0.11.1 bypasses the Hugging Face chat template and the container-resolved openai-harmony version is not recorded,,,,,,,,,,,,,,,
"{""task"":""gpqa"",""model_id"":""openai/gpt-oss-120b"",""gpu_model"":""H100"",""num_gpus"":2,""max_num_seqs"":384,""tensor_parallel"":2,""expert_parallel"":1,""data_parallel"":1,""seed"":48105,""num_request_repeats"":3}",gpqa,openai/gpt-oss-120b,unresolved,unresolved_vllm_harmony_path: v0.11.1 bypasses the Hugging Face chat template and the container-resolved openai-harmony version is not recorded,,,,,,,,,,,,,,,
"{""task"":""gpqa"",""model_id"":""openai/gpt-oss-120b"",""gpu_model"":""H100"",""num_gpus"":2,""max_num_seqs"":512,""tensor_parallel"":2,""expert_parallel"":1,""data_parallel"":1,""seed"":48105,""num_request_repeats"":4}",gpqa,openai/gpt-oss-120b,unresolved,unresolved_vllm_harmony_path: v0.11.1 bypasses the Hugging Face chat template and the container-resolved openai-harmony version is not recorded,,,,,,,,,,,,,,,
"{""task"":""gpqa"",""model_id"":""openai/gpt-oss-120b"",""gpu_model"":""H100"",""num_gpus"":2,""max_num_seqs"":64,""tensor_parallel"":2,""expert_parallel"":1,""data_parallel"":1,""seed"":48105,""num_request_repeats"":1}",gpqa,openai/gpt-oss-120b,unresolved,unresolved_vllm_harmony_path: v0.11.1 bypasses the Hugging Face chat template and the container-resolved openai-harmony version is not recorded,,,,,,,,,,,,,,,
"{""task"":""gpqa"",""model_id"":""openai/gpt-oss-120b"",""gpu_model"":""H100"",""num_gpus"":2,""max_num_seqs"":768,""tensor_parallel"":2,""expert_parallel"":1,""data_parallel"":1,""seed"":48105,""num_request_repeats"":5}",gpqa,openai/gpt-oss-120b,unresolved,unresolved_vllm_harmony_path: v0.11.1 bypasses the Hugging Face chat template and the container-resolved openai-harmony version is not recorded,,,,,,,,,,,,,,,
"{""task"":""gpqa"",""model_id"":""openai/gpt-oss-120b"",""gpu_model"":""H100"",""num_gpus"":2,""max_num_seqs"":8,""tensor_parallel"":2,""expert_parallel"":1,""data_parallel"":1,""seed"":48105,""num_request_repeats"":1}",gpqa,openai/gpt-oss-120b,unresolved,unresolved_vllm_harmony_path: v0.11.1 bypasses the Hugging Face chat template and the container-resolved openai-harmony version is not recorded,,,,,,,,,,,,,,,
"{""task"":""gpqa"",""model_id"":""openai/gpt-oss-120b"",""gpu_model"":""H100"",""num_gpus"":2,""max_num_seqs"":96,""tensor_parallel"":2,""expert_parallel"":1,""data_parallel"":1,""seed"":48105,""num_request_repeats"":1}",gpqa,openai/gpt-oss-120b,unresolved,unresolved_vllm_harmony_path: v0.11.1 bypasses the Hugging Face chat template and the container-resolved openai-harmony version is not recorded,,,,,,,,,,,,,,,
"{""task"":""gpqa"",""model_id"":""openai/gpt-oss-20b"",""gpu_model"":""B200"",""num_gpus"":1,""max_num_seqs"":1024,""tensor_parallel"":1,""expert_parallel"":1,""data_parallel"":1,""seed"":48105,""num_request_repeats"":6}",gpqa,openai/gpt-oss-20b,unresolved,unresolved_vllm_harmony_path: v0.11.1 bypasses the Hugging Face chat template and the container-resolved openai-harmony version is not recorded,,,,,,,,,,,,,,,
"{""task"":""gpqa"",""model_id"":""openai/gpt-oss-20b"",""gpu_model"":""B200"",""num_gpus"":1,""max_num_seqs"":128,""tensor_parallel"":1,""expert_parallel"":1,""data_parallel"":1,""seed"":48105,""num_request_repeats"":2}",gpqa,openai/gpt-oss-20b,unresolved,unresolved_vllm_harmony_path: v0.11.1 bypasses the Hugging Face chat template and the container-resolved openai-harmony version is not recorded,,,,,,,,,,,,,,,
"{""task"":""gpqa"",""model_id"":""openai/gpt-oss-20b"",""gpu_model"":""B200"",""num_gpus"":1,""max_num_seqs"":16,""tensor_parallel"":1,""expert_parallel"":1,""data_parallel"":1,""seed"":48105,""num_request_repeats"":1}",gpqa,openai/gpt-oss-20b,unresolved,unresolved_vllm_harmony_path: v0.11.1 bypasses the Hugging Face chat template and the container-resolved openai-harmony version is not recorded,,,,,,,,,,,,,,,
"{""task"":""gpqa"",""model_id"":""openai/gpt-oss-20b"",""gpu_model"":""B200"",""num_gpus"":1,""max_num_seqs"":2048,""tensor_parallel"":1,""expert_parallel"":1,""data_parallel"":1,""seed"":48105,""num_request_repeats"":11}",gpqa,openai/gpt-oss-20b,unresolved,unresolved_vllm_harmony_path: v0.11.1 bypasses the Hugging Face chat template and the container-resolved openai-harmony version is not recorded,,,,,,,,,,,,,,,
"{""task"":""gpqa"",""model_id"":""openai/gpt-oss-20b"",""gpu_model"":""B200"",""num_gpus"":1,""max_num_seqs"":256,""tensor_parallel"":1,""expert_parallel"":1,""data_parallel"":1,""seed"":48105,""num_request_repeats"":3}",gpqa,openai/gpt-oss-20b,unresolved,unresolved_vllm_harmony_path: v0.11.1 bypasses the Hugging Face chat template and the container-resolved openai-harmony version is not recorded,,,,,,,,,,,,,,,
"{""task"":""gpqa"",""model_id"":""openai/gpt-oss-20b"",""gpu_model"":""B200"",""num_gpus"":1,""max_num_seqs"":32,""tensor_parallel"":1,""expert_parallel"":1,""data_parallel"":1,""seed"":48105,""num_request_repeats"":1}",gpqa,openai/gpt-oss-20b,unresolved,unresolved_vllm_harmony_path: v0.11.1 bypasses the Hugging Face chat template and the container-resolved openai-harmony version is not recorded,,,,,,,,,,,,,,,
"{""task"":""gpqa"",""model_id"":""openai/gpt-oss-20b"",""gpu_model"":""B200"",""num_gpus"":1,""max_num_seqs"":384,""tensor_parallel"":1,""expert_parallel"":1,""data_parallel"":1,""seed"":48105,""num_request_repeats"":3}",gpqa,openai/gpt-oss-20b,unresolved,unresolved_vllm_harmony_path: v0.11.1 bypasses the Hugging Face chat template and the container-resolved openai-harmony version is not recorded,,,,,,,,,,,,,,,
"{""task"":""gpqa"",""model_id"":""openai/gpt-oss-20b"",""gpu_model"":""B200"",""num_gpus"":1,""max_num_seqs"":4096,""tensor_parallel"":1,""expert_parallel"":1,""data_parallel"":1,""seed"":48105,""num_request_repeats"":21}",gpqa,openai/gpt-oss-20b,unresolved,unresolved_vllm_harmony_path: v0.11.1 bypasses the Hugging Face chat template and the container-resolved openai-harmony version is not recorded,,,,,,,,,,,,,,,
"{""task"":""gpqa"",""model_id"":""openai/gpt-oss-20b"",""gpu_model"":""B200"",""num_gpus"":1,""max_num_seqs"":512,""tensor_parallel"":1,""expert_parallel"":1,""data_parallel"":1,""seed"":48105,""num_request_repeats"":4}",gpqa,openai/gpt-oss-20b,unresolved,unresolved_vllm_harmony_path: v0.11.1 bypasses the Hugging Face chat template and the container-resolved openai-harmony version is not recorded,,,,,,,,,,,,,,,
"{""task"":""gpqa"",""model_id"":""openai/gpt-oss-20b"",""gpu_model"":""B200"",""num_gpus"":1,""max_num_seqs"":64,""tensor_parallel"":1,""expert_parallel"":1,""data_parallel"":1,""seed"":48105,""num_request_repeats"":1}",gpqa,openai/gpt-oss-20b,unresolved,unresolved_vllm_harmony_path: v0.11.1 bypasses the Hugging Face chat template and the container-resolved openai-harmony version is not recorded,,,,,,,,,,,,,,,
"{""task"":""gpqa"",""model_id"":""openai/gpt-oss-20b"",""gpu_model"":""B200"",""num_gpus"":1,""max_num_seqs"":8,""tensor_parallel"":1,""expert_parallel"":1,""data_parallel"":1,""seed"":48105,""num_request_repeats"":1}",gpqa,openai/gpt-oss-20b,unresolved,unresolved_vllm_harmony_path: v0.11.1 bypasses the Hugging Face chat template and the container-resolved openai-harmony version is not recorded,,,,,,,,,,,,,,,
"{""task"":""gpqa"",""model_id"":""openai/gpt-oss-20b"",""gpu_model"":""H100"",""num_gpus"":1,""max_num_seqs"":1024,""tensor_parallel"":1,""expert_parallel"":1,""data_parallel"":1,""seed"":48105,""num_request_repeats"":6}",gpqa,openai/gpt-oss-20b,unresolved,unresolved_vllm_harmony_path: v0.11.1 bypasses the Hugging Face chat template and the container-resolved openai-harmony version is not recorded,,,,,,,,,,,,,,,
"{""task"":""gpqa"",""model_id"":""openai/gpt-oss-20b"",""gpu_model"":""H100"",""num_gpus"":1,""max_num_seqs"":128,""tensor_parallel"":1,""expert_parallel"":1,""data_parallel"":1,""seed"":48105,""num_request_repeats"":2}",gpqa,openai/gpt-oss-20b,unresolved,unresolved_vllm_harmony_path: v0.11.1 bypasses the Hugging Face chat template and the container-resolved openai-harmony version is not recorded,,,,,,,,,,,,,,,
"{""task"":""gpqa"",""model_id"":""openai/gpt-oss-20b"",""gpu_model"":""H100"",""num_gpus"":1,""max_num_seqs"":1536,""tensor_parallel"":1,""expert_parallel"":1,""data_parallel"":1,""seed"":48105,""num_request_repeats"":9}",gpqa,openai/gpt-oss-20b,unresolved,unresolved_vllm_harmony_path: v0.11.1 bypasses the Hugging Face chat template and the container-resolved openai-harmony version is not recorded,,,,,,,,,,,,,,,
"{""task"":""gpqa"",""model_id"":""openai/gpt-oss-20b"",""gpu_model"":""H100"",""num_gpus"":1,""max_num_seqs"":16,""tensor_parallel"":1,""expert_parallel"":1,""data_parallel"":1,""seed"":48105,""num_request_repeats"":1}",gpqa,openai/gpt-oss-20b,unresolved,unresolved_vllm_harmony_path: v0.11.1 bypasses the Hugging Face chat template and the container-resolved openai-harmony version is not recorded,,,,,,,,,,,,,,,
"{""task"":""gpqa"",""model_id"":""openai/gpt-oss-20b"",""gpu_model"":""H100"",""num_gpus"":1,""max_num_seqs"":192,""tensor_parallel"":1,""expert_parallel"":1,""data_parallel"":1,""seed"":48105,""num_request_repeats"":2}",gpqa,openai/gpt-oss-20b,unresolved,unresolved_vllm_harmony_path: v0.11.1 bypasses the Hugging Face chat template and the container-resolved openai-harmony version is not recorded,,,,,,,,,,,,,,,
"{""task"":""gpqa"",""model_id"":""openai/gpt-oss-20b"",""gpu_model"":""H100"",""num_gpus"":1,""max_num_seqs"":2048,""tensor_parallel"":1,""expert_parallel"":1,""data_parallel"":1,""seed"":48105,""num_request_repeats"":12}",gpqa,openai/gpt-oss-20b,unresolved,unresolved_vllm_harmony_path: v0.11.1 bypasses the Hugging Face chat template and the container-resolved openai-harmony version is not recorded,,,,,,,,,,,,,,,
"{""task"":""gpqa"",""model_id"":""openai/gpt-oss-20b"",""gpu_model"":""H100"",""num_gpus"":1,""max_num_seqs"":256,""tensor_parallel"":1,""expert_parallel"":1,""data_parallel"":1,""seed"":48105,""num_request_repeats"":2}",gpqa,openai/gpt-oss-20b,unresolved,unresolved_vllm_harmony_path: v0.11.1 bypasses the Hugging Face chat template and the container-resolved openai-harmony version is not recorded,,,,,,,,,,,,,,,
"{""task"":""gpqa"",""model_id"":""openai/gpt-oss-20b"",""gpu_model"":""H100"",""num_gpus"":1,""max_num_seqs"":32,""tensor_parallel"":1,""expert_parallel"":1,""data_parallel"":1,""seed"":48105,""num_request_repeats"":1}",gpqa,openai/gpt-oss-20b,unresolved,unresolved_vllm_harmony_path: v0.11.1 bypasses the Hugging Face chat template and the container-resolved openai-harmony version is not recorded,,,,,,,,,,,,,,,
"{""task"":""gpqa"",""model_id"":""openai/gpt-oss-20b"",""gpu_model"":""H100"",""num_gpus"":1,""max_num_seqs"":384,""tensor_parallel"":1,""expert_parallel"":1,""data_parallel"":1,""seed"":48105,""num_request_repeats"":3}",gpqa,openai/gpt-oss-20b,unresolved,unresolved_vllm_harmony_path: v0.11.1 bypasses the Hugging Face chat template and the container-resolved openai-harmony version is not recorded,,,,,,,,,,,,,,,
"{""task"":""gpqa"",""model_id"":""openai/gpt-oss-20b"",""gpu_model"":""H100"",""num_gpus"":1,""max_num_seqs"":512,""tensor_parallel"":1,""expert_parallel"":1,""data_parallel"":1,""seed"":48105,""num_request_repeats"":3}",gpqa,openai/gpt-oss-20b,unresolved,unresolved_vllm_harmony_path: v0.11.1 bypasses the Hugging Face chat template and the container-resolved openai-harmony version is not recorded,,,,,,,,,,,,,,,
"{""task"":""gpqa"",""model_id"":""openai/gpt-oss-20b"",""gpu_model"":""H100"",""num_gpus"":1,""max_num_seqs"":64,""tensor_parallel"":1,""expert_parallel"":1,""data_parallel"":1,""seed"":48105,""num_request_repeats"":1}",gpqa,openai/gpt-oss-20b,unresolved,unresolved_vllm_harmony_path: v0.11.1 bypasses the Hugging Face chat template and the container-resolved openai-harmony version is not recorded,,,,,,,,,,,,,,,
"{""task"":""gpqa"",""model_id"":""openai/gpt-oss-20b"",""gpu_model"":""H100"",""num_gpus"":1,""max_num_seqs"":768,""tensor_parallel"":1,""expert_parallel"":1,""data_parallel"":1,""seed"":48105,""num_request_repeats"":5}",gpqa,openai/gpt-oss-20b,unresolved,unresolved_vllm_harmony_path: v0.11.1 bypasses the Hugging Face chat template and the container-resolved openai-harmony version is not recorded,,,,,,,,,,,,,,,
"{""task"":""gpqa"",""model_id"":""openai/gpt-oss-20b"",""gpu_model"":""H100"",""num_gpus"":1,""max_num_seqs"":8,""tensor_parallel"":1,""expert_parallel"":1,""data_parallel"":1,""seed"":48105,""num_request_repeats"":1}",gpqa,openai/gpt-oss-20b,unresolved,unresolved_vllm_harmony_path: v0.11.1 bypasses the Hugging Face chat template and the container-resolved openai-harmony version is not recorded,,,,,,,,,,,,,,,
"{""task"":""gpqa"",""model_id"":""openai/gpt-oss-20b"",""gpu_model"":""H100"",""num_gpus"":1,""max_num_seqs"":96,""tensor_parallel"":1,""expert_parallel"":1,""data_parallel"":1,""seed"":48105,""num_request_repeats"":1}",gpqa,openai/gpt-oss-20b,unresolved,unresolved_vllm_harmony_path: v0.11.1 bypasses the Hugging Face chat template and the container-resolved openai-harmony version is not recorded,,,,,,,,,,,,,,,
"{""task"":""gpqa"",""model_id"":""openai/gpt-oss-20b"",""gpu_model"":""H100"",""num_gpus"":1,""max_num_seqs"":96,""tensor_parallel"":1,""expert_parallel"":1,""data_parallel"":1,""seed"":48105,""num_request_repeats"":2}",gpqa,openai/gpt-oss-20b,unresolved,unresolved_vllm_harmony_path: v0.11.1 bypasses the Hugging Face chat template and the container-resolved openai-harmony version is not recorded,,,,,,,,,,,,,,,
"{""task"":""lm-arena-chat"",""model_id"":""Qwen/Qwen3-14B"",""gpu_model"":""B200"",""num_gpus"":1,""max_num_seqs"":1024,""tensor_parallel"":1,""expert_parallel"":1,""data_parallel"":1,""seed"":48105,""num_request_repeats"":2}",lm-arena-chat,Qwen/Qwen3-14B,available,,string,a55ee1b1660128b7098723e0abcd92caa0788061051c62d51cbe87d9cf1974d8,,"{""enable_thinking"": false}",b34057d59c280781edb19eb4f7e6b6adef60d526dcb77f0147a7ff433c8ce729,2048.0,1381178.0,674.4033203125,108.0,2303.400000000001,3246.0999999999995,13.0,9752.0,1166.5869273279266,3718645550.0
"{""task"":""lm-arena-chat"",""model_id"":""Qwen/Qwen3-14B"",""gpu_model"":""B200"",""num_gpus"":1,""max_num_seqs"":128,""tensor_parallel"":1,""expert_parallel"":1,""data_parallel"":1,""seed"":48105,""num_request_repeats"":1}",lm-arena-chat,Qwen/Qwen3-14B,available,,string,a55ee1b1660128b7098723e0abcd92caa0788061051c62d51cbe87d9cf1974d8,,"{""enable_thinking"": false}",b34057d59c280781edb19eb4f7e6b6adef60d526dcb77f0147a7ff433c8ce729,1024.0,690589.0,674.4033203125,108.0,2303.400000000001,3246.0999999999995,13.0,9752.0,1166.5869273279266,1859322775.0
"{""task"":""lm-arena-chat"",""model_id"":""Qwen/Qwen3-14B"",""gpu_model"":""B200"",""num_gpus"":1,""max_num_seqs"":16,""tensor_parallel"":1,""expert_parallel"":1,""data_parallel"":1,""seed"":48105,""num_request_repeats"":1}",lm-arena-chat,Qwen/Qwen3-14B,available,,string,a55ee1b1660128b7098723e0abcd92caa0788061051c62d51cbe87d9cf1974d8,,"{""enable_thinking"": false}",b34057d59c280781edb19eb4f7e6b6adef60d526dcb77f0147a7ff433c8ce729,1024.0,690589.0,674.4033203125,108.0,2303.400000000001,3246.0999999999995,13.0,9752.0,1166.5869273279266,1859322775.0
"{""task"":""lm-arena-chat"",""model_id"":""Qwen/Qwen3-14B"",""gpu_model"":""B200"",""num_gpus"":1,""max_num_seqs"":2048,""tensor_parallel"":1,""expert_parallel"":1,""data_parallel"":1,""seed"":48105,""num_request_repeats"":3}",lm-arena-chat,Qwen/Qwen3-14B,available,,string,a55ee1b1660128b7098723e0abcd92caa0788061051c62d51cbe87d9cf1974d8,,"{""enable_thinking"": false}",b34057d59c280781edb19eb4f7e6b6adef60d526dcb77f0147a7ff433c8ce729,3072.0,2071767.0,674.4033203125,108.0,2303.400000000001,3246.0999999999995,13.0,9752.0,1166.5869273279266,5577968325.0
"{""task"":""lm-arena-chat"",""model_id"":""Qwen/Qwen3-14B"",""gpu_model"":""B200"",""num_gpus"":1,""max_num_seqs"":256,""tensor_parallel"":1,""expert_parallel"":1,""data_parallel"":1,""seed"":48105,""num_request_repeats"":1}",lm-arena-chat,Qwen/Qwen3-14B,available,,string,a55ee1b1660128b7098723e0abcd92caa0788061051c62d51cbe87d9cf1974d8,,"{""enable_thinking"": false}",b34057d59c280781edb19eb4f7e6b6adef60d526dcb77f0147a7ff433c8ce729,1024.0,690589.0,674.4033203125,108.0,2303.400000000001,3246.0999999999995,13.0,9752.0,1166.5869273279266,1859322775.0
"{""task"":""lm-arena-chat"",""model_id"":""Qwen/Qwen3-14B"",""gpu_model"":""B200"",""num_gpus"":1,""max_num_seqs"":32,""tensor_parallel"":1,""expert_parallel"":1,""data_parallel"":1,""seed"":48105,""num_request_repeats"":1}",lm-arena-chat,Qwen/Qwen3-14B,available,,string,a55ee1b1660128b7098723e0abcd92caa0788061051c62d51cbe87d9cf1974d8,,"{""enable_thinking"": false}",b34057d59c280781edb19eb4f7e6b6adef60d526dcb77f0147a7ff433c8ce729,1024.0,690589.0,674.4033203125,108.0,2303.400000000001,3246.0999999999995,13.0,9752.0,1166.5869273279266,1859322775.0
"{""task"":""lm-arena-chat"",""model_id"":""Qwen/Qwen3-14B"",""gpu_model"":""B200"",""num_gpus"":1,""max_num_seqs"":4096,""tensor_parallel"":1,""expert_parallel"":1,""data_parallel"":1,""seed"":48105,""num_request_repeats"":7}",lm-arena-chat,Qwen/Qwen3-14B,available,,string,a55ee1b1660128b7098723e0abcd92caa0788061051c62d51cbe87d9cf1974d8,,"{""enable_thinking"": false}",b34057d59c280781edb19eb4f7e6b6adef60d526dcb77f0147a7ff433c8ce729,7168.0,4834123.0,674.4033203125,108.0,2303.400000000001,3246.0999999999995,13.0,9752.0,1166.5869273279266,13015259425.0
"{""task"":""lm-arena-chat"",""model_id"":""Qwen/Qwen3-14B"",""gpu_model"":""B200"",""num_gpus"":1,""max_num_seqs"":512,""tensor_parallel"":1,""expert_parallel"":1,""data_parallel"":1,""seed"":48105,""num_request_repeats"":2}",lm-arena-chat,Qwen/Qwen3-14B,available,,string,a55ee1b1660128b7098723e0abcd92caa0788061051c62d51cbe87d9cf1974d8,,"{""enable_thinking"": false}",b34057d59c280781edb19eb4f7e6b6adef60d526dcb77f0147a7ff433c8ce729,2048.0,1381178.0,674.4033203125,108.0,2303.400000000001,3246.0999999999995,13.0,9752.0,1166.5869273279266,3718645550.0
"{""task"":""lm-arena-chat"",""model_id"":""Qwen/Qwen3-14B"",""gpu_model"":""B200"",""num_gpus"":1,""max_num_seqs"":64,""tensor_parallel"":1,""expert_parallel"":1,""data_parallel"":1,""seed"":48105,""num_request_repeats"":1}",lm-arena-chat,Qwen/Qwen3-14B,available,,string,a55ee1b1660128b7098723e0abcd92caa0788061051c62d51cbe87d9cf1974d8,,"{""enable_thinking"": false}",b34057d59c280781edb19eb4f7e6b6adef60d526dcb77f0147a7ff433c8ce729,1024.0,690589.0,674.4033203125,108.0,2303.400000000001,3246.0999999999995,13.0,9752.0,1166.5869273279266,1859322775.0
"{""task"":""lm-arena-chat"",""model_id"":""Qwen/Qwen3-14B"",""gpu_model"":""B200"",""num_gpus"":1,""max_num_seqs"":8,""tensor_parallel"":1,""expert_parallel"":1,""data_parallel"":1,""seed"":48105,""num_request_repeats"":1}",lm-arena-chat,Qwen/Qwen3-14B,available,,string,a55ee1b1660128b7098723e0abcd92caa0788061051c62d51cbe87d9cf1974d8,,"{""enable_thinking"": false}",b34057d59c280781edb19eb4f7e6b6adef60d526dcb77f0147a7ff433c8ce729,1024.0,690589.0,674.4033203125,108.0,2303.400000000001,3246.0999999999995,13.0,9752.0,1166.5869273279266,1859322775.0
"{""task"":""lm-arena-chat"",""model_id"":""Qwen/Qwen3-14B"",""gpu_model"":""H100"",""num_gpus"":1,""max_num_seqs"":128,""tensor_parallel"":1,""expert_parallel"":1,""data_parallel"":1,""seed"":48105,""num_request_repeats"":1}",lm-arena-chat,Qwen/Qwen3-14B,available,,string,a55ee1b1660128b7098723e0abcd92caa0788061051c62d51cbe87d9cf1974d8,,"{""enable_thinking"": false}",b34057d59c280781edb19eb4f7e6b6adef60d526dcb77f0147a7ff433c8ce729,1024.0,690589.0,674.4033203125,108.0,2303.400000000001,3246.0999999999995,13.0,9752.0,1166.5869273279266,1859322775.0
"{""task"":""lm-arena-chat"",""model_id"":""Qwen/Qwen3-14B"",""gpu_model"":""H100"",""num_gpus"":1,""max_num_seqs"":16,""tensor_parallel"":1,""expert_parallel"":1,""data_parallel"":1,""seed"":48105,""num_request_repeats"":1}",lm-arena-chat,Qwen/Qwen3-14B,available,,string,a55ee1b1660128b7098723e0abcd92caa0788061051c62d51cbe87d9cf1974d8,,"{""enable_thinking"": false}",b34057d59c280781edb19eb4f7e6b6adef60d526dcb77f0147a7ff433c8ce729,1024.0,690589.0,674.4033203125,108.0,2303.400000000001,3246.0999999999995,13.0,9752.0,1166.5869273279266,1859322775.0
"{""task"":""lm-arena-chat"",""model_id"":""Qwen/Qwen3-14B"",""gpu_model"":""H100"",""num_gpus"":1,""max_num_seqs"":192,""tensor_parallel"":1,""expert_parallel"":1,""data_parallel"":1,""seed"":48105,""num_request_repeats"":1}",lm-arena-chat,Qwen/Qwen3-14B,available,,string,a55ee1b1660128b7098723e0abcd92caa0788061051c62d51cbe87d9cf1974d8,,"{""enable_thinking"": false}",b34057d59c280781edb19eb4f7e6b6adef60d526dcb77f0147a7ff433c8ce729,1024.0,690589.0,674.4033203125,108.0,2303.400000000001,3246.0999999999995,13.0,9752.0,1166.5869273279266,1859322775.0
"{""task"":""lm-arena-chat"",""model_id"":""Qwen/Qwen3-14B"",""gpu_model"":""H100"",""num_gpus"":1,""max_num_seqs"":256,""tensor_parallel"":1,""expert_parallel"":1,""data_parallel"":1,""seed"":48105,""num_request_repeats"":1}",lm-arena-chat,Qwen/Qwen3-14B,available,,string,a55ee1b1660128b7098723e0abcd92caa0788061051c62d51cbe87d9cf1974d8,,"{""enable_thinking"": false}",b34057d59c280781edb19eb4f7e6b6adef60d526dcb77f0147a7ff433c8ce729,1024.0,690589.0,674.4033203125,108.0,2303.400000000001,3246.0999999999995,13.0,9752.0,1166.5869273279266,1859322775.0
"{""task"":""lm-arena-chat"",""model_id"":""Qwen/Qwen3-14B"",""gpu_model"":""H100"",""num_gpus"":1,""max_num_seqs"":32,""tensor_parallel"":1,""expert_parallel"":1,""data_parallel"":1,""seed"":48105,""num_request_repeats"":1}",lm-arena-chat,Qwen/Qwen3-14B,available,,string,a55ee1b1660128b7098723e0abcd92caa0788061051c62d51cbe87d9cf1974d8,,"{""enable_thinking"": false}",b34057d59c280781edb19eb4f7e6b6adef60d526dcb77f0147a7ff433c8ce729,1024.0,690589.0,674.4033203125,108.0,2303.400000000001,3246.0999999999995,13.0,9752.0,1166.5869273279266,1859322775.0
"{""task"":""lm-arena-chat"",""model_id"":""Qwen/Qwen3-14B"",""gpu_model"":""H100"",""num_gpus"":1,""max_num_seqs"":384,""tensor_parallel"":1,""expert_parallel"":1,""data_parallel"":1,""seed"":48105,""num_request_repeats"":1}",lm-arena-chat,Qwen/Qwen3-14B,available,,string,a55ee1b1660128b7098723e0abcd92caa0788061051c62d51cbe87d9cf1974d8,,"{""enable_thinking"": false}",b34057d59c280781edb19eb4f7e6b6adef60d526dcb77f0147a7ff433c8ce729,1024.0,690589.0,674.4033203125,108.0,2303.400000000001,3246.0999999999995,13.0,9752.0,1166.5869273279266,1859322775.0
"{""task"":""lm-arena-chat"",""model_id"":""Qwen/Qwen3-14B"",""gpu_model"":""H100"",""num_gpus"":1,""max_num_seqs"":512,""tensor_parallel"":1,""expert_parallel"":1,""data_parallel"":1,""seed"":48105,""num_request_repeats"":1}",lm-arena-chat,Qwen/Qwen3-14B,available,,string,a55ee1b1660128b7098723e0abcd92caa0788061051c62d51cbe87d9cf1974d8,,"{""enable_thinking"": false}",b34057d59c280781edb19eb4f7e6b6adef60d526dcb77f0147a7ff433c8ce729,1024.0,690589.0,674.4033203125,108.0,2303.400000000001,3246.0999999999995,13.0,9752.0,1166.5869273279266,1859322775.0
"{""task"":""lm-arena-chat"",""model_id"":""Qwen/Qwen3-14B"",""gpu_model"":""H100"",""num_gpus"":1,""max_num_seqs"":64,""tensor_parallel"":1,""expert_parallel"":1,""data_parallel"":1,""seed"":48105,""num_request_repeats"":1}",lm-arena-chat,Qwen/Qwen3-14B,available,,string,a55ee1b1660128b7098723e0abcd92caa0788061051c62d51cbe87d9cf1974d8,,"{""enable_thinking"": false}",b34057d59c280781edb19eb4f7e6b6adef60d526dcb77f0147a7ff433c8ce729,1024.0,690589.0,674.4033203125,108.0,2303.400000000001,3246.0999999999995,13.0,9752.0,1166.5869273279266,1859322775.0
"{""task"":""lm-arena-chat"",""model_id"":""Qwen/Qwen3-14B"",""gpu_model"":""H100"",""num_gpus"":1,""max_num_seqs"":8,""tensor_parallel"":1,""expert_parallel"":1,""data_parallel"":1,""seed"":48105,""num_request_repeats"":1}",lm-arena-chat,Qwen/Qwen3-14B,available,,string,a55ee1b1660128b7098723e0abcd92caa0788061051c62d51cbe87d9cf1974d8,,"{""enable_thinking"": false}",b34057d59c280781edb19eb4f7e6b6adef60d526dcb77f0147a7ff433c8ce729,1024.0,690589.0,674.4033203125,108.0,2303.400000000001,3246.0999999999995,13.0,9752.0,1166.5869273279266,1859322775.0
"{""task"":""lm-arena-chat"",""model_id"":""Qwen/Qwen3-14B"",""gpu_model"":""H100"",""num_gpus"":1,""max_num_seqs"":96,""tensor_parallel"":1,""expert_parallel"":1,""data_parallel"":1,""seed"":48105,""num_request_repeats"":1}",lm-arena-chat,Qwen/Qwen3-14B,available,,string,a55ee1b1660128b7098723e0abcd92caa0788061051c62d51cbe87d9cf1974d8,,"{""enable_thinking"": false}",b34057d59c280781edb19eb4f7e6b6adef60d526dcb77f0147a7ff433c8ce729,1024.0,690589.0,674.4033203125,108.0,2303.400000000001,3246.0999999999995,13.0,9752.0,1166.5869273279266,1859322775.0
"{""task"":""lm-arena-chat"",""model_id"":""Qwen/Qwen3-235B-A22B-Instruct-2507"",""gpu_model"":""B200"",""num_gpus"":4,""max_num_seqs"":1024,""tensor_parallel"":1,""expert_parallel"":4,""data_parallel"":1,""seed"":48105,""num_request_repeats"":2}",lm-arena-chat,Qwen/Qwen3-235B-A22B-Instruct-2507,available,,string,64f85b198065d0fba2a81f37e10ed68161ce2c19a754c7100e67e0ca2ee9c326,,{},119514254eedaa3a7a9ed1b8eb1545fcd5d602744b4b953324aea4d81d670834,2048.0,1372986.0,670.4033203125,104.0,2299.400000000001,3242.0999999999995,9.0,9748.0,1166.5869273279266,3707628894.0
"{""task"":""lm-arena-chat"",""model_id"":""Qwen/Qwen3-235B-A22B-Instruct-2507"",""gpu_model"":""B200"",""num_gpus"":4,""max_num_seqs"":128,""tensor_parallel"":1,""expert_parallel"":4,""data_parallel"":1,""seed"":48105,""num_request_repeats"":1}",lm-arena-chat,Qwen/Qwen3-235B-A22B-Instruct-2507,available,,string,64f85b198065d0fba2a81f37e10ed68161ce2c19a754c7100e67e0ca2ee9c326,,{},119514254eedaa3a7a9ed1b8eb1545fcd5d602744b4b953324aea4d81d670834,1024.0,686493.0,670.4033203125,104.0,2299.400000000001,3242.0999999999995,9.0,9748.0,1166.5869273279266,1853814447.0
"{""task"":""lm-arena-chat"",""model_id"":""Qwen/Qwen3-235B-A22B-Instruct-2507"",""gpu_model"":""B200"",""num_gpus"":4,""max_num_seqs"":1536,""tensor_parallel"":1,""expert_parallel"":4,""data_parallel"":1,""seed"":48105,""num_request_repeats"":3}",lm-arena-chat,Qwen/Qwen3-235B-A22B-Instruct-2507,available,,string,64f85b198065d0fba2a81f37e10ed68161ce2c19a754c7100e67e0ca2ee9c326,,{},119514254eedaa3a7a9ed1b8eb1545fcd5d602744b4b953324aea4d81d670834,3072.0,2059479.0,670.4033203125,104.0,2299.400000000001,3242.0999999999995,9.0,9748.0,1166.5869273279266,5561443341.0
"{""task"":""lm-arena-chat"",""model_id"":""Qwen/Qwen3-235B-A22B-Instruct-2507"",""gpu_model"":""B200"",""num_gpus"":4,""max_num_seqs"":16,""tensor_parallel"":1,""expert_parallel"":4,""data_parallel"":1,""seed"":48105,""num_request_repeats"":1}",lm-arena-chat,Qwen/Qwen3-235B-A22B-Instruct-2507,available,,string,64f85b198065d0fba2a81f37e10ed68161ce2c19a754c7100e67e0ca2ee9c326,,{},119514254eedaa3a7a9ed1b8eb1545fcd5d602744b4b953324aea4d81d670834,1024.0,686493.0,670.4033203125,104.0,2299.400000000001,3242.0999999999995,9.0,9748.0,1166.5869273279266,1853814447.0
"{""task"":""lm-arena-chat"",""model_id"":""Qwen/Qwen3-235B-A22B-Instruct-2507"",""gpu_model"":""B200"",""num_gpus"":4,""max_num_seqs"":2048,""tensor_parallel"":1,""expert_parallel"":4,""data_parallel"":1,""seed"":48105,""num_request_repeats"":3}",lm-arena-chat,Qwen/Qwen3-235B-A22B-Instruct-2507,available,,string,64f85b198065d0fba2a81f37e10ed68161ce2c19a754c7100e67e0ca2ee9c326,,{},119514254eedaa3a7a9ed1b8eb1545fcd5d602744b4b953324aea4d81d670834,3072.0,2059479.0,670.4033203125,104.0,2299.400000000001,3242.0999999999995,9.0,9748.0,1166.5869273279266,5561443341.0
"{""task"":""lm-arena-chat"",""model_id"":""Qwen/Qwen3-235B-A22B-Instruct-2507"",""gpu_model"":""B200"",""num_gpus"":4,""max_num_seqs"":256,""tensor_parallel"":1,""expert_parallel"":4,""data_parallel"":1,""seed"":48105,""num_request_repeats"":1}",lm-arena-chat,Qwen/Qwen3-235B-A22B-Instruct-2507,available,,string,64f85b198065d0fba2a81f37e10ed68161ce2c19a754c7100e67e0ca2ee9c326,,{},119514254eedaa3a7a9ed1b8eb1545fcd5d602744b4b953324aea4d81d670834,1024.0,686493.0,670.4033203125,104.0,2299.400000000001,3242.0999999999995,9.0,9748.0,1166.5869273279266,1853814447.0
"{""task"":""lm-arena-chat"",""model_id"":""Qwen/Qwen3-235B-A22B-Instruct-2507"",""gpu_model"":""B200"",""num_gpus"":4,""max_num_seqs"":3072,""tensor_parallel"":1,""expert_parallel"":4,""data_parallel"":1,""seed"":48105,""num_request_repeats"":4}",lm-arena-chat,Qwen/Qwen3-235B-A22B-Instruct-2507,available,,string,64f85b198065d0fba2a81f37e10ed68161ce2c19a754c7100e67e0ca2ee9c326,,{},119514254eedaa3a7a9ed1b8eb1545fcd5d602744b4b953324aea4d81d670834,4096.0,2745972.0,670.4033203125,104.0,2299.400000000001,3242.0999999999995,9.0,9748.0,1166.5869273279266,7415257788.0
"{""task"":""lm-arena-chat"",""model_id"":""Qwen/Qwen3-235B-A22B-Instruct-2507"",""gpu_model"":""B200"",""num_gpus"":4,""max_num_seqs"":32,""tensor_parallel"":1,""expert_parallel"":4,""data_parallel"":1,""seed"":48105,""num_request_repeats"":1}",lm-arena-chat,Qwen/Qwen3-235B-A22B-Instruct-2507,available,,string,64f85b198065d0fba2a81f37e10ed68161ce2c19a754c7100e67e0ca2ee9c326,,{},119514254eedaa3a7a9ed1b8eb1545fcd5d602744b4b953324aea4d81d670834,1024.0,686493.0,670.4033203125,104.0,2299.400000000001,3242.0999999999995,9.0,9748.0,1166.5869273279266,1853814447.0
"{""task"":""lm-arena-chat"",""model_id"":""Qwen/Qwen3-235B-A22B-Instruct-2507"",""gpu_model"":""B200"",""num_gpus"":4,""max_num_seqs"":4096,""tensor_parallel"":1,""expert_parallel"":4,""data_parallel"":1,""seed"":48105,""num_request_repeats"":5}",lm-arena-chat,Qwen/Qwen3-235B-A22B-Instruct-2507,available,,string,64f85b198065d0fba2a81f37e10ed68161ce2c19a754c7100e67e0ca2ee9c326,,{},119514254eedaa3a7a9ed1b8eb1545fcd5d602744b4b953324aea4d81d670834,5120.0,3432465.0,670.4033203125,104.0,2299.400000000001,3242.0999999999995,9.0,9748.0,1166.5869273279266,9269072235.0
"{""task"":""lm-arena-chat"",""model_id"":""Qwen/Qwen3-235B-A22B-Instruct-2507"",""gpu_model"":""B200"",""num_gpus"":4,""max_num_seqs"":512,""tensor_parallel"":1,""expert_parallel"":4,""data_parallel"":1,""seed"":48105,""num_request_repeats"":2}",lm-arena-chat,Qwen/Qwen3-235B-A22B-Instruct-2507,available,,string,64f85b198065d0fba2a81f37e10ed68161ce2c19a754c7100e67e0ca2ee9c326,,{},119514254eedaa3a7a9ed1b8eb1545fcd5d602744b4b953324aea4d81d670834,2048.0,1372986.0,670.4033203125,104.0,2299.400000000001,3242.0999999999995,9.0,9748.0,1166.5869273279266,3707628894.0
"{""task"":""lm-arena-chat"",""model_id"":""Qwen/Qwen3-235B-A22B-Instruct-2507"",""gpu_model"":""B200"",""num_gpus"":4,""max_num_seqs"":64,""tensor_parallel"":1,""expert_parallel"":4,""data_parallel"":1,""seed"":48105,""num_request_repeats"":1}",lm-arena-chat,Qwen/Qwen3-235B-A22B-Instruct-2507,available,,string,64f85b198065d0fba2a81f37e10ed68161ce2c19a754c7100e67e0ca2ee9c326,,{},119514254eedaa3a7a9ed1b8eb1545fcd5d602744b4b953324aea4d81d670834,1024.0,686493.0,670.4033203125,104.0,2299.400000000001,3242.0999999999995,9.0,9748.0,1166.5869273279266,1853814447.0
"{""task"":""lm-arena-chat"",""model_id"":""Qwen/Qwen3-235B-A22B-Instruct-2507"",""gpu_model"":""B200"",""num_gpus"":4,""max_num_seqs"":8,""tensor_parallel"":1,""expert_parallel"":4,""data_parallel"":1,""seed"":48105,""num_request_repeats"":1}",lm-arena-chat,Qwen/Qwen3-235B-A22B-Instruct-2507,available,,string,64f85b198065d0fba2a81f37e10ed68161ce2c19a754c7100e67e0ca2ee9c326,,{},119514254eedaa3a7a9ed1b8eb1545fcd5d602744b4b953324aea4d81d670834,1024.0,686493.0,670.4033203125,104.0,2299.400000000001,3242.0999999999995,9.0,9748.0,1166.5869273279266,1853814447.0
"{""task"":""lm-arena-chat"",""model_id"":""Qwen/Qwen3-235B-A22B-Instruct-2507"",""gpu_model"":""B200"",""num_gpus"":8,""max_num_seqs"":1024,""tensor_parallel"":1,""expert_parallel"":8,""data_parallel"":1,""seed"":48105,""num_request_repeats"":2}",lm-arena-chat,Qwen/Qwen3-235B-A22B-Instruct-2507,available,,string,64f85b198065d0fba2a81f37e10ed68161ce2c19a754c7100e67e0ca2ee9c326,,{},119514254eedaa3a7a9ed1b8eb1545fcd5d602744b4b953324aea4d81d670834,2048.0,1372986.0,670.4033203125,104.0,2299.400000000001,3242.0999999999995,9.0,9748.0,1166.5869273279266,3707628894.0
"{""task"":""lm-arena-chat"",""model_id"":""Qwen/Qwen3-235B-A22B-Instruct-2507"",""gpu_model"":""B200"",""num_gpus"":8,""max_num_seqs"":128,""tensor_parallel"":1,""expert_parallel"":8,""data_parallel"":1,""seed"":48105,""num_request_repeats"":1}",lm-arena-chat,Qwen/Qwen3-235B-A22B-Instruct-2507,available,,string,64f85b198065d0fba2a81f37e10ed68161ce2c19a754c7100e67e0ca2ee9c326,,{},119514254eedaa3a7a9ed1b8eb1545fcd5d602744b4b953324aea4d81d670834,1024.0,686493.0,670.4033203125,104.0,2299.400000000001,3242.0999999999995,9.0,9748.0,1166.5869273279266,1853814447.0
"{""task"":""lm-arena-chat"",""model_id"":""Qwen/Qwen3-235B-A22B-Instruct-2507"",""gpu_model"":""B200"",""num_gpus"":8,""max_num_seqs"":1536,""tensor_parallel"":1,""expert_parallel"":8,""data_parallel"":1,""seed"":48105,""num_request_repeats"":3}",lm-arena-chat,Qwen/Qwen3-235B-A22B-Instruct-2507,available,,string,64f85b198065d0fba2a81f37e10ed68161ce2c19a754c7100e67e0ca2ee9c326,,{},119514254eedaa3a7a9ed1b8eb1545fcd5d602744b4b953324aea4d81d670834,3072.0,2059479.0,670.4033203125,104.0,2299.400000000001,3242.0999999999995,9.0,9748.0,1166.5869273279266,5561443341.0
"{""task"":""lm-arena-chat"",""model_id"":""Qwen/Qwen3-235B-A22B-Instruct-2507"",""gpu_model"":""B200"",""num_gpus"":8,""max_num_seqs"":16,""tensor_parallel"":1,""expert_parallel"":8,""data_parallel"":1,""seed"":48105,""num_request_repeats"":1}",lm-arena-chat,Qwen/Qwen3-235B-A22B-Instruct-2507,available,,string,64f85b198065d0fba2a81f37e10ed68161ce2c19a754c7100e67e0ca2ee9c326,,{},119514254eedaa3a7a9ed1b8eb1545fcd5d602744b4b953324aea4d81d670834,1024.0,686493.0,670.4033203125,104.0,2299.400000000001,3242.0999999999995,9.0,9748.0,1166.5869273279266,1853814447.0
"{""task"":""lm-arena-chat"",""model_id"":""Qwen/Qwen3-235B-A22B-Instruct-2507"",""gpu_model"":""B200"",""num_gpus"":8,""max_num_seqs"":2048,""tensor_parallel"":1,""expert_parallel"":8,""data_parallel"":1,""seed"":48105,""num_request_repeats"":3}",lm-arena-chat,Qwen/Qwen3-235B-A22B-Instruct-2507,available,,string,64f85b198065d0fba2a81f37e10ed68161ce2c19a754c7100e67e0ca2ee9c326,,{},119514254eedaa3a7a9ed1b8eb1545fcd5d602744b4b953324aea4d81d670834,3072.0,2059479.0,670.4033203125,104.0,2299.400000000001,3242.0999999999995,9.0,9748.0,1166.5869273279266,5561443341.0
"{""task"":""lm-arena-chat"",""model_id"":""Qwen/Qwen3-235B-A22B-Instruct-2507"",""gpu_model"":""B200"",""num_gpus"":8,""max_num_seqs"":256,""tensor_parallel"":1,""expert_parallel"":8,""data_parallel"":1,""seed"":48105,""num_request_repeats"":1}",lm-arena-chat,Qwen/Qwen3-235B-A22B-Instruct-2507,available,,string,64f85b198065d0fba2a81f37e10ed68161ce2c19a754c7100e67e0ca2ee9c326,,{},119514254eedaa3a7a9ed1b8eb1545fcd5d602744b4b953324aea4d81d670834,1024.0,686493.0,670.4033203125,104.0,2299.400000000001,3242.0999999999995,9.0,9748.0,1166.5869273279266,1853814447.0
"{""task"":""lm-arena-chat"",""model_id"":""Qwen/Qwen3-235B-A22B-Instruct-2507"",""gpu_model"":""B200"",""num_gpus"":8,""max_num_seqs"":32,""tensor_parallel"":1,""expert_parallel"":8,""data_parallel"":1,""seed"":48105,""num_request_repeats"":1}",lm-arena-chat,Qwen/Qwen3-235B-A22B-Instruct-2507,available,,string,64f85b198065d0fba2a81f37e10ed68161ce2c19a754c7100e67e0ca2ee9c326,,{},119514254eedaa3a7a9ed1b8eb1545fcd5d602744b4b953324aea4d81d670834,1024.0,686493.0,670.4033203125,104.0,2299.400000000001,3242.0999999999995,9.0,9748.0,1166.5869273279266,1853814447.0
"{""task"":""lm-arena-chat"",""model_id"":""Qwen/Qwen3-235B-A22B-Instruct-2507"",""gpu_model"":""B200"",""num_gpus"":8,""max_num_seqs"":4096,""tensor_parallel"":1,""expert_parallel"":8,""data_parallel"":1,""seed"":48105,""num_request_repeats"":6}",lm-arena-chat,Qwen/Qwen3-235B-A22B-Instruct-2507,available,,string,64f85b198065d0fba2a81f37e10ed68161ce2c19a754c7100e67e0ca2ee9c326,,{},119514254eedaa3a7a9ed1b8eb1545fcd5d602744b4b953324aea4d81d670834,6144.0,4118958.0,670.4033203125,104.0,2299.400000000001,3242.0999999999995,9.0,9748.0,1166.5869273279266,11122886682.0
"{""task"":""lm-arena-chat"",""model_id"":""Qwen/Qwen3-235B-A22B-Instruct-2507"",""gpu_model"":""B200"",""num_gpus"":8,""max_num_seqs"":512,""tensor_parallel"":1,""expert_parallel"":8,""data_parallel"":1,""seed"":48105,""num_request_repeats"":2}",lm-arena-chat,Qwen/Qwen3-235B-A22B-Instruct-2507,available,,string,64f85b198065d0fba2a81f37e10ed68161ce2c19a754c7100e67e0ca2ee9c326,,{},119514254eedaa3a7a9ed1b8eb1545fcd5d602744b4b953324aea4d81d670834,2048.0,1372986.0,670.4033203125,104.0,2299.400000000001,3242.0999999999995,9.0,9748.0,1166.5869273279266,3707628894.0
"{""task"":""lm-arena-chat"",""model_id"":""Qwen/Qwen3-235B-A22B-Instruct-2507"",""gpu_model"":""B200"",""num_gpus"":8,""max_num_seqs"":64,""tensor_parallel"":1,""expert_parallel"":8,""data_parallel"":1,""seed"":48105,""num_request_repeats"":1}",lm-arena-chat,Qwen/Qwen3-235B-A22B-Instruct-2507,available,,string,64f85b198065d0fba2a81f37e10ed68161ce2c19a754c7100e67e0ca2ee9c326,,{},119514254eedaa3a7a9ed1b8eb1545fcd5d602744b4b953324aea4d81d670834,1024.0,686493.0,670.4033203125,104.0,2299.400000000001,3242.0999999999995,9.0,9748.0,1166.5869273279266,1853814447.0
"{""task"":""lm-arena-chat"",""model_id"":""Qwen/Qwen3-235B-A22B-Instruct-2507"",""gpu_model"":""B200"",""num_gpus"":8,""max_num_seqs"":8,""tensor_parallel"":1,""expert_parallel"":8,""data_parallel"":1,""seed"":48105,""num_request_repeats"":1}",lm-arena-chat,Qwen/Qwen3-235B-A22B-Instruct-2507,available,,string,64f85b198065d0fba2a81f37e10ed68161ce2c19a754c7100e67e0ca2ee9c326,,{},119514254eedaa3a7a9ed1b8eb1545fcd5d602744b4b953324aea4d81d670834,1024.0,686493.0,670.4033203125,104.0,2299.400000000001,3242.0999999999995,9.0,9748.0,1166.5869273279266,1853814447.0
"{""task"":""lm-arena-chat"",""model_id"":""Qwen/Qwen3-235B-A22B-Instruct-2507"",""gpu_model"":""H100"",""num_gpus"":8,""max_num_seqs"":128,""tensor_parallel"":1,""expert_parallel"":8,""data_parallel"":1,""seed"":48105,""num_request_repeats"":1}",lm-arena-chat,Qwen/Qwen3-235B-A22B-Instruct-2507,available,,string,64f85b198065d0fba2a81f37e10ed68161ce2c19a754c7100e67e0ca2ee9c326,,{},119514254eedaa3a7a9ed1b8eb1545fcd5d602744b4b953324aea4d81d670834,1024.0,686493.0,670.4033203125,104.0,2299.400000000001,3242.0999999999995,9.0,9748.0,1166.5869273279266,1853814447.0
"{""task"":""lm-arena-chat"",""model_id"":""Qwen/Qwen3-235B-A22B-Instruct-2507"",""gpu_model"":""H100"",""num_gpus"":8,""max_num_seqs"":16,""tensor_parallel"":1,""expert_parallel"":8,""data_parallel"":1,""seed"":48105,""num_request_repeats"":1}",lm-arena-chat,Qwen/Qwen3-235B-A22B-Instruct-2507,available,,string,64f85b198065d0fba2a81f37e10ed68161ce2c19a754c7100e67e0ca2ee9c326,,{},119514254eedaa3a7a9ed1b8eb1545fcd5d602744b4b953324aea4d81d670834,1024.0,686493.0,670.4033203125,104.0,2299.400000000001,3242.0999999999995,9.0,9748.0,1166.5869273279266,1853814447.0
"{""task"":""lm-arena-chat"",""model_id"":""Qwen/Qwen3-235B-A22B-Instruct-2507"",""gpu_model"":""H100"",""num_gpus"":8,""max_num_seqs"":192,""tensor_parallel"":1,""expert_parallel"":8,""data_parallel"":1,""seed"":48105,""num_request_repeats"":1}",lm-arena-chat,Qwen/Qwen3-235B-A22B-Instruct-2507,available,,string,64f85b198065d0fba2a81f37e10ed68161ce2c19a754c7100e67e0ca2ee9c326,,{},119514254eedaa3a7a9ed1b8eb1545fcd5d602744b4b953324aea4d81d670834,1024.0,686493.0,670.4033203125,104.0,2299.400000000001,3242.0999999999995,9.0,9748.0,1166.5869273279266,1853814447.0
"{""task"":""lm-arena-chat"",""model_id"":""Qwen/Qwen3-235B-A22B-Instruct-2507"",""gpu_model"":""H100"",""num_gpus"":8,""max_num_seqs"":256,""tensor_parallel"":1,""expert_parallel"":8,""data_parallel"":1,""seed"":48105,""num_request_repeats"":1}",lm-arena-chat,Qwen/Qwen3-235B-A22B-Instruct-2507,available,,string,64f85b198065d0fba2a81f37e10ed68161ce2c19a754c7100e67e0ca2ee9c326,,{},119514254eedaa3a7a9ed1b8eb1545fcd5d602744b4b953324aea4d81d670834,1024.0,686493.0,670.4033203125,104.0,2299.400000000001,3242.0999999999995,9.0,9748.0,1166.5869273279266,1853814447.0
"{""task"":""lm-arena-chat"",""model_id"":""Qwen/Qwen3-235B-A22B-Instruct-2507"",""gpu_model"":""H100"",""num_gpus"":8,""max_num_seqs"":32,""tensor_parallel"":1,""expert_parallel"":8,""data_parallel"":1,""seed"":48105,""num_request_repeats"":1}",lm-arena-chat,Qwen/Qwen3-235B-A22B-Instruct-2507,available,,string,64f85b198065d0fba2a81f37e10ed68161ce2c19a754c7100e67e0ca2ee9c326,,{},119514254eedaa3a7a9ed1b8eb1545fcd5d602744b4b953324aea4d81d670834,1024.0,686493.0,670.4033203125,104.0,2299.400000000001,3242.0999999999995,9.0,9748.0,1166.5869273279266,1853814447.0
"{""task"":""lm-arena-chat"",""model_id"":""Qwen/Qwen3-235B-A22B-Instruct-2507"",""gpu_model"":""H100"",""num_gpus"":8,""max_num_seqs"":384,""tensor_parallel"":1,""expert_parallel"":8,""data_parallel"":1,""seed"":48105,""num_request_repeats"":1}",lm-arena-chat,Qwen/Qwen3-235B-A22B-Instruct-2507,available,,string,64f85b198065d0fba2a81f37e10ed68161ce2c19a754c7100e67e0ca2ee9c326,,{},119514254eedaa3a7a9ed1b8eb1545fcd5d602744b4b953324aea4d81d670834,1024.0,686493.0,670.4033203125,104.0,2299.400000000001,3242.0999999999995,9.0,9748.0,1166.5869273279266,1853814447.0
"{""task"":""lm-arena-chat"",""model_id"":""Qwen/Qwen3-235B-A22B-Instruct-2507"",""gpu_model"":""H100"",""num_gpus"":8,""max_num_seqs"":512,""tensor_parallel"":1,""expert_parallel"":8,""data_parallel"":1,""seed"":48105,""num_request_repeats"":1}",lm-arena-chat,Qwen/Qwen3-235B-A22B-Instruct-2507,available,,string,64f85b198065d0fba2a81f37e10ed68161ce2c19a754c7100e67e0ca2ee9c326,,{},119514254eedaa3a7a9ed1b8eb1545fcd5d602744b4b953324aea4d81d670834,1024.0,686493.0,670.4033203125,104.0,2299.400000000001,3242.0999999999995,9.0,9748.0,1166.5869273279266,1853814447.0
"{""task"":""lm-arena-chat"",""model_id"":""Qwen/Qwen3-235B-A22B-Instruct-2507"",""gpu_model"":""H100"",""num_gpus"":8,""max_num_seqs"":64,""tensor_parallel"":1,""expert_parallel"":8,""data_parallel"":1,""seed"":48105,""num_request_repeats"":1}",lm-arena-chat,Qwen/Qwen3-235B-A22B-Instruct-2507,available,,string,64f85b198065d0fba2a81f37e10ed68161ce2c19a754c7100e67e0ca2ee9c326,,{},119514254eedaa3a7a9ed1b8eb1545fcd5d602744b4b953324aea4d81d670834,1024.0,686493.0,670.4033203125,104.0,2299.400000000001,3242.0999999999995,9.0,9748.0,1166.5869273279266,1853814447.0
"{""task"":""lm-arena-chat"",""model_id"":""Qwen/Qwen3-235B-A22B-Instruct-2507"",""gpu_model"":""H100"",""num_gpus"":8,""max_num_seqs"":8,""tensor_parallel"":1,""expert_parallel"":8,""data_parallel"":1,""seed"":48105,""num_request_repeats"":1}",lm-arena-chat,Qwen/Qwen3-235B-A22B-Instruct-2507,available,,string,64f85b198065d0fba2a81f37e10ed68161ce2c19a754c7100e67e0ca2ee9c326,,{},119514254eedaa3a7a9ed1b8eb1545fcd5d602744b4b953324aea4d81d670834,1024.0,686493.0,670.4033203125,104.0,2299.400000000001,3242.0999999999995,9.0,9748.0,1166.5869273279266,1853814447.0
"{""task"":""lm-arena-chat"",""model_id"":""Qwen/Qwen3-235B-A22B-Instruct-2507"",""gpu_model"":""H100"",""num_gpus"":8,""max_num_seqs"":96,""tensor_parallel"":1,""expert_parallel"":8,""data_parallel"":1,""seed"":48105,""num_request_repeats"":1}",lm-arena-chat,Qwen/Qwen3-235B-A22B-Instruct-2507,available,,string,64f85b198065d0fba2a81f37e10ed68161ce2c19a754c7100e67e0ca2ee9c326,,{},119514254eedaa3a7a9ed1b8eb1545fcd5d602744b4b953324aea4d81d670834,1024.0,686493.0,670.4033203125,104.0,2299.400000000001,3242.0999999999995,9.0,9748.0,1166.5869273279266,1853814447.0
"{""task"":""lm-arena-chat"",""model_id"":""Qwen/Qwen3-235B-A22B-Instruct-2507-FP8"",""gpu_model"":""B200"",""num_gpus"":2,""max_num_seqs"":128,""tensor_parallel"":1,""expert_parallel"":2,""data_parallel"":1,""seed"":48105,""num_request_repeats"":1}",lm-arena-chat,Qwen/Qwen3-235B-A22B-Instruct-2507-FP8,available,,string,64f85b198065d0fba2a81f37e10ed68161ce2c19a754c7100e67e0ca2ee9c326,,{},119514254eedaa3a7a9ed1b8eb1545fcd5d602744b4b953324aea4d81d670834,1024.0,686493.0,670.4033203125,104.0,2299.400000000001,3242.0999999999995,9.0,9748.0,1166.5869273279266,1853814447.0
"{""task"":""lm-arena-chat"",""model_id"":""Qwen/Qwen3-235B-A22B-Instruct-2507-FP8"",""gpu_model"":""B200"",""num_gpus"":2,""max_num_seqs"":16,""tensor_parallel"":1,""expert_parallel"":2,""data_parallel"":1,""seed"":48105,""num_request_repeats"":1}",lm-arena-chat,Qwen/Qwen3-235B-A22B-Instruct-2507-FP8,available,,string,64f85b198065d0fba2a81f37e10ed68161ce2c19a754c7100e67e0ca2ee9c326,,{},119514254eedaa3a7a9ed1b8eb1545fcd5d602744b4b953324aea4d81d670834,1024.0,686493.0,670.4033203125,104.0,2299.400000000001,3242.0999999999995,9.0,9748.0,1166.5869273279266,1853814447.0
"{""task"":""lm-arena-chat"",""model_id"":""Qwen/Qwen3-235B-A22B-Instruct-2507-FP8"",""gpu_model"":""B200"",""num_gpus"":2,""max_num_seqs"":256,""tensor_parallel"":1,""expert_parallel"":2,""data_parallel"":1,""seed"":48105,""num_request_repeats"":2}",lm-arena-chat,Qwen/Qwen3-235B-A22B-Instruct-2507-FP8,available,,string,64f85b198065d0fba2a81f37e10ed68161ce2c19a754c7100e67e0ca2ee9c326,,{},119514254eedaa3a7a9ed1b8eb1545fcd5d602744b4b953324aea4d81d670834,2048.0,1372986.0,670.4033203125,104.0,2299.400000000001,3242.0999999999995,9.0,9748.0,1166.5869273279266,3707628894.0
"{""task"":""lm-arena-chat"",""model_id"":""Qwen/Qwen3-235B-A22B-Instruct-2507-FP8"",""gpu_model"":""B200"",""num_gpus"":2,""max_num_seqs"":32,""tensor_parallel"":1,""expert_parallel"":2,""data_parallel"":1,""seed"":48105,""num_request_repeats"":1}",lm-arena-chat,Qwen/Qwen3-235B-A22B-Instruct-2507-FP8,available,,string,64f85b198065d0fba2a81f37e10ed68161ce2c19a754c7100e67e0ca2ee9c326,,{},119514254eedaa3a7a9ed1b8eb1545fcd5d602744b4b953324aea4d81d670834,1024.0,686493.0,670.4033203125,104.0,2299.400000000001,3242.0999999999995,9.0,9748.0,1166.5869273279266,1853814447.0
"{""task"":""lm-arena-chat"",""model_id"":""Qwen/Qwen3-235B-A22B-Instruct-2507-FP8"",""gpu_model"":""B200"",""num_gpus"":2,""max_num_seqs"":512,""tensor_parallel"":1,""expert_parallel"":2,""data_parallel"":1,""seed"":48105,""num_request_repeats"":2}",lm-arena-chat,Qwen/Qwen3-235B-A22B-Instruct-2507-FP8,available,,string,64f85b198065d0fba2a81f37e10ed68161ce2c19a754c7100e67e0ca2ee9c326,,{},119514254eedaa3a7a9ed1b8eb1545fcd5d602744b4b953324aea4d81d670834,2048.0,1372986.0,670.4033203125,104.0,2299.400000000001,3242.0999999999995,9.0,9748.0,1166.5869273279266,3707628894.0
"{""task"":""lm-arena-chat"",""model_id"":""Qwen/Qwen3-235B-A22B-Instruct-2507-FP8"",""gpu_model"":""B200"",""num_gpus"":2,""max_num_seqs"":512,""tensor_parallel"":1,""expert_parallel"":2,""data_parallel"":1,""seed"":48105,""num_request_repeats"":3}",lm-arena-chat,Qwen/Qwen3-235B-A22B-Instruct-2507-FP8,available,,string,64f85b198065d0fba2a81f37e10ed68161ce2c19a754c7100e67e0ca2ee9c326,,{},119514254eedaa3a7a9ed1b8eb1545fcd5d602744b4b953324aea4d81d670834,3072.0,2059479.0,670.4033203125,104.0,2299.400000000001,3242.0999999999995,9.0,9748.0,1166.5869273279266,5561443341.0
"{""task"":""lm-arena-chat"",""model_id"":""Qwen/Qwen3-235B-A22B-Instruct-2507-FP8"",""gpu_model"":""B200"",""num_gpus"":2,""max_num_seqs"":64,""tensor_parallel"":1,""expert_parallel"":2,""data_parallel"":1,""seed"":48105,""num_request_repeats"":1}",lm-arena-chat,Qwen/Qwen3-235B-A22B-Instruct-2507-FP8,available,,string,64f85b198065d0fba2a81f37e10ed68161ce2c19a754c7100e67e0ca2ee9c326,,{},119514254eedaa3a7a9ed1b8eb1545fcd5d602744b4b953324aea4d81d670834,1024.0,686493.0,670.4033203125,104.0,2299.400000000001,3242.0999999999995,9.0,9748.0,1166.5869273279266,1853814447.0
"{""task"":""lm-arena-chat"",""model_id"":""Qwen/Qwen3-235B-A22B-Instruct-2507-FP8"",""gpu_model"":""B200"",""num_gpus"":2,""max_num_seqs"":8,""tensor_parallel"":1,""expert_parallel"":2,""data_parallel"":1,""seed"":48105,""num_request_repeats"":1}",lm-arena-chat,Qwen/Qwen3-235B-A22B-Instruct-2507-FP8,available,,string,64f85b198065d0fba2a81f37e10ed68161ce2c19a754c7100e67e0ca2ee9c326,,{},119514254eedaa3a7a9ed1b8eb1545fcd5d602744b4b953324aea4d81d670834,1024.0,686493.0,670.4033203125,104.0,2299.400000000001,3242.0999999999995,9.0,9748.0,1166.5869273279266,1853814447.0
"{""task"":""lm-arena-chat"",""model_id"":""Qwen/Qwen3-235B-A22B-Instruct-2507-FP8"",""gpu_model"":""H100"",""num_gpus"":4,""max_num_seqs"":128,""tensor_parallel"":1,""expert_parallel"":4,""data_parallel"":1,""seed"":48105,""num_request_repeats"":1}",lm-arena-chat,Qwen/Qwen3-235B-A22B-Instruct-2507-FP8,available,,string,64f85b198065d0fba2a81f37e10ed68161ce2c19a754c7100e67e0ca2ee9c326,,{},119514254eedaa3a7a9ed1b8eb1545fcd5d602744b4b953324aea4d81d670834,1024.0,686493.0,670.4033203125,104.0,2299.400000000001,3242.0999999999995,9.0,9748.0,1166.5869273279266,1853814447.0
"{""task"":""lm-arena-chat"",""model_id"":""Qwen/Qwen3-235B-A22B-Instruct-2507-FP8"",""gpu_model"":""H100"",""num_gpus"":4,""max_num_seqs"":16,""tensor_parallel"":1,""expert_parallel"":4,""data_parallel"":1,""seed"":48105,""num_request_repeats"":1}",lm-arena-chat,Qwen/Qwen3-235B-A22B-Instruct-2507-FP8,available,,string,64f85b198065d0fba2a81f37e10ed68161ce2c19a754c7100e67e0ca2ee9c326,,{},119514254eedaa3a7a9ed1b8eb1545fcd5d602744b4b953324aea4d81d670834,1024.0,686493.0,670.4033203125,104.0,2299.400000000001,3242.0999999999995,9.0,9748.0,1166.5869273279266,1853814447.0
"{""task"":""lm-arena-chat"",""model_id"":""Qwen/Qwen3-235B-A22B-Instruct-2507-FP8"",""gpu_model"":""H100"",""num_gpus"":4,""max_num_seqs"":192,""tensor_parallel"":1,""expert_parallel"":4,""data_parallel"":1,""seed"":48105,""num_request_repeats"":1}",lm-arena-chat,Qwen/Qwen3-235B-A22B-Instruct-2507-FP8,available,,string,64f85b198065d0fba2a81f37e10ed68161ce2c19a754c7100e67e0ca2ee9c326,,{},119514254eedaa3a7a9ed1b8eb1545fcd5d602744b4b953324aea4d81d670834,1024.0,686493.0,670.4033203125,104.0,2299.400000000001,3242.0999999999995,9.0,9748.0,1166.5869273279266,1853814447.0
"{""task"":""lm-arena-chat"",""model_id"":""Qwen/Qwen3-235B-A22B-Instruct-2507-FP8"",""gpu_model"":""H100"",""num_gpus"":4,""max_num_seqs"":256,""tensor_parallel"":1,""expert_parallel"":4,""data_parallel"":1,""seed"":48105,""num_request_repeats"":1}",lm-arena-chat,Qwen/Qwen3-235B-A22B-Instruct-2507-FP8,available,,string,64f85b198065d0fba2a81f37e10ed68161ce2c19a754c7100e67e0ca2ee9c326,,{},119514254eedaa3a7a9ed1b8eb1545fcd5d602744b4b953324aea4d81d670834,1024.0,686493.0,670.4033203125,104.0,2299.400000000001,3242.0999999999995,9.0,9748.0,1166.5869273279266,1853814447.0
"{""task"":""lm-arena-chat"",""model_id"":""Qwen/Qwen3-235B-A22B-Instruct-2507-FP8"",""gpu_model"":""H100"",""num_gpus"":4,""max_num_seqs"":32,""tensor_parallel"":1,""expert_parallel"":4,""data_parallel"":1,""seed"":48105,""num_request_repeats"":1}",lm-arena-chat,Qwen/Qwen3-235B-A22B-Instruct-2507-FP8,available,,string,64f85b198065d0fba2a81f37e10ed68161ce2c19a754c7100e67e0ca2ee9c326,,{},119514254eedaa3a7a9ed1b8eb1545fcd5d602744b4b953324aea4d81d670834,1024.0,686493.0,670.4033203125,104.0,2299.400000000001,3242.0999999999995,9.0,9748.0,1166.5869273279266,1853814447.0
"{""task"":""lm-arena-chat"",""model_id"":""Qwen/Qwen3-235B-A22B-Instruct-2507-FP8"",""gpu_model"":""H100"",""num_gpus"":4,""max_num_seqs"":384,""tensor_parallel"":1,""expert_parallel"":4,""data_parallel"":1,""seed"":48105,""num_request_repeats"":1}",lm-arena-chat,Qwen/Qwen3-235B-A22B-Instruct-2507-FP8,available,,string,64f85b198065d0fba2a81f37e10ed68161ce2c19a754c7100e67e0ca2ee9c326,,{},119514254eedaa3a7a9ed1b8eb1545fcd5d602744b4b953324aea4d81d670834,1024.0,686493.0,670.4033203125,104.0,2299.400000000001,3242.0999999999995,9.0,9748.0,1166.5869273279266,1853814447.0
"{""task"":""lm-arena-chat"",""model_id"":""Qwen/Qwen3-235B-A22B-Instruct-2507-FP8"",""gpu_model"":""H100"",""num_gpus"":4,""max_num_seqs"":512,""tensor_parallel"":1,""expert_parallel"":4,""data_parallel"":1,""seed"":48105,""num_request_repeats"":1}",lm-arena-chat,Qwen/Qwen3-235B-A22B-Instruct-2507-FP8,available,,string,64f85b198065d0fba2a81f37e10ed68161ce2c19a754c7100e67e0ca2ee9c326,,{},119514254eedaa3a7a9ed1b8eb1545fcd5d602744b4b953324aea4d81d670834,1024.0,686493.0,670.4033203125,104.0,2299.400000000001,3242.0999999999995,9.0,9748.0,1166.5869273279266,1853814447.0
"{""task"":""lm-arena-chat"",""model_id"":""Qwen/Qwen3-235B-A22B-Instruct-2507-FP8"",""gpu_model"":""H100"",""num_gpus"":4,""max_num_seqs"":64,""tensor_parallel"":1,""expert_parallel"":4,""data_parallel"":1,""seed"":48105,""num_request_repeats"":1}",lm-arena-chat,Qwen/Qwen3-235B-A22B-Instruct-2507-FP8,available,,string,64f85b198065d0fba2a81f37e10ed68161ce2c19a754c7100e67e0ca2ee9c326,,{},119514254eedaa3a7a9ed1b8eb1545fcd5d602744b4b953324aea4d81d670834,1024.0,686493.0,670.4033203125,104.0,2299.400000000001,3242.0999999999995,9.0,9748.0,1166.5869273279266,1853814447.0
"{""task"":""lm-arena-chat"",""model_id"":""Qwen/Qwen3-235B-A22B-Instruct-2507-FP8"",""gpu_model"":""H100"",""num_gpus"":4,""max_num_seqs"":8,""tensor_parallel"":1,""expert_parallel"":4,""data_parallel"":1,""seed"":48105,""num_request_repeats"":1}",lm-arena-chat,Qwen/Qwen3-235B-A22B-Instruct-2507-FP8,available,,string,64f85b198065d0fba2a81f37e10ed68161ce2c19a754c7100e67e0ca2ee9c326,,{},119514254eedaa3a7a9ed1b8eb1545fcd5d602744b4b953324aea4d81d670834,1024.0,686493.0,670.4033203125,104.0,2299.400000000001,3242.0999999999995,9.0,9748.0,1166.5869273279266,1853814447.0
"{""task"":""lm-arena-chat"",""model_id"":""Qwen/Qwen3-235B-A22B-Instruct-2507-FP8"",""gpu_model"":""H100"",""num_gpus"":4,""max_num_seqs"":96,""tensor_parallel"":1,""expert_parallel"":4,""data_parallel"":1,""seed"":48105,""num_request_repeats"":1}",lm-arena-chat,Qwen/Qwen3-235B-A22B-Instruct-2507-FP8,available,,string,64f85b198065d0fba2a81f37e10ed68161ce2c19a754c7100e67e0ca2ee9c326,,{},119514254eedaa3a7a9ed1b8eb1545fcd5d602744b4b953324aea4d81d670834,1024.0,686493.0,670.4033203125,104.0,2299.400000000001,3242.0999999999995,9.0,9748.0,1166.5869273279266,1853814447.0
"{""task"":""lm-arena-chat"",""model_id"":""Qwen/Qwen3-235B-A22B-Instruct-2507-FP8"",""gpu_model"":""H100"",""num_gpus"":8,""max_num_seqs"":128,""tensor_parallel"":1,""expert_parallel"":8,""data_parallel"":1,""seed"":48105,""num_request_repeats"":1}",lm-arena-chat,Qwen/Qwen3-235B-A22B-Instruct-2507-FP8,available,,string,64f85b198065d0fba2a81f37e10ed68161ce2c19a754c7100e67e0ca2ee9c326,,{},119514254eedaa3a7a9ed1b8eb1545fcd5d602744b4b953324aea4d81d670834,1024.0,686493.0,670.4033203125,104.0,2299.400000000001,3242.0999999999995,9.0,9748.0,1166.5869273279266,1853814447.0
"{""task"":""lm-arena-chat"",""model_id"":""Qwen/Qwen3-235B-A22B-Instruct-2507-FP8"",""gpu_model"":""H100"",""num_gpus"":8,""max_num_seqs"":16,""tensor_parallel"":1,""expert_parallel"":8,""data_parallel"":1,""seed"":48105,""num_request_repeats"":1}",lm-arena-chat,Qwen/Qwen3-235B-A22B-Instruct-2507-FP8,available,,string,64f85b198065d0fba2a81f37e10ed68161ce2c19a754c7100e67e0ca2ee9c326,,{},119514254eedaa3a7a9ed1b8eb1545fcd5d602744b4b953324aea4d81d670834,1024.0,686493.0,670.4033203125,104.0,2299.400000000001,3242.0999999999995,9.0,9748.0,1166.5869273279266,1853814447.0
"{""task"":""lm-arena-chat"",""model_id"":""Qwen/Qwen3-235B-A22B-Instruct-2507-FP8"",""gpu_model"":""H100"",""num_gpus"":8,""max_num_seqs"":192,""tensor_parallel"":1,""expert_parallel"":8,""data_parallel"":1,""seed"":48105,""num_request_repeats"":1}",lm-arena-chat,Qwen/Qwen3-235B-A22B-Instruct-2507-FP8,available,,string,64f85b198065d0fba2a81f37e10ed68161ce2c19a754c7100e67e0ca2ee9c326,,{},119514254eedaa3a7a9ed1b8eb1545fcd5d602744b4b953324aea4d81d670834,1024.0,686493.0,670.4033203125,104.0,2299.400000000001,3242.0999999999995,9.0,9748.0,1166.5869273279266,1853814447.0
"{""task"":""lm-arena-chat"",""model_id"":""Qwen/Qwen3-235B-A22B-Instruct-2507-FP8"",""gpu_model"":""H100"",""num_gpus"":8,""max_num_seqs"":256,""tensor_parallel"":1,""expert_parallel"":8,""data_parallel"":1,""seed"":48105,""num_request_repeats"":1}",lm-arena-chat,Qwen/Qwen3-235B-A22B-Instruct-2507-FP8,available,,string,64f85b198065d0fba2a81f37e10ed68161ce2c19a754c7100e67e0ca2ee9c326,,{},119514254eedaa3a7a9ed1b8eb1545fcd5d602744b4b953324aea4d81d670834,1024.0,686493.0,670.4033203125,104.0,2299.400000000001,3242.0999999999995,9.0,9748.0,1166.5869273279266,1853814447.0
"{""task"":""lm-arena-chat"",""model_id"":""Qwen/Qwen3-235B-A22B-Instruct-2507-FP8"",""gpu_model"":""H100"",""num_gpus"":8,""max_num_seqs"":32,""tensor_parallel"":1,""expert_parallel"":8,""data_parallel"":1,""seed"":48105,""num_request_repeats"":1}",lm-arena-chat,Qwen/Qwen3-235B-A22B-Instruct-2507-FP8,available,,string,64f85b198065d0fba2a81f37e10ed68161ce2c19a754c7100e67e0ca2ee9c326,,{},119514254eedaa3a7a9ed1b8eb1545fcd5d602744b4b953324aea4d81d670834,1024.0,686493.0,670.4033203125,104.0,2299.400000000001,3242.0999999999995,9.0,9748.0,1166.5869273279266,1853814447.0
"{""task"":""lm-arena-chat"",""model_id"":""Qwen/Qwen3-235B-A22B-Instruct-2507-FP8"",""gpu_model"":""H100"",""num_gpus"":8,""max_num_seqs"":384,""tensor_parallel"":1,""expert_parallel"":8,""data_parallel"":1,""seed"":48105,""num_request_repeats"":1}",lm-arena-chat,Qwen/Qwen3-235B-A22B-Instruct-2507-FP8,available,,string,64f85b198065d0fba2a81f37e10ed68161ce2c19a754c7100e67e0ca2ee9c326,,{},119514254eedaa3a7a9ed1b8eb1545fcd5d602744b4b953324aea4d81d670834,1024.0,686493.0,670.4033203125,104.0,2299.400000000001,3242.0999999999995,9.0,9748.0,1166.5869273279266,1853814447.0
"{""task"":""lm-arena-chat"",""model_id"":""Qwen/Qwen3-235B-A22B-Instruct-2507-FP8"",""gpu_model"":""H100"",""num_gpus"":8,""max_num_seqs"":512,""tensor_parallel"":1,""expert_parallel"":8,""data_parallel"":1,""seed"":48105,""num_request_repeats"":1}",lm-arena-chat,Qwen/Qwen3-235B-A22B-Instruct-2507-FP8,available,,string,64f85b198065d0fba2a81f37e10ed68161ce2c19a754c7100e67e0ca2ee9c326,,{},119514254eedaa3a7a9ed1b8eb1545fcd5d602744b4b953324aea4d81d670834,1024.0,686493.0,670.4033203125,104.0,2299.400000000001,3242.0999999999995,9.0,9748.0,1166.5869273279266,1853814447.0
"{""task"":""lm-arena-chat"",""model_id"":""Qwen/Qwen3-235B-A22B-Instruct-2507-FP8"",""gpu_model"":""H100"",""num_gpus"":8,""max_num_seqs"":64,""tensor_parallel"":1,""expert_parallel"":8,""data_parallel"":1,""seed"":48105,""num_request_repeats"":1}",lm-arena-chat,Qwen/Qwen3-235B-A22B-Instruct-2507-FP8,available,,string,64f85b198065d0fba2a81f37e10ed68161ce2c19a754c7100e67e0ca2ee9c326,,{},119514254eedaa3a7a9ed1b8eb1545fcd5d602744b4b953324aea4d81d670834,1024.0,686493.0,670.4033203125,104.0,2299.400000000001,3242.0999999999995,9.0,9748.0,1166.5869273279266,1853814447.0
"{""task"":""lm-arena-chat"",""model_id"":""Qwen/Qwen3-235B-A22B-Instruct-2507-FP8"",""gpu_model"":""H100"",""num_gpus"":8,""max_num_seqs"":8,""tensor_parallel"":1,""expert_parallel"":8,""data_parallel"":1,""seed"":48105,""num_request_repeats"":1}",lm-arena-chat,Qwen/Qwen3-235B-A22B-Instruct-2507-FP8,available,,string,64f85b198065d0fba2a81f37e10ed68161ce2c19a754c7100e67e0ca2ee9c326,,{},119514254eedaa3a7a9ed1b8eb1545fcd5d602744b4b953324aea4d81d670834,1024.0,686493.0,670.4033203125,104.0,2299.400000000001,3242.0999999999995,9.0,9748.0,1166.5869273279266,1853814447.0
"{""task"":""lm-arena-chat"",""model_id"":""Qwen/Qwen3-235B-A22B-Instruct-2507-FP8"",""gpu_model"":""H100"",""num_gpus"":8,""max_num_seqs"":96,""tensor_parallel"":1,""expert_parallel"":8,""data_parallel"":1,""seed"":48105,""num_request_repeats"":1}",lm-arena-chat,Qwen/Qwen3-235B-A22B-Instruct-2507-FP8,available,,string,64f85b198065d0fba2a81f37e10ed68161ce2c19a754c7100e67e0ca2ee9c326,,{},119514254eedaa3a7a9ed1b8eb1545fcd5d602744b4b953324aea4d81d670834,1024.0,686493.0,670.4033203125,104.0,2299.400000000001,3242.0999999999995,9.0,9748.0,1166.5869273279266,1853814447.0
"{""task"":""lm-arena-chat"",""model_id"":""Qwen/Qwen3-30B-A3B-Instruct-2507"",""gpu_model"":""B200"",""num_gpus"":1,""max_num_seqs"":1024,""tensor_parallel"":1,""expert_parallel"":1,""data_parallel"":1,""seed"":48105,""num_request_repeats"":2}",lm-arena-chat,Qwen/Qwen3-30B-A3B-Instruct-2507,available,,string,64f85b198065d0fba2a81f37e10ed68161ce2c19a754c7100e67e0ca2ee9c326,,{},119514254eedaa3a7a9ed1b8eb1545fcd5d602744b4b953324aea4d81d670834,2048.0,1372986.0,670.4033203125,104.0,2299.400000000001,3242.0999999999995,9.0,9748.0,1166.5869273279266,3707628894.0
"{""task"":""lm-arena-chat"",""model_id"":""Qwen/Qwen3-30B-A3B-Instruct-2507"",""gpu_model"":""B200"",""num_gpus"":1,""max_num_seqs"":128,""tensor_parallel"":1,""expert_parallel"":1,""data_parallel"":1,""seed"":48105,""num_request_repeats"":1}",lm-arena-chat,Qwen/Qwen3-30B-A3B-Instruct-2507,available,,string,64f85b198065d0fba2a81f37e10ed68161ce2c19a754c7100e67e0ca2ee9c326,,{},119514254eedaa3a7a9ed1b8eb1545fcd5d602744b4b953324aea4d81d670834,1024.0,686493.0,670.4033203125,104.0,2299.400000000001,3242.0999999999995,9.0,9748.0,1166.5869273279266,1853814447.0
"{""task"":""lm-arena-chat"",""model_id"":""Qwen/Qwen3-30B-A3B-Instruct-2507"",""gpu_model"":""B200"",""num_gpus"":1,""max_num_seqs"":1536,""tensor_parallel"":1,""expert_parallel"":1,""data_parallel"":1,""seed"":48105,""num_request_repeats"":3}",lm-arena-chat,Qwen/Qwen3-30B-A3B-Instruct-2507,available,,string,64f85b198065d0fba2a81f37e10ed68161ce2c19a754c7100e67e0ca2ee9c326,,{},119514254eedaa3a7a9ed1b8eb1545fcd5d602744b4b953324aea4d81d670834,3072.0,2059479.0,670.4033203125,104.0,2299.400000000001,3242.0999999999995,9.0,9748.0,1166.5869273279266,5561443341.0
"{""task"":""lm-arena-chat"",""model_id"":""Qwen/Qwen3-30B-A3B-Instruct-2507"",""gpu_model"":""B200"",""num_gpus"":1,""max_num_seqs"":16,""tensor_parallel"":1,""expert_parallel"":1,""data_parallel"":1,""seed"":48105,""num_request_repeats"":1}",lm-arena-chat,Qwen/Qwen3-30B-A3B-Instruct-2507,available,,string,64f85b198065d0fba2a81f37e10ed68161ce2c19a754c7100e67e0ca2ee9c326,,{},119514254eedaa3a7a9ed1b8eb1545fcd5d602744b4b953324aea4d81d670834,1024.0,686493.0,670.4033203125,104.0,2299.400000000001,3242.0999999999995,9.0,9748.0,1166.5869273279266,1853814447.0
"{""task"":""lm-arena-chat"",""model_id"":""Qwen/Qwen3-30B-A3B-Instruct-2507"",""gpu_model"":""B200"",""num_gpus"":1,""max_num_seqs"":192,""tensor_parallel"":1,""expert_parallel"":1,""data_parallel"":1,""seed"":48105,""num_request_repeats"":1}",lm-arena-chat,Qwen/Qwen3-30B-A3B-Instruct-2507,available,,string,64f85b198065d0fba2a81f37e10ed68161ce2c19a754c7100e67e0ca2ee9c326,,{},119514254eedaa3a7a9ed1b8eb1545fcd5d602744b4b953324aea4d81d670834,1024.0,686493.0,670.4033203125,104.0,2299.400000000001,3242.0999999999995,9.0,9748.0,1166.5869273279266,1853814447.0
"{""task"":""lm-arena-chat"",""model_id"":""Qwen/Qwen3-30B-A3B-Instruct-2507"",""gpu_model"":""B200"",""num_gpus"":1,""max_num_seqs"":2048,""tensor_parallel"":1,""expert_parallel"":1,""data_parallel"":1,""seed"":48105,""num_request_repeats"":4}",lm-arena-chat,Qwen/Qwen3-30B-A3B-Instruct-2507,available,,string,64f85b198065d0fba2a81f37e10ed68161ce2c19a754c7100e67e0ca2ee9c326,,{},119514254eedaa3a7a9ed1b8eb1545fcd5d602744b4b953324aea4d81d670834,4096.0,2745972.0,670.4033203125,104.0,2299.400000000001,3242.0999999999995,9.0,9748.0,1166.5869273279266,7415257788.0
"{""task"":""lm-arena-chat"",""model_id"":""Qwen/Qwen3-30B-A3B-Instruct-2507"",""gpu_model"":""B200"",""num_gpus"":1,""max_num_seqs"":256,""tensor_parallel"":1,""expert_parallel"":1,""data_parallel"":1,""seed"":48105,""num_request_repeats"":2}",lm-arena-chat,Qwen/Qwen3-30B-A3B-Instruct-2507,available,,string,64f85b198065d0fba2a81f37e10ed68161ce2c19a754c7100e67e0ca2ee9c326,,{},119514254eedaa3a7a9ed1b8eb1545fcd5d602744b4b953324aea4d81d670834,2048.0,1372986.0,670.4033203125,104.0,2299.400000000001,3242.0999999999995,9.0,9748.0,1166.5869273279266,3707628894.0
"{""task"":""lm-arena-chat"",""model_id"":""Qwen/Qwen3-30B-A3B-Instruct-2507"",""gpu_model"":""B200"",""num_gpus"":1,""max_num_seqs"":32,""tensor_parallel"":1,""expert_parallel"":1,""data_parallel"":1,""seed"":48105,""num_request_repeats"":1}",lm-arena-chat,Qwen/Qwen3-30B-A3B-Instruct-2507,available,,string,64f85b198065d0fba2a81f37e10ed68161ce2c19a754c7100e67e0ca2ee9c326,,{},119514254eedaa3a7a9ed1b8eb1545fcd5d602744b4b953324aea4d81d670834,1024.0,686493.0,670.4033203125,104.0,2299.400000000001,3242.0999999999995,9.0,9748.0,1166.5869273279266,1853814447.0
"{""task"":""lm-arena-chat"",""model_id"":""Qwen/Qwen3-30B-A3B-Instruct-2507"",""gpu_model"":""B200"",""num_gpus"":1,""max_num_seqs"":512,""tensor_parallel"":1,""expert_parallel"":1,""data_parallel"":1,""seed"":48105,""num_request_repeats"":2}",lm-arena-chat,Qwen/Qwen3-30B-A3B-Instruct-2507,available,,string,64f85b198065d0fba2a81f37e10ed68161ce2c19a754c7100e67e0ca2ee9c326,,{},119514254eedaa3a7a9ed1b8eb1545fcd5d602744b4b953324aea4d81d670834,2048.0,1372986.0,670.4033203125,104.0,2299.400000000001,3242.0999999999995,9.0,9748.0,1166.5869273279266,3707628894.0
"{""task"":""lm-arena-chat"",""model_id"":""Qwen/Qwen3-30B-A3B-Instruct-2507"",""gpu_model"":""B200"",""num_gpus"":1,""max_num_seqs"":64,""tensor_parallel"":1,""expert_parallel"":1,""data_parallel"":1,""seed"":48105,""num_request_repeats"":1}",lm-arena-chat,Qwen/Qwen3-30B-A3B-Instruct-2507,available,,string,64f85b198065d0fba2a81f37e10ed68161ce2c19a754c7100e67e0ca2ee9c326,,{},119514254eedaa3a7a9ed1b8eb1545fcd5d602744b4b953324aea4d81d670834,1024.0,686493.0,670.4033203125,104.0,2299.400000000001,3242.0999999999995,9.0,9748.0,1166.5869273279266,1853814447.0
"{""task"":""lm-arena-chat"",""model_id"":""Qwen/Qwen3-30B-A3B-Instruct-2507"",""gpu_model"":""B200"",""num_gpus"":1,""max_num_seqs"":768,""tensor_parallel"":1,""expert_parallel"":1,""data_parallel"":1,""seed"":48105,""num_request_repeats"":2}",lm-arena-chat,Qwen/Qwen3-30B-A3B-Instruct-2507,available,,string,64f85b198065d0fba2a81f37e10ed68161ce2c19a754c7100e67e0ca2ee9c326,,{},119514254eedaa3a7a9ed1b8eb1545fcd5d602744b4b953324aea4d81d670834,2048.0,1372986.0,670.4033203125,104.0,2299.400000000001,3242.0999999999995,9.0,9748.0,1166.5869273279266,3707628894.0
"{""task"":""lm-arena-chat"",""model_id"":""Qwen/Qwen3-30B-A3B-Instruct-2507"",""gpu_model"":""B200"",""num_gpus"":1,""max_num_seqs"":8,""tensor_parallel"":1,""expert_parallel"":1,""data_parallel"":1,""seed"":48105,""num_request_repeats"":1}",lm-arena-chat,Qwen/Qwen3-30B-A3B-Instruct-2507,available,,string,64f85b198065d0fba2a81f37e10ed68161ce2c19a754c7100e67e0ca2ee9c326,,{},119514254eedaa3a7a9ed1b8eb1545fcd5d602744b4b953324aea4d81d670834,1024.0,686493.0,670.4033203125,104.0,2299.400000000001,3242.0999999999995,9.0,9748.0,1166.5869273279266,1853814447.0
"{""task"":""lm-arena-chat"",""model_id"":""Qwen/Qwen3-30B-A3B-Instruct-2507"",""gpu_model"":""B200"",""num_gpus"":1,""max_num_seqs"":96,""tensor_parallel"":1,""expert_parallel"":1,""data_parallel"":1,""seed"":48105,""num_request_repeats"":1}",lm-arena-chat,Qwen/Qwen3-30B-A3B-Instruct-2507,available,,string,64f85b198065d0fba2a81f37e10ed68161ce2c19a754c7100e67e0ca2ee9c326,,{},119514254eedaa3a7a9ed1b8eb1545fcd5d602744b4b953324aea4d81d670834,1024.0,686493.0,670.4033203125,104.0,2299.400000000001,3242.0999999999995,9.0,9748.0,1166.5869273279266,1853814447.0
"{""task"":""lm-arena-chat"",""model_id"":""Qwen/Qwen3-30B-A3B-Instruct-2507"",""gpu_model"":""H100"",""num_gpus"":1,""max_num_seqs"":128,""tensor_parallel"":1,""expert_parallel"":1,""data_parallel"":1,""seed"":48105,""num_request_repeats"":1}",lm-arena-chat,Qwen/Qwen3-30B-A3B-Instruct-2507,available,,string,64f85b198065d0fba2a81f37e10ed68161ce2c19a754c7100e67e0ca2ee9c326,,{},119514254eedaa3a7a9ed1b8eb1545fcd5d602744b4b953324aea4d81d670834,1024.0,686493.0,670.4033203125,104.0,2299.400000000001,3242.0999999999995,9.0,9748.0,1166.5869273279266,1853814447.0
"{""task"":""lm-arena-chat"",""model_id"":""Qwen/Qwen3-30B-A3B-Instruct-2507"",""gpu_model"":""H100"",""num_gpus"":1,""max_num_seqs"":16,""tensor_parallel"":1,""expert_parallel"":1,""data_parallel"":1,""seed"":48105,""num_request_repeats"":1}",lm-arena-chat,Qwen/Qwen3-30B-A3B-Instruct-2507,available,,string,64f85b198065d0fba2a81f37e10ed68161ce2c19a754c7100e67e0ca2ee9c326,,{},119514254eedaa3a7a9ed1b8eb1545fcd5d602744b4b953324aea4d81d670834,1024.0,686493.0,670.4033203125,104.0,2299.400000000001,3242.0999999999995,9.0,9748.0,1166.5869273279266,1853814447.0
"{""task"":""lm-arena-chat"",""model_id"":""Qwen/Qwen3-30B-A3B-Instruct-2507"",""gpu_model"":""H100"",""num_gpus"":1,""max_num_seqs"":192,""tensor_parallel"":1,""expert_parallel"":1,""data_parallel"":1,""seed"":48105,""num_request_repeats"":1}",lm-arena-chat,Qwen/Qwen3-30B-A3B-Instruct-2507,available,,string,64f85b198065d0fba2a81f37e10ed68161ce2c19a754c7100e67e0ca2ee9c326,,{},119514254eedaa3a7a9ed1b8eb1545fcd5d602744b4b953324aea4d81d670834,1024.0,686493.0,670.4033203125,104.0,2299.400000000001,3242.0999999999995,9.0,9748.0,1166.5869273279266,1853814447.0
"{""task"":""lm-arena-chat"",""model_id"":""Qwen/Qwen3-30B-A3B-Instruct-2507"",""gpu_model"":""H100"",""num_gpus"":1,""max_num_seqs"":256,""tensor_parallel"":1,""expert_parallel"":1,""data_parallel"":1,""seed"":48105,""num_request_repeats"":1}",lm-arena-chat,Qwen/Qwen3-30B-A3B-Instruct-2507,available,,string,64f85b198065d0fba2a81f37e10ed68161ce2c19a754c7100e67e0ca2ee9c326,,{},119514254eedaa3a7a9ed1b8eb1545fcd5d602744b4b953324aea4d81d670834,1024.0,686493.0,670.4033203125,104.0,2299.400000000001,3242.0999999999995,9.0,9748.0,1166.5869273279266,1853814447.0
"{""task"":""lm-arena-chat"",""model_id"":""Qwen/Qwen3-30B-A3B-Instruct-2507"",""gpu_model"":""H100"",""num_gpus"":1,""max_num_seqs"":32,""tensor_parallel"":1,""expert_parallel"":1,""data_parallel"":1,""seed"":48105,""num_request_repeats"":1}",lm-arena-chat,Qwen/Qwen3-30B-A3B-Instruct-2507,available,,string,64f85b198065d0fba2a81f37e10ed68161ce2c19a754c7100e67e0ca2ee9c326,,{},119514254eedaa3a7a9ed1b8eb1545fcd5d602744b4b953324aea4d81d670834,1024.0,686493.0,670.4033203125,104.0,2299.400000000001,3242.0999999999995,9.0,9748.0,1166.5869273279266,1853814447.0
"{""task"":""lm-arena-chat"",""model_id"":""Qwen/Qwen3-30B-A3B-Instruct-2507"",""gpu_model"":""H100"",""num_gpus"":1,""max_num_seqs"":384,""tensor_parallel"":1,""expert_parallel"":1,""data_parallel"":1,""seed"":48105,""num_request_repeats"":1}",lm-arena-chat,Qwen/Qwen3-30B-A3B-Instruct-2507,available,,string,64f85b198065d0fba2a81f37e10ed68161ce2c19a754c7100e67e0ca2ee9c326,,{},119514254eedaa3a7a9ed1b8eb1545fcd5d602744b4b953324aea4d81d670834,1024.0,686493.0,670.4033203125,104.0,2299.400000000001,3242.0999999999995,9.0,9748.0,1166.5869273279266,1853814447.0
"{""task"":""lm-arena-chat"",""model_id"":""Qwen/Qwen3-30B-A3B-Instruct-2507"",""gpu_model"":""H100"",""num_gpus"":1,""max_num_seqs"":512,""tensor_parallel"":1,""expert_parallel"":1,""data_parallel"":1,""seed"":48105,""num_request_repeats"":1}",lm-arena-chat,Qwen/Qwen3-30B-A3B-Instruct-2507,available,,string,64f85b198065d0fba2a81f37e10ed68161ce2c19a754c7100e67e0ca2ee9c326,,{},119514254eedaa3a7a9ed1b8eb1545fcd5d602744b4b953324aea4d81d670834,1024.0,686493.0,670.4033203125,104.0,2299.400000000001,3242.0999999999995,9.0,9748.0,1166.5869273279266,1853814447.0
"{""task"":""lm-arena-chat"",""model_id"":""Qwen/Qwen3-30B-A3B-Instruct-2507"",""gpu_model"":""H100"",""num_gpus"":1,""max_num_seqs"":64,""tensor_parallel"":1,""expert_parallel"":1,""data_parallel"":1,""seed"":48105,""num_request_repeats"":1}",lm-arena-chat,Qwen/Qwen3-30B-A3B-Instruct-2507,available,,string,64f85b198065d0fba2a81f37e10ed68161ce2c19a754c7100e67e0ca2ee9c326,,{},119514254eedaa3a7a9ed1b8eb1545fcd5d602744b4b953324aea4d81d670834,1024.0,686493.0,670.4033203125,104.0,2299.400000000001,3242.0999999999995,9.0,9748.0,1166.5869273279266,1853814447.0
"{""task"":""lm-arena-chat"",""model_id"":""Qwen/Qwen3-30B-A3B-Instruct-2507"",""gpu_model"":""H100"",""num_gpus"":1,""max_num_seqs"":8,""tensor_parallel"":1,""expert_parallel"":1,""data_parallel"":1,""seed"":48105,""num_request_repeats"":1}",lm-arena-chat,Qwen/Qwen3-30B-A3B-Instruct-2507,available,,string,64f85b198065d0fba2a81f37e10ed68161ce2c19a754c7100e67e0ca2ee9c326,,{},119514254eedaa3a7a9ed1b8eb1545fcd5d602744b4b953324aea4d81d670834,1024.0,686493.0,670.4033203125,104.0,2299.400000000001,3242.0999999999995,9.0,9748.0,1166.5869273279266,1853814447.0
"{""task"":""lm-arena-chat"",""model_id"":""Qwen/Qwen3-30B-A3B-Instruct-2507"",""gpu_model"":""H100"",""num_gpus"":1,""max_num_seqs"":96,""tensor_parallel"":1,""expert_parallel"":1,""data_parallel"":1,""seed"":48105,""num_request_repeats"":1}",lm-arena-chat,Qwen/Qwen3-30B-A3B-Instruct-2507,available,,string,64f85b198065d0fba2a81f37e10ed68161ce2c19a754c7100e67e0ca2ee9c326,,{},119514254eedaa3a7a9ed1b8eb1545fcd5d602744b4b953324aea4d81d670834,1024.0,686493.0,670.4033203125,104.0,2299.400000000001,3242.0999999999995,9.0,9748.0,1166.5869273279266,1853814447.0
"{""task"":""lm-arena-chat"",""model_id"":""Qwen/Qwen3-30B-A3B-Instruct-2507"",""gpu_model"":""H100"",""num_gpus"":2,""max_num_seqs"":1024,""tensor_parallel"":1,""expert_parallel"":2,""data_parallel"":1,""seed"":48105,""num_request_repeats"":2}",lm-arena-chat,Qwen/Qwen3-30B-A3B-Instruct-2507,available,,string,64f85b198065d0fba2a81f37e10ed68161ce2c19a754c7100e67e0ca2ee9c326,,{},119514254eedaa3a7a9ed1b8eb1545fcd5d602744b4b953324aea4d81d670834,2048.0,1372986.0,670.4033203125,104.0,2299.400000000001,3242.0999999999995,9.0,9748.0,1166.5869273279266,3707628894.0
"{""task"":""lm-arena-chat"",""model_id"":""Qwen/Qwen3-30B-A3B-Instruct-2507"",""gpu_model"":""H100"",""num_gpus"":2,""max_num_seqs"":128,""tensor_parallel"":1,""expert_parallel"":2,""data_parallel"":1,""seed"":48105,""num_request_repeats"":1}",lm-arena-chat,Qwen/Qwen3-30B-A3B-Instruct-2507,available,,string,64f85b198065d0fba2a81f37e10ed68161ce2c19a754c7100e67e0ca2ee9c326,,{},119514254eedaa3a7a9ed1b8eb1545fcd5d602744b4b953324aea4d81d670834,1024.0,686493.0,670.4033203125,104.0,2299.400000000001,3242.0999999999995,9.0,9748.0,1166.5869273279266,1853814447.0
"{""task"":""lm-arena-chat"",""model_id"":""Qwen/Qwen3-30B-A3B-Instruct-2507"",""gpu_model"":""H100"",""num_gpus"":2,""max_num_seqs"":1536,""tensor_parallel"":1,""expert_parallel"":2,""data_parallel"":1,""seed"":48105,""num_request_repeats"":3}",lm-arena-chat,Qwen/Qwen3-30B-A3B-Instruct-2507,available,,string,64f85b198065d0fba2a81f37e10ed68161ce2c19a754c7100e67e0ca2ee9c326,,{},119514254eedaa3a7a9ed1b8eb1545fcd5d602744b4b953324aea4d81d670834,3072.0,2059479.0,670.4033203125,104.0,2299.400000000001,3242.0999999999995,9.0,9748.0,1166.5869273279266,5561443341.0
"{""task"":""lm-arena-chat"",""model_id"":""Qwen/Qwen3-30B-A3B-Instruct-2507"",""gpu_model"":""H100"",""num_gpus"":2,""max_num_seqs"":16,""tensor_parallel"":1,""expert_parallel"":2,""data_parallel"":1,""seed"":48105,""num_request_repeats"":1}",lm-arena-chat,Qwen/Qwen3-30B-A3B-Instruct-2507,available,,string,64f85b198065d0fba2a81f37e10ed68161ce2c19a754c7100e67e0ca2ee9c326,,{},119514254eedaa3a7a9ed1b8eb1545fcd5d602744b4b953324aea4d81d670834,1024.0,686493.0,670.4033203125,104.0,2299.400000000001,3242.0999999999995,9.0,9748.0,1166.5869273279266,1853814447.0
"{""task"":""lm-arena-chat"",""model_id"":""Qwen/Qwen3-30B-A3B-Instruct-2507"",""gpu_model"":""H100"",""num_gpus"":2,""max_num_seqs"":192,""tensor_parallel"":1,""expert_parallel"":2,""data_parallel"":1,""seed"":48105,""num_request_repeats"":1}",lm-arena-chat,Qwen/Qwen3-30B-A3B-Instruct-2507,available,,string,64f85b198065d0fba2a81f37e10ed68161ce2c19a754c7100e67e0ca2ee9c326,,{},119514254eedaa3a7a9ed1b8eb1545fcd5d602744b4b953324aea4d81d670834,1024.0,686493.0,670.4033203125,104.0,2299.400000000001,3242.0999999999995,9.0,9748.0,1166.5869273279266,1853814447.0
"{""task"":""lm-arena-chat"",""model_id"":""Qwen/Qwen3-30B-A3B-Instruct-2507"",""gpu_model"":""H100"",""num_gpus"":2,""max_num_seqs"":256,""tensor_parallel"":1,""expert_parallel"":2,""data_parallel"":1,""seed"":48105,""num_request_repeats"":1}",lm-arena-chat,Qwen/Qwen3-30B-A3B-Instruct-2507,available,,string,64f85b198065d0fba2a81f37e10ed68161ce2c19a754c7100e67e0ca2ee9c326,,{},119514254eedaa3a7a9ed1b8eb1545fcd5d602744b4b953324aea4d81d670834,1024.0,686493.0,670.4033203125,104.0,2299.400000000001,3242.0999999999995,9.0,9748.0,1166.5869273279266,1853814447.0
"{""task"":""lm-arena-chat"",""model_id"":""Qwen/Qwen3-30B-A3B-Instruct-2507"",""gpu_model"":""H100"",""num_gpus"":2,""max_num_seqs"":256,""tensor_parallel"":1,""expert_parallel"":2,""data_parallel"":1,""seed"":48105,""num_request_repeats"":2}",lm-arena-chat,Qwen/Qwen3-30B-A3B-Instruct-2507,available,,string,64f85b198065d0fba2a81f37e10ed68161ce2c19a754c7100e67e0ca2ee9c326,,{},119514254eedaa3a7a9ed1b8eb1545fcd5d602744b4b953324aea4d81d670834,2048.0,1372986.0,670.4033203125,104.0,2299.400000000001,3242.0999999999995,9.0,9748.0,1166.5869273279266,3707628894.0
"{""task"":""lm-arena-chat"",""model_id"":""Qwen/Qwen3-30B-A3B-Instruct-2507"",""gpu_model"":""H100"",""num_gpus"":2,""max_num_seqs"":32,""tensor_parallel"":1,""expert_parallel"":2,""data_parallel"":1,""seed"":48105,""num_request_repeats"":1}",lm-arena-chat,Qwen/Qwen3-30B-A3B-Instruct-2507,available,,string,64f85b198065d0fba2a81f37e10ed68161ce2c19a754c7100e67e0ca2ee9c326,,{},119514254eedaa3a7a9ed1b8eb1545fcd5d602744b4b953324aea4d81d670834,1024.0,686493.0,670.4033203125,104.0,2299.400000000001,3242.0999999999995,9.0,9748.0,1166.5869273279266,1853814447.0
"{""task"":""lm-arena-chat"",""model_id"":""Qwen/Qwen3-30B-A3B-Instruct-2507"",""gpu_model"":""H100"",""num_gpus"":2,""max_num_seqs"":384,""tensor_parallel"":1,""expert_parallel"":2,""data_parallel"":1,""seed"":48105,""num_request_repeats"":1}",lm-arena-chat,Qwen/Qwen3-30B-A3B-Instruct-2507,available,,string,64f85b198065d0fba2a81f37e10ed68161ce2c19a754c7100e67e0ca2ee9c326,,{},119514254eedaa3a7a9ed1b8eb1545fcd5d602744b4b953324aea4d81d670834,1024.0,686493.0,670.4033203125,104.0,2299.400000000001,3242.0999999999995,9.0,9748.0,1166.5869273279266,1853814447.0
"{""task"":""lm-arena-chat"",""model_id"":""Qwen/Qwen3-30B-A3B-Instruct-2507"",""gpu_model"":""H100"",""num_gpus"":2,""max_num_seqs"":512,""tensor_parallel"":1,""expert_parallel"":2,""data_parallel"":1,""seed"":48105,""num_request_repeats"":1}",lm-arena-chat,Qwen/Qwen3-30B-A3B-Instruct-2507,available,,string,64f85b198065d0fba2a81f37e10ed68161ce2c19a754c7100e67e0ca2ee9c326,,{},119514254eedaa3a7a9ed1b8eb1545fcd5d602744b4b953324aea4d81d670834,1024.0,686493.0,670.4033203125,104.0,2299.400000000001,3242.0999999999995,9.0,9748.0,1166.5869273279266,1853814447.0
"{""task"":""lm-arena-chat"",""model_id"":""Qwen/Qwen3-30B-A3B-Instruct-2507"",""gpu_model"":""H100"",""num_gpus"":2,""max_num_seqs"":512,""tensor_parallel"":1,""expert_parallel"":2,""data_parallel"":1,""seed"":48105,""num_request_repeats"":2}",lm-arena-chat,Qwen/Qwen3-30B-A3B-Instruct-2507,available,,string,64f85b198065d0fba2a81f37e10ed68161ce2c19a754c7100e67e0ca2ee9c326,,{},119514254eedaa3a7a9ed1b8eb1545fcd5d602744b4b953324aea4d81d670834,2048.0,1372986.0,670.4033203125,104.0,2299.400000000001,3242.0999999999995,9.0,9748.0,1166.5869273279266,3707628894.0
"{""task"":""lm-arena-chat"",""model_id"":""Qwen/Qwen3-30B-A3B-Instruct-2507"",""gpu_model"":""H100"",""num_gpus"":2,""max_num_seqs"":64,""tensor_parallel"":1,""expert_parallel"":2,""data_parallel"":1,""seed"":48105,""num_request_repeats"":1}",lm-arena-chat,Qwen/Qwen3-30B-A3B-Instruct-2507,available,,string,64f85b198065d0fba2a81f37e10ed68161ce2c19a754c7100e67e0ca2ee9c326,,{},119514254eedaa3a7a9ed1b8eb1545fcd5d602744b4b953324aea4d81d670834,1024.0,686493.0,670.4033203125,104.0,2299.400000000001,3242.0999999999995,9.0,9748.0,1166.5869273279266,1853814447.0
"{""task"":""lm-arena-chat"",""model_id"":""Qwen/Qwen3-30B-A3B-Instruct-2507"",""gpu_model"":""H100"",""num_gpus"":2,""max_num_seqs"":768,""tensor_parallel"":1,""expert_parallel"":2,""data_parallel"":1,""seed"":48105,""num_request_repeats"":2}",lm-arena-chat,Qwen/Qwen3-30B-A3B-Instruct-2507,available,,string,64f85b198065d0fba2a81f37e10ed68161ce2c19a754c7100e67e0ca2ee9c326,,{},119514254eedaa3a7a9ed1b8eb1545fcd5d602744b4b953324aea4d81d670834,2048.0,1372986.0,670.4033203125,104.0,2299.400000000001,3242.0999999999995,9.0,9748.0,1166.5869273279266,3707628894.0
"{""task"":""lm-arena-chat"",""model_id"":""Qwen/Qwen3-30B-A3B-Instruct-2507"",""gpu_model"":""H100"",""num_gpus"":2,""max_num_seqs"":8,""tensor_parallel"":1,""expert_parallel"":2,""data_parallel"":1,""seed"":48105,""num_request_repeats"":1}",lm-arena-chat,Qwen/Qwen3-30B-A3B-Instruct-2507,available,,string,64f85b198065d0fba2a81f37e10ed68161ce2c19a754c7100e67e0ca2ee9c326,,{},119514254eedaa3a7a9ed1b8eb1545fcd5d602744b4b953324aea4d81d670834,1024.0,686493.0,670.4033203125,104.0,2299.400000000001,3242.0999999999995,9.0,9748.0,1166.5869273279266,1853814447.0
"{""task"":""lm-arena-chat"",""model_id"":""Qwen/Qwen3-30B-A3B-Instruct-2507"",""gpu_model"":""H100"",""num_gpus"":2,""max_num_seqs"":96,""tensor_parallel"":1,""expert_parallel"":2,""data_parallel"":1,""seed"":48105,""num_request_repeats"":1}",lm-arena-chat,Qwen/Qwen3-30B-A3B-Instruct-2507,available,,string,64f85b198065d0fba2a81f37e10ed68161ce2c19a754c7100e67e0ca2ee9c326,,{},119514254eedaa3a7a9ed1b8eb1545fcd5d602744b4b953324aea4d81d670834,1024.0,686493.0,670.4033203125,104.0,2299.400000000001,3242.0999999999995,9.0,9748.0,1166.5869273279266,1853814447.0
"{""task"":""lm-arena-chat"",""model_id"":""Qwen/Qwen3-32B"",""gpu_model"":""B200"",""num_gpus"":1,""max_num_seqs"":128,""tensor_parallel"":1,""expert_parallel"":1,""data_parallel"":1,""seed"":48105,""num_request_repeats"":1}",lm-arena-chat,Qwen/Qwen3-32B,available,,string,a55ee1b1660128b7098723e0abcd92caa0788061051c62d51cbe87d9cf1974d8,,"{""enable_thinking"": false}",b34057d59c280781edb19eb4f7e6b6adef60d526dcb77f0147a7ff433c8ce729,1024.0,690589.0,674.4033203125,108.0,2303.400000000001,3246.0999999999995,13.0,9752.0,1166.5869273279266,1859322775.0
"{""task"":""lm-arena-chat"",""model_id"":""Qwen/Qwen3-32B"",""gpu_model"":""B200"",""num_gpus"":1,""max_num_seqs"":16,""tensor_parallel"":1,""expert_parallel"":1,""data_parallel"":1,""seed"":48105,""num_request_repeats"":1}",lm-arena-chat,Qwen/Qwen3-32B,available,,string,a55ee1b1660128b7098723e0abcd92caa0788061051c62d51cbe87d9cf1974d8,,"{""enable_thinking"": false}",b34057d59c280781edb19eb4f7e6b6adef60d526dcb77f0147a7ff433c8ce729,1024.0,690589.0,674.4033203125,108.0,2303.400000000001,3246.0999999999995,13.0,9752.0,1166.5869273279266,1859322775.0
"{""task"":""lm-arena-chat"",""model_id"":""Qwen/Qwen3-32B"",""gpu_model"":""B200"",""num_gpus"":1,""max_num_seqs"":192,""tensor_parallel"":1,""expert_parallel"":1,""data_parallel"":1,""seed"":48105,""num_request_repeats"":1}",lm-arena-chat,Qwen/Qwen3-32B,available,,string,a55ee1b1660128b7098723e0abcd92caa0788061051c62d51cbe87d9cf1974d8,,"{""enable_thinking"": false}",b34057d59c280781edb19eb4f7e6b6adef60d526dcb77f0147a7ff433c8ce729,1024.0,690589.0,674.4033203125,108.0,2303.400000000001,3246.0999999999995,13.0,9752.0,1166.5869273279266,1859322775.0
"{""task"":""lm-arena-chat"",""model_id"":""Qwen/Qwen3-32B"",""gpu_model"":""B200"",""num_gpus"":1,""max_num_seqs"":256,""tensor_parallel"":1,""expert_parallel"":1,""data_parallel"":1,""seed"":48105,""num_request_repeats"":2}",lm-arena-chat,Qwen/Qwen3-32B,available,,string,a55ee1b1660128b7098723e0abcd92caa0788061051c62d51cbe87d9cf1974d8,,"{""enable_thinking"": false}",b34057d59c280781edb19eb4f7e6b6adef60d526dcb77f0147a7ff433c8ce729,2048.0,1381178.0,674.4033203125,108.0,2303.400000000001,3246.0999999999995,13.0,9752.0,1166.5869273279266,3718645550.0
"{""task"":""lm-arena-chat"",""model_id"":""Qwen/Qwen3-32B"",""gpu_model"":""B200"",""num_gpus"":1,""max_num_seqs"":32,""tensor_parallel"":1,""expert_parallel"":1,""data_parallel"":1,""seed"":48105,""num_request_repeats"":1}",lm-arena-chat,Qwen/Qwen3-32B,available,,string,a55ee1b1660128b7098723e0abcd92caa0788061051c62d51cbe87d9cf1974d8,,"{""enable_thinking"": false}",b34057d59c280781edb19eb4f7e6b6adef60d526dcb77f0147a7ff433c8ce729,1024.0,690589.0,674.4033203125,108.0,2303.400000000001,3246.0999999999995,13.0,9752.0,1166.5869273279266,1859322775.0
"{""task"":""lm-arena-chat"",""model_id"":""Qwen/Qwen3-32B"",""gpu_model"":""B200"",""num_gpus"":1,""max_num_seqs"":384,""tensor_parallel"":1,""expert_parallel"":1,""data_parallel"":1,""seed"":48105,""num_request_repeats"":2}",lm-arena-chat,Qwen/Qwen3-32B,available,,string,a55ee1b1660128b7098723e0abcd92caa0788061051c62d51cbe87d9cf1974d8,,"{""enable_thinking"": false}",b34057d59c280781edb19eb4f7e6b6adef60d526dcb77f0147a7ff433c8ce729,2048.0,1381178.0,674.4033203125,108.0,2303.400000000001,3246.0999999999995,13.0,9752.0,1166.5869273279266,3718645550.0
"{""task"":""lm-arena-chat"",""model_id"":""Qwen/Qwen3-32B"",""gpu_model"":""B200"",""num_gpus"":1,""max_num_seqs"":512,""tensor_parallel"":1,""expert_parallel"":1,""data_parallel"":1,""seed"":48105,""num_request_repeats"":2}",lm-arena-chat,Qwen/Qwen3-32B,available,,string,a55ee1b1660128b7098723e0abcd92caa0788061051c62d51cbe87d9cf1974d8,,"{""enable_thinking"": false}",b34057d59c280781edb19eb4f7e6b6adef60d526dcb77f0147a7ff433c8ce729,2048.0,1381178.0,674.4033203125,108.0,2303.400000000001,3246.0999999999995,13.0,9752.0,1166.5869273279266,3718645550.0
"{""task"":""lm-arena-chat"",""model_id"":""Qwen/Qwen3-32B"",""gpu_model"":""B200"",""num_gpus"":1,""max_num_seqs"":64,""tensor_parallel"":1,""expert_parallel"":1,""data_parallel"":1,""seed"":48105,""num_request_repeats"":1}",lm-arena-chat,Qwen/Qwen3-32B,available,,string,a55ee1b1660128b7098723e0abcd92caa0788061051c62d51cbe87d9cf1974d8,,"{""enable_thinking"": false}",b34057d59c280781edb19eb4f7e6b6adef60d526dcb77f0147a7ff433c8ce729,1024.0,690589.0,674.4033203125,108.0,2303.400000000001,3246.0999999999995,13.0,9752.0,1166.5869273279266,1859322775.0
"{""task"":""lm-arena-chat"",""model_id"":""Qwen/Qwen3-32B"",""gpu_model"":""B200"",""num_gpus"":1,""max_num_seqs"":8,""tensor_parallel"":1,""expert_parallel"":1,""data_parallel"":1,""seed"":48105,""num_request_repeats"":1}",lm-arena-chat,Qwen/Qwen3-32B,available,,string,a55ee1b1660128b7098723e0abcd92caa0788061051c62d51cbe87d9cf1974d8,,"{""enable_thinking"": false}",b34057d59c280781edb19eb4f7e6b6adef60d526dcb77f0147a7ff433c8ce729,1024.0,690589.0,674.4033203125,108.0,2303.400000000001,3246.0999999999995,13.0,9752.0,1166.5869273279266,1859322775.0
"{""task"":""lm-arena-chat"",""model_id"":""Qwen/Qwen3-32B"",""gpu_model"":""B200"",""num_gpus"":1,""max_num_seqs"":96,""tensor_parallel"":1,""expert_parallel"":1,""data_parallel"":1,""seed"":48105,""num_request_repeats"":1}",lm-arena-chat,Qwen/Qwen3-32B,available,,string,a55ee1b1660128b7098723e0abcd92caa0788061051c62d51cbe87d9cf1974d8,,"{""enable_thinking"": false}",b34057d59c280781edb19eb4f7e6b6adef60d526dcb77f0147a7ff433c8ce729,1024.0,690589.0,674.4033203125,108.0,2303.400000000001,3246.0999999999995,13.0,9752.0,1166.5869273279266,1859322775.0
"{""task"":""lm-arena-chat"",""model_id"":""Qwen/Qwen3-32B"",""gpu_model"":""H100"",""num_gpus"":1,""max_num_seqs"":128,""tensor_parallel"":1,""expert_parallel"":1,""data_parallel"":1,""seed"":48105,""num_request_repeats"":1}",lm-arena-chat,Qwen/Qwen3-32B,available,,string,a55ee1b1660128b7098723e0abcd92caa0788061051c62d51cbe87d9cf1974d8,,"{""enable_thinking"": false}",b34057d59c280781edb19eb4f7e6b6adef60d526dcb77f0147a7ff433c8ce729,1024.0,690589.0,674.4033203125,108.0,2303.400000000001,3246.0999999999995,13.0,9752.0,1166.5869273279266,1859322775.0
"{""task"":""lm-arena-chat"",""model_id"":""Qwen/Qwen3-32B"",""gpu_model"":""H100"",""num_gpus"":1,""max_num_seqs"":16,""tensor_parallel"":1,""expert_parallel"":1,""data_parallel"":1,""seed"":48105,""num_request_repeats"":1}",lm-arena-chat,Qwen/Qwen3-32B,available,,string,a55ee1b1660128b7098723e0abcd92caa0788061051c62d51cbe87d9cf1974d8,,"{""enable_thinking"": false}",b34057d59c280781edb19eb4f7e6b6adef60d526dcb77f0147a7ff433c8ce729,1024.0,690589.0,674.4033203125,108.0,2303.400000000001,3246.0999999999995,13.0,9752.0,1166.5869273279266,1859322775.0
"{""task"":""lm-arena-chat"",""model_id"":""Qwen/Qwen3-32B"",""gpu_model"":""H100"",""num_gpus"":1,""max_num_seqs"":192,""tensor_parallel"":1,""expert_parallel"":1,""data_parallel"":1,""seed"":48105,""num_request_repeats"":1}",lm-arena-chat,Qwen/Qwen3-32B,available,,string,a55ee1b1660128b7098723e0abcd92caa0788061051c62d51cbe87d9cf1974d8,,"{""enable_thinking"": false}",b34057d59c280781edb19eb4f7e6b6adef60d526dcb77f0147a7ff433c8ce729,1024.0,690589.0,674.4033203125,108.0,2303.400000000001,3246.0999999999995,13.0,9752.0,1166.5869273279266,1859322775.0
"{""task"":""lm-arena-chat"",""model_id"":""Qwen/Qwen3-32B"",""gpu_model"":""H100"",""num_gpus"":1,""max_num_seqs"":256,""tensor_parallel"":1,""expert_parallel"":1,""data_parallel"":1,""seed"":48105,""num_request_repeats"":1}",lm-arena-chat,Qwen/Qwen3-32B,available,,string,a55ee1b1660128b7098723e0abcd92caa0788061051c62d51cbe87d9cf1974d8,,"{""enable_thinking"": false}",b34057d59c280781edb19eb4f7e6b6adef60d526dcb77f0147a7ff433c8ce729,1024.0,690589.0,674.4033203125,108.0,2303.400000000001,3246.0999999999995,13.0,9752.0,1166.5869273279266,1859322775.0
"{""task"":""lm-arena-chat"",""model_id"":""Qwen/Qwen3-32B"",""gpu_model"":""H100"",""num_gpus"":1,""max_num_seqs"":32,""tensor_parallel"":1,""expert_parallel"":1,""data_parallel"":1,""seed"":48105,""num_request_repeats"":1}",lm-arena-chat,Qwen/Qwen3-32B,available,,string,a55ee1b1660128b7098723e0abcd92caa0788061051c62d51cbe87d9cf1974d8,,"{""enable_thinking"": false}",b34057d59c280781edb19eb4f7e6b6adef60d526dcb77f0147a7ff433c8ce729,1024.0,690589.0,674.4033203125,108.0,2303.400000000001,3246.0999999999995,13.0,9752.0,1166.5869273279266,1859322775.0
"{""task"":""lm-arena-chat"",""model_id"":""Qwen/Qwen3-32B"",""gpu_model"":""H100"",""num_gpus"":1,""max_num_seqs"":384,""tensor_parallel"":1,""expert_parallel"":1,""data_parallel"":1,""seed"":48105,""num_request_repeats"":1}",lm-arena-chat,Qwen/Qwen3-32B,available,,string,a55ee1b1660128b7098723e0abcd92caa0788061051c62d51cbe87d9cf1974d8,,"{""enable_thinking"": false}",b34057d59c280781edb19eb4f7e6b6adef60d526dcb77f0147a7ff433c8ce729,1024.0,690589.0,674.4033203125,108.0,2303.400000000001,3246.0999999999995,13.0,9752.0,1166.5869273279266,1859322775.0
"{""task"":""lm-arena-chat"",""model_id"":""Qwen/Qwen3-32B"",""gpu_model"":""H100"",""num_gpus"":1,""max_num_seqs"":512,""tensor_parallel"":1,""expert_parallel"":1,""data_parallel"":1,""seed"":48105,""num_request_repeats"":1}",lm-arena-chat,Qwen/Qwen3-32B,available,,string,a55ee1b1660128b7098723e0abcd92caa0788061051c62d51cbe87d9cf1974d8,,"{""enable_thinking"": false}",b34057d59c280781edb19eb4f7e6b6adef60d526dcb77f0147a7ff433c8ce729,1024.0,690589.0,674.4033203125,108.0,2303.400000000001,3246.0999999999995,13.0,9752.0,1166.5869273279266,1859322775.0
"{""task"":""lm-arena-chat"",""model_id"":""Qwen/Qwen3-32B"",""gpu_model"":""H100"",""num_gpus"":1,""max_num_seqs"":64,""tensor_parallel"":1,""expert_parallel"":1,""data_parallel"":1,""seed"":48105,""num_request_repeats"":1}",lm-arena-chat,Qwen/Qwen3-32B,available,,string,a55ee1b1660128b7098723e0abcd92caa0788061051c62d51cbe87d9cf1974d8,,"{""enable_thinking"": false}",b34057d59c280781edb19eb4f7e6b6adef60d526dcb77f0147a7ff433c8ce729,1024.0,690589.0,674.4033203125,108.0,2303.400000000001,3246.0999999999995,13.0,9752.0,1166.5869273279266,1859322775.0
"{""task"":""lm-arena-chat"",""model_id"":""Qwen/Qwen3-32B"",""gpu_model"":""H100"",""num_gpus"":1,""max_num_seqs"":8,""tensor_parallel"":1,""expert_parallel"":1,""data_parallel"":1,""seed"":48105,""num_request_repeats"":1}",lm-arena-chat,Qwen/Qwen3-32B,available,,string,a55ee1b1660128b7098723e0abcd92caa0788061051c62d51cbe87d9cf1974d8,,"{""enable_thinking"": false}",b34057d59c280781edb19eb4f7e6b6adef60d526dcb77f0147a7ff433c8ce729,1024.0,690589.0,674.4033203125,108.0,2303.400000000001,3246.0999999999995,13.0,9752.0,1166.5869273279266,1859322775.0
"{""task"":""lm-arena-chat"",""model_id"":""Qwen/Qwen3-32B"",""gpu_model"":""H100"",""num_gpus"":1,""max_num_seqs"":96,""tensor_parallel"":1,""expert_parallel"":1,""data_parallel"":1,""seed"":48105,""num_request_repeats"":1}",lm-arena-chat,Qwen/Qwen3-32B,available,,string,a55ee1b1660128b7098723e0abcd92caa0788061051c62d51cbe87d9cf1974d8,,"{""enable_thinking"": false}",b34057d59c280781edb19eb4f7e6b6adef60d526dcb77f0147a7ff433c8ce729,1024.0,690589.0,674.4033203125,108.0,2303.400000000001,3246.0999999999995,13.0,9752.0,1166.5869273279266,1859322775.0
"{""task"":""lm-arena-chat"",""model_id"":""Qwen/Qwen3-32B"",""gpu_model"":""H100"",""num_gpus"":2,""max_num_seqs"":128,""tensor_parallel"":2,""expert_parallel"":1,""data_parallel"":1,""seed"":48105,""num_request_repeats"":1}",lm-arena-chat,Qwen/Qwen3-32B,available,,string,a55ee1b1660128b7098723e0abcd92caa0788061051c62d51cbe87d9cf1974d8,,"{""enable_thinking"": false}",b34057d59c280781edb19eb4f7e6b6adef60d526dcb77f0147a7ff433c8ce729,1024.0,690589.0,674.4033203125,108.0,2303.400000000001,3246.0999999999995,13.0,9752.0,1166.5869273279266,1859322775.0
"{""task"":""lm-arena-chat"",""model_id"":""Qwen/Qwen3-32B"",""gpu_model"":""H100"",""num_gpus"":2,""max_num_seqs"":16,""tensor_parallel"":2,""expert_parallel"":1,""data_parallel"":1,""seed"":48105,""num_request_repeats"":1}",lm-arena-chat,Qwen/Qwen3-32B,available,,string,a55ee1b1660128b7098723e0abcd92caa0788061051c62d51cbe87d9cf1974d8,,"{""enable_thinking"": false}",b34057d59c280781edb19eb4f7e6b6adef60d526dcb77f0147a7ff433c8ce729,1024.0,690589.0,674.4033203125,108.0,2303.400000000001,3246.0999999999995,13.0,9752.0,1166.5869273279266,1859322775.0
"{""task"":""lm-arena-chat"",""model_id"":""Qwen/Qwen3-32B"",""gpu_model"":""H100"",""num_gpus"":2,""max_num_seqs"":192,""tensor_parallel"":2,""expert_parallel"":1,""data_parallel"":1,""seed"":48105,""num_request_repeats"":1}",lm-arena-chat,Qwen/Qwen3-32B,available,,string,a55ee1b1660128b7098723e0abcd92caa0788061051c62d51cbe87d9cf1974d8,,"{""enable_thinking"": false}",b34057d59c280781edb19eb4f7e6b6adef60d526dcb77f0147a7ff433c8ce729,1024.0,690589.0,674.4033203125,108.0,2303.400000000001,3246.0999999999995,13.0,9752.0,1166.5869273279266,1859322775.0
"{""task"":""lm-arena-chat"",""model_id"":""Qwen/Qwen3-32B"",""gpu_model"":""H100"",""num_gpus"":2,""max_num_seqs"":256,""tensor_parallel"":2,""expert_parallel"":1,""data_parallel"":1,""seed"":48105,""num_request_repeats"":1}",lm-arena-chat,Qwen/Qwen3-32B,available,,string,a55ee1b1660128b7098723e0abcd92caa0788061051c62d51cbe87d9cf1974d8,,"{""enable_thinking"": false}",b34057d59c280781edb19eb4f7e6b6adef60d526dcb77f0147a7ff433c8ce729,1024.0,690589.0,674.4033203125,108.0,2303.400000000001,3246.0999999999995,13.0,9752.0,1166.5869273279266,1859322775.0
"{""task"":""lm-arena-chat"",""model_id"":""Qwen/Qwen3-32B"",""gpu_model"":""H100"",""num_gpus"":2,""max_num_seqs"":32,""tensor_parallel"":2,""expert_parallel"":1,""data_parallel"":1,""seed"":48105,""num_request_repeats"":1}",lm-arena-chat,Qwen/Qwen3-32B,available,,string,a55ee1b1660128b7098723e0abcd92caa0788061051c62d51cbe87d9cf1974d8,,"{""enable_thinking"": false}",b34057d59c280781edb19eb4f7e6b6adef60d526dcb77f0147a7ff433c8ce729,1024.0,690589.0,674.4033203125,108.0,2303.400000000001,3246.0999999999995,13.0,9752.0,1166.5869273279266,1859322775.0
"{""task"":""lm-arena-chat"",""model_id"":""Qwen/Qwen3-32B"",""gpu_model"":""H100"",""num_gpus"":2,""max_num_seqs"":384,""tensor_parallel"":2,""expert_parallel"":1,""data_parallel"":1,""seed"":48105,""num_request_repeats"":1}",lm-arena-chat,Qwen/Qwen3-32B,available,,string,a55ee1b1660128b7098723e0abcd92caa0788061051c62d51cbe87d9cf1974d8,,"{""enable_thinking"": false}",b34057d59c280781edb19eb4f7e6b6adef60d526dcb77f0147a7ff433c8ce729,1024.0,690589.0,674.4033203125,108.0,2303.400000000001,3246.0999999999995,13.0,9752.0,1166.5869273279266,1859322775.0
"{""task"":""lm-arena-chat"",""model_id"":""Qwen/Qwen3-32B"",""gpu_model"":""H100"",""num_gpus"":2,""max_num_seqs"":512,""tensor_parallel"":2,""expert_parallel"":1,""data_parallel"":1,""seed"":48105,""num_request_repeats"":1}",lm-arena-chat,Qwen/Qwen3-32B,available,,string,a55ee1b1660128b7098723e0abcd92caa0788061051c62d51cbe87d9cf1974d8,,"{""enable_thinking"": false}",b34057d59c280781edb19eb4f7e6b6adef60d526dcb77f0147a7ff433c8ce729,1024.0,690589.0,674.4033203125,108.0,2303.400000000001,3246.0999999999995,13.0,9752.0,1166.5869273279266,1859322775.0
"{""task"":""lm-arena-chat"",""model_id"":""Qwen/Qwen3-32B"",""gpu_model"":""H100"",""num_gpus"":2,""max_num_seqs"":64,""tensor_parallel"":2,""expert_parallel"":1,""data_parallel"":1,""seed"":48105,""num_request_repeats"":1}",lm-arena-chat,Qwen/Qwen3-32B,available,,string,a55ee1b1660128b7098723e0abcd92caa0788061051c62d51cbe87d9cf1974d8,,"{""enable_thinking"": false}",b34057d59c280781edb19eb4f7e6b6adef60d526dcb77f0147a7ff433c8ce729,1024.0,690589.0,674.4033203125,108.0,2303.400000000001,3246.0999999999995,13.0,9752.0,1166.5869273279266,1859322775.0
"{""task"":""lm-arena-chat"",""model_id"":""Qwen/Qwen3-32B"",""gpu_model"":""H100"",""num_gpus"":2,""max_num_seqs"":8,""tensor_parallel"":2,""expert_parallel"":1,""data_parallel"":1,""seed"":48105,""num_request_repeats"":1}",lm-arena-chat,Qwen/Qwen3-32B,available,,string,a55ee1b1660128b7098723e0abcd92caa0788061051c62d51cbe87d9cf1974d8,,"{""enable_thinking"": false}",b34057d59c280781edb19eb4f7e6b6adef60d526dcb77f0147a7ff433c8ce729,1024.0,690589.0,674.4033203125,108.0,2303.400000000001,3246.0999999999995,13.0,9752.0,1166.5869273279266,1859322775.0
"{""task"":""lm-arena-chat"",""model_id"":""Qwen/Qwen3-32B"",""gpu_model"":""H100"",""num_gpus"":2,""max_num_seqs"":96,""tensor_parallel"":2,""expert_parallel"":1,""data_parallel"":1,""seed"":48105,""num_request_repeats"":1}",lm-arena-chat,Qwen/Qwen3-32B,available,,string,a55ee1b1660128b7098723e0abcd92caa0788061051c62d51cbe87d9cf1974d8,,"{""enable_thinking"": false}",b34057d59c280781edb19eb4f7e6b6adef60d526dcb77f0147a7ff433c8ce729,1024.0,690589.0,674.4033203125,108.0,2303.400000000001,3246.0999999999995,13.0,9752.0,1166.5869273279266,1859322775.0
"{""task"":""lm-arena-chat"",""model_id"":""Qwen/Qwen3-8B"",""gpu_model"":""B200"",""num_gpus"":1,""max_num_seqs"":1024,""tensor_parallel"":1,""expert_parallel"":1,""data_parallel"":1,""seed"":48105,""num_request_repeats"":4}",lm-arena-chat,Qwen/Qwen3-8B,available,,string,a55ee1b1660128b7098723e0abcd92caa0788061051c62d51cbe87d9cf1974d8,,"{""enable_thinking"": false}",b34057d59c280781edb19eb4f7e6b6adef60d526dcb77f0147a7ff433c8ce729,4096.0,2762356.0,674.4033203125,108.0,2303.400000000001,3246.0999999999995,13.0,9752.0,1166.5869273279266,7437291100.0
"{""task"":""lm-arena-chat"",""model_id"":""Qwen/Qwen3-8B"",""gpu_model"":""B200"",""num_gpus"":1,""max_num_seqs"":128,""tensor_parallel"":1,""expert_parallel"":1,""data_parallel"":1,""seed"":48105,""num_request_repeats"":1}",lm-arena-chat,Qwen/Qwen3-8B,available,,string,a55ee1b1660128b7098723e0abcd92caa0788061051c62d51cbe87d9cf1974d8,,"{""enable_thinking"": false}",b34057d59c280781edb19eb4f7e6b6adef60d526dcb77f0147a7ff433c8ce729,1024.0,690589.0,674.4033203125,108.0,2303.400000000001,3246.0999999999995,13.0,9752.0,1166.5869273279266,1859322775.0
"{""task"":""lm-arena-chat"",""model_id"":""Qwen/Qwen3-8B"",""gpu_model"":""B200"",""num_gpus"":1,""max_num_seqs"":1536,""tensor_parallel"":1,""expert_parallel"":1,""data_parallel"":1,""seed"":48105,""num_request_repeats"":4}",lm-arena-chat,Qwen/Qwen3-8B,available,,string,a55ee1b1660128b7098723e0abcd92caa0788061051c62d51cbe87d9cf1974d8,,"{""enable_thinking"": false}",b34057d59c280781edb19eb4f7e6b6adef60d526dcb77f0147a7ff433c8ce729,4096.0,2762356.0,674.4033203125,108.0,2303.400000000001,3246.0999999999995,13.0,9752.0,1166.5869273279266,7437291100.0
"{""task"":""lm-arena-chat"",""model_id"":""Qwen/Qwen3-8B"",""gpu_model"":""B200"",""num_gpus"":1,""max_num_seqs"":16,""tensor_parallel"":1,""expert_parallel"":1,""data_parallel"":1,""seed"":48105,""num_request_repeats"":1}",lm-arena-chat,Qwen/Qwen3-8B,available,,string,a55ee1b1660128b7098723e0abcd92caa0788061051c62d51cbe87d9cf1974d8,,"{""enable_thinking"": false}",b34057d59c280781edb19eb4f7e6b6adef60d526dcb77f0147a7ff433c8ce729,1024.0,690589.0,674.4033203125,108.0,2303.400000000001,3246.0999999999995,13.0,9752.0,1166.5869273279266,1859322775.0
"{""task"":""lm-arena-chat"",""model_id"":""Qwen/Qwen3-8B"",""gpu_model"":""B200"",""num_gpus"":1,""max_num_seqs"":2048,""tensor_parallel"":1,""expert_parallel"":1,""data_parallel"":1,""seed"":48105,""num_request_repeats"":6}",lm-arena-chat,Qwen/Qwen3-8B,available,,string,a55ee1b1660128b7098723e0abcd92caa0788061051c62d51cbe87d9cf1974d8,,"{""enable_thinking"": false}",b34057d59c280781edb19eb4f7e6b6adef60d526dcb77f0147a7ff433c8ce729,6144.0,4143534.0,674.4033203125,108.0,2303.400000000001,3246.0999999999995,13.0,9752.0,1166.5869273279266,11155936650.0
"{""task"":""lm-arena-chat"",""model_id"":""Qwen/Qwen3-8B"",""gpu_model"":""B200"",""num_gpus"":1,""max_num_seqs"":256,""tensor_parallel"":1,""expert_parallel"":1,""data_parallel"":1,""seed"":48105,""num_request_repeats"":2}",lm-arena-chat,Qwen/Qwen3-8B,available,,string,a55ee1b1660128b7098723e0abcd92caa0788061051c62d51cbe87d9cf1974d8,,"{""enable_thinking"": false}",b34057d59c280781edb19eb4f7e6b6adef60d526dcb77f0147a7ff433c8ce729,2048.0,1381178.0,674.4033203125,108.0,2303.400000000001,3246.0999999999995,13.0,9752.0,1166.5869273279266,3718645550.0
"{""task"":""lm-arena-chat"",""model_id"":""Qwen/Qwen3-8B"",""gpu_model"":""B200"",""num_gpus"":1,""max_num_seqs"":32,""tensor_parallel"":1,""expert_parallel"":1,""data_parallel"":1,""seed"":48105,""num_request_repeats"":1}",lm-arena-chat,Qwen/Qwen3-8B,available,,string,a55ee1b1660128b7098723e0abcd92caa0788061051c62d51cbe87d9cf1974d8,,"{""enable_thinking"": false}",b34057d59c280781edb19eb4f7e6b6adef60d526dcb77f0147a7ff433c8ce729,1024.0,690589.0,674.4033203125,108.0,2303.400000000001,3246.0999999999995,13.0,9752.0,1166.5869273279266,1859322775.0
"{""task"":""lm-arena-chat"",""model_id"":""Qwen/Qwen3-8B"",""gpu_model"":""B200"",""num_gpus"":1,""max_num_seqs"":512,""tensor_parallel"":1,""expert_parallel"":1,""data_parallel"":1,""seed"":48105,""num_request_repeats"":2}",lm-arena-chat,Qwen/Qwen3-8B,available,,string,a55ee1b1660128b7098723e0abcd92caa0788061051c62d51cbe87d9cf1974d8,,"{""enable_thinking"": false}",b34057d59c280781edb19eb4f7e6b6adef60d526dcb77f0147a7ff433c8ce729,2048.0,1381178.0,674.4033203125,108.0,2303.400000000001,3246.0999999999995,13.0,9752.0,1166.5869273279266,3718645550.0
"{""task"":""lm-arena-chat"",""model_id"":""Qwen/Qwen3-8B"",""gpu_model"":""B200"",""num_gpus"":1,""max_num_seqs"":64,""tensor_parallel"":1,""expert_parallel"":1,""data_parallel"":1,""seed"":48105,""num_request_repeats"":1}",lm-arena-chat,Qwen/Qwen3-8B,available,,string,a55ee1b1660128b7098723e0abcd92caa0788061051c62d51cbe87d9cf1974d8,,"{""enable_thinking"": false}",b34057d59c280781edb19eb4f7e6b6adef60d526dcb77f0147a7ff433c8ce729,1024.0,690589.0,674.4033203125,108.0,2303.400000000001,3246.0999999999995,13.0,9752.0,1166.5869273279266,1859322775.0
"{""task"":""lm-arena-chat"",""model_id"":""Qwen/Qwen3-8B"",""gpu_model"":""B200"",""num_gpus"":1,""max_num_seqs"":8,""tensor_parallel"":1,""expert_parallel"":1,""data_parallel"":1,""seed"":48105,""num_request_repeats"":1}",lm-arena-chat,Qwen/Qwen3-8B,available,,string,a55ee1b1660128b7098723e0abcd92caa0788061051c62d51cbe87d9cf1974d8,,"{""enable_thinking"": false}",b34057d59c280781edb19eb4f7e6b6adef60d526dcb77f0147a7ff433c8ce729,1024.0,690589.0,674.4033203125,108.0,2303.400000000001,3246.0999999999995,13.0,9752.0,1166.5869273279266,1859322775.0
"{""task"":""lm-arena-chat"",""model_id"":""Qwen/Qwen3-8B"",""gpu_model"":""H100"",""num_gpus"":1,""max_num_seqs"":128,""tensor_parallel"":1,""expert_parallel"":1,""data_parallel"":1,""seed"":48105,""num_request_repeats"":1}",lm-arena-chat,Qwen/Qwen3-8B,available,,string,a55ee1b1660128b7098723e0abcd92caa0788061051c62d51cbe87d9cf1974d8,,"{""enable_thinking"": false}",b34057d59c280781edb19eb4f7e6b6adef60d526dcb77f0147a7ff433c8ce729,1024.0,690589.0,674.4033203125,108.0,2303.400000000001,3246.0999999999995,13.0,9752.0,1166.5869273279266,1859322775.0
"{""task"":""lm-arena-chat"",""model_id"":""Qwen/Qwen3-8B"",""gpu_model"":""H100"",""num_gpus"":1,""max_num_seqs"":16,""tensor_parallel"":1,""expert_parallel"":1,""data_parallel"":1,""seed"":48105,""num_request_repeats"":1}",lm-arena-chat,Qwen/Qwen3-8B,available,,string,a55ee1b1660128b7098723e0abcd92caa0788061051c62d51cbe87d9cf1974d8,,"{""enable_thinking"": false}",b34057d59c280781edb19eb4f7e6b6adef60d526dcb77f0147a7ff433c8ce729,1024.0,690589.0,674.4033203125,108.0,2303.400000000001,3246.0999999999995,13.0,9752.0,1166.5869273279266,1859322775.0
"{""task"":""lm-arena-chat"",""model_id"":""Qwen/Qwen3-8B"",""gpu_model"":""H100"",""num_gpus"":1,""max_num_seqs"":192,""tensor_parallel"":1,""expert_parallel"":1,""data_parallel"":1,""seed"":48105,""num_request_repeats"":1}",lm-arena-chat,Qwen/Qwen3-8B,available,,string,a55ee1b1660128b7098723e0abcd92caa0788061051c62d51cbe87d9cf1974d8,,"{""enable_thinking"": false}",b34057d59c280781edb19eb4f7e6b6adef60d526dcb77f0147a7ff433c8ce729,1024.0,690589.0,674.4033203125,108.0,2303.400000000001,3246.0999999999995,13.0,9752.0,1166.5869273279266,1859322775.0
"{""task"":""lm-arena-chat"",""model_id"":""Qwen/Qwen3-8B"",""gpu_model"":""H100"",""num_gpus"":1,""max_num_seqs"":256,""tensor_parallel"":1,""expert_parallel"":1,""data_parallel"":1,""seed"":48105,""num_request_repeats"":1}",lm-arena-chat,Qwen/Qwen3-8B,available,,string,a55ee1b1660128b7098723e0abcd92caa0788061051c62d51cbe87d9cf1974d8,,"{""enable_thinking"": false}",b34057d59c280781edb19eb4f7e6b6adef60d526dcb77f0147a7ff433c8ce729,1024.0,690589.0,674.4033203125,108.0,2303.400000000001,3246.0999999999995,13.0,9752.0,1166.5869273279266,1859322775.0
"{""task"":""lm-arena-chat"",""model_id"":""Qwen/Qwen3-8B"",""gpu_model"":""H100"",""num_gpus"":1,""max_num_seqs"":32,""tensor_parallel"":1,""expert_parallel"":1,""data_parallel"":1,""seed"":48105,""num_request_repeats"":1}",lm-arena-chat,Qwen/Qwen3-8B,available,,string,a55ee1b1660128b7098723e0abcd92caa0788061051c62d51cbe87d9cf1974d8,,"{""enable_thinking"": false}",b34057d59c280781edb19eb4f7e6b6adef60d526dcb77f0147a7ff433c8ce729,1024.0,690589.0,674.4033203125,108.0,2303.400000000001,3246.0999999999995,13.0,9752.0,1166.5869273279266,1859322775.0
"{""task"":""lm-arena-chat"",""model_id"":""Qwen/Qwen3-8B"",""gpu_model"":""H100"",""num_gpus"":1,""max_num_seqs"":384,""tensor_parallel"":1,""expert_parallel"":1,""data_parallel"":1,""seed"":48105,""num_request_repeats"":1}",lm-arena-chat,Qwen/Qwen3-8B,available,,string,a55ee1b1660128b7098723e0abcd92caa0788061051c62d51cbe87d9cf1974d8,,"{""enable_thinking"": false}",b34057d59c280781edb19eb4f7e6b6adef60d526dcb77f0147a7ff433c8ce729,1024.0,690589.0,674.4033203125,108.0,2303.400000000001,3246.0999999999995,13.0,9752.0,1166.5869273279266,1859322775.0
"{""task"":""lm-arena-chat"",""model_id"":""Qwen/Qwen3-8B"",""gpu_model"":""H100"",""num_gpus"":1,""max_num_seqs"":512,""tensor_parallel"":1,""expert_parallel"":1,""data_parallel"":1,""seed"":48105,""num_request_repeats"":1}",lm-arena-chat,Qwen/Qwen3-8B,available,,string,a55ee1b1660128b7098723e0abcd92caa0788061051c62d51cbe87d9cf1974d8,,"{""enable_thinking"": false}",b34057d59c280781edb19eb4f7e6b6adef60d526dcb77f0147a7ff433c8ce729,1024.0,690589.0,674.4033203125,108.0,2303.400000000001,3246.0999999999995,13.0,9752.0,1166.5869273279266,1859322775.0
"{""task"":""lm-arena-chat"",""model_id"":""Qwen/Qwen3-8B"",""gpu_model"":""H100"",""num_gpus"":1,""max_num_seqs"":64,""tensor_parallel"":1,""expert_parallel"":1,""data_parallel"":1,""seed"":48105,""num_request_repeats"":1}",lm-arena-chat,Qwen/Qwen3-8B,available,,string,a55ee1b1660128b7098723e0abcd92caa0788061051c62d51cbe87d9cf1974d8,,"{""enable_thinking"": false}",b34057d59c280781edb19eb4f7e6b6adef60d526dcb77f0147a7ff433c8ce729,1024.0,690589.0,674.4033203125,108.0,2303.400000000001,3246.0999999999995,13.0,9752.0,1166.5869273279266,1859322775.0
"{""task"":""lm-arena-chat"",""model_id"":""Qwen/Qwen3-8B"",""gpu_model"":""H100"",""num_gpus"":1,""max_num_seqs"":8,""tensor_parallel"":1,""expert_parallel"":1,""data_parallel"":1,""seed"":48105,""num_request_repeats"":1}",lm-arena-chat,Qwen/Qwen3-8B,available,,string,a55ee1b1660128b7098723e0abcd92caa0788061051c62d51cbe87d9cf1974d8,,"{""enable_thinking"": false}",b34057d59c280781edb19eb4f7e6b6adef60d526dcb77f0147a7ff433c8ce729,1024.0,690589.0,674.4033203125,108.0,2303.400000000001,3246.0999999999995,13.0,9752.0,1166.5869273279266,1859322775.0
"{""task"":""lm-arena-chat"",""model_id"":""Qwen/Qwen3-8B"",""gpu_model"":""H100"",""num_gpus"":1,""max_num_seqs"":96,""tensor_parallel"":1,""expert_parallel"":1,""data_parallel"":1,""seed"":48105,""num_request_repeats"":1}",lm-arena-chat,Qwen/Qwen3-8B,available,,string,a55ee1b1660128b7098723e0abcd92caa0788061051c62d51cbe87d9cf1974d8,,"{""enable_thinking"": false}",b34057d59c280781edb19eb4f7e6b6adef60d526dcb77f0147a7ff433c8ce729,1024.0,690589.0,674.4033203125,108.0,2303.400000000001,3246.0999999999995,13.0,9752.0,1166.5869273279266,1859322775.0
"{""task"":""lm-arena-chat"",""model_id"":""deepseek-ai/DeepSeek-V3.1"",""gpu_model"":""B200"",""num_gpus"":8,""max_num_seqs"":1024,""tensor_parallel"":1,""expert_parallel"":8,""data_parallel"":1,""seed"":48105,""num_request_repeats"":2}",lm-arena-chat,deepseek-ai/DeepSeek-V3.1,available,,string,45690185067ea25c073bff2d3e425a45ee2564d2bbf6cdf7d885e139d460b8e0,,"{""thinking"": false}",d2f7bb9768a13611ac31b798a82967cdfbd100839fe4dd24a92eeb71019e6878,2048.0,1340378.0,654.4814453125,96.5,2208.7,3021.9499999999975,5.0,8714.0,1185.7175510988477,3756589206.0
"{""task"":""lm-arena-chat"",""model_id"":""deepseek-ai/DeepSeek-V3.1"",""gpu_model"":""B200"",""num_gpus"":8,""max_num_seqs"":128,""tensor_parallel"":1,""expert_parallel"":8,""data_parallel"":1,""seed"":48105,""num_request_repeats"":1}",lm-arena-chat,deepseek-ai/DeepSeek-V3.1,available,,string,45690185067ea25c073bff2d3e425a45ee2564d2bbf6cdf7d885e139d460b8e0,,"{""thinking"": false}",d2f7bb9768a13611ac31b798a82967cdfbd100839fe4dd24a92eeb71019e6878,1024.0,670189.0,654.4814453125,96.5,2208.7,3021.9499999999975,5.0,8714.0,1185.7175510988477,1878294603.0
"{""task"":""lm-arena-chat"",""model_id"":""deepseek-ai/DeepSeek-V3.1"",""gpu_model"":""B200"",""num_gpus"":8,""max_num_seqs"":16,""tensor_parallel"":1,""expert_parallel"":8,""data_parallel"":1,""seed"":48105,""num_request_repeats"":1}",lm-arena-chat,deepseek-ai/DeepSeek-V3.1,available,,string,45690185067ea25c073bff2d3e425a45ee2564d2bbf6cdf7d885e139d460b8e0,,"{""thinking"": false}",d2f7bb9768a13611ac31b798a82967cdfbd100839fe4dd24a92eeb71019e6878,1024.0,670189.0,654.4814453125,96.5,2208.7,3021.9499999999975,5.0,8714.0,1185.7175510988477,1878294603.0
"{""task"":""lm-arena-chat"",""model_id"":""deepseek-ai/DeepSeek-V3.1"",""gpu_model"":""B200"",""num_gpus"":8,""max_num_seqs"":2048,""tensor_parallel"":1,""expert_parallel"":8,""data_parallel"":1,""seed"":48105,""num_request_repeats"":3}",lm-arena-chat,deepseek-ai/DeepSeek-V3.1,available,,string,45690185067ea25c073bff2d3e425a45ee2564d2bbf6cdf7d885e139d460b8e0,,"{""thinking"": false}",d2f7bb9768a13611ac31b798a82967cdfbd100839fe4dd24a92eeb71019e6878,3072.0,2010567.0,654.4814453125,96.5,2208.7,3021.9499999999975,5.0,8714.0,1185.7175510988477,5634883809.0
"{""task"":""lm-arena-chat"",""model_id"":""deepseek-ai/DeepSeek-V3.1"",""gpu_model"":""B200"",""num_gpus"":8,""max_num_seqs"":256,""tensor_parallel"":1,""expert_parallel"":8,""data_parallel"":1,""seed"":48105,""num_request_repeats"":1}",lm-arena-chat,deepseek-ai/DeepSeek-V3.1,available,,string,45690185067ea25c073bff2d3e425a45ee2564d2bbf6cdf7d885e139d460b8e0,,"{""thinking"": false}",d2f7bb9768a13611ac31b798a82967cdfbd100839fe4dd24a92eeb71019e6878,1024.0,670189.0,654.4814453125,96.5,2208.7,3021.9499999999975,5.0,8714.0,1185.7175510988477,1878294603.0
"{""task"":""lm-arena-chat"",""model_id"":""deepseek-ai/DeepSeek-V3.1"",""gpu_model"":""B200"",""num_gpus"":8,""max_num_seqs"":3072,""tensor_parallel"":1,""expert_parallel"":8,""data_parallel"":1,""seed"":48105,""num_request_repeats"":4}",lm-arena-chat,deepseek-ai/DeepSeek-V3.1,available,,string,45690185067ea25c073bff2d3e425a45ee2564d2bbf6cdf7d885e139d460b8e0,,"{""thinking"": false}",d2f7bb9768a13611ac31b798a82967cdfbd100839fe4dd24a92eeb71019e6878,4096.0,2680756.0,654.4814453125,96.5,2208.7,3021.9499999999975,5.0,8714.0,1185.7175510988477,7513178412.0
"{""task"":""lm-arena-chat"",""model_id"":""deepseek-ai/DeepSeek-V3.1"",""gpu_model"":""B200"",""num_gpus"":8,""max_num_seqs"":32,""tensor_parallel"":1,""expert_parallel"":8,""data_parallel"":1,""seed"":48105,""num_request_repeats"":1}",lm-arena-chat,deepseek-ai/DeepSeek-V3.1,available,,string,45690185067ea25c073bff2d3e425a45ee2564d2bbf6cdf7d885e139d460b8e0,,"{""thinking"": false}",d2f7bb9768a13611ac31b798a82967cdfbd100839fe4dd24a92eeb71019e6878,1024.0,670189.0,654.4814453125,96.5,2208.7,3021.9499999999975,5.0,8714.0,1185.7175510988477,1878294603.0
"{""task"":""lm-arena-chat"",""model_id"":""deepseek-ai/DeepSeek-V3.1"",""gpu_model"":""B200"",""num_gpus"":8,""max_num_seqs"":512,""tensor_parallel"":1,""expert_parallel"":8,""data_parallel"":1,""seed"":48105,""num_request_repeats"":1}",lm-arena-chat,deepseek-ai/DeepSeek-V3.1,available,,string,45690185067ea25c073bff2d3e425a45ee2564d2bbf6cdf7d885e139d460b8e0,,"{""thinking"": false}",d2f7bb9768a13611ac31b798a82967cdfbd100839fe4dd24a92eeb71019e6878,1024.0,670189.0,654.4814453125,96.5,2208.7,3021.9499999999975,5.0,8714.0,1185.7175510988477,1878294603.0
"{""task"":""lm-arena-chat"",""model_id"":""deepseek-ai/DeepSeek-V3.1"",""gpu_model"":""B200"",""num_gpus"":8,""max_num_seqs"":64,""tensor_parallel"":1,""expert_parallel"":8,""data_parallel"":1,""seed"":48105,""num_request_repeats"":1}",lm-arena-chat,deepseek-ai/DeepSeek-V3.1,available,,string,45690185067ea25c073bff2d3e425a45ee2564d2bbf6cdf7d885e139d460b8e0,,"{""thinking"": false}",d2f7bb9768a13611ac31b798a82967cdfbd100839fe4dd24a92eeb71019e6878,1024.0,670189.0,654.4814453125,96.5,2208.7,3021.9499999999975,5.0,8714.0,1185.7175510988477,1878294603.0
"{""task"":""lm-arena-chat"",""model_id"":""deepseek-ai/DeepSeek-V3.1"",""gpu_model"":""B200"",""num_gpus"":8,""max_num_seqs"":768,""tensor_parallel"":1,""expert_parallel"":8,""data_parallel"":1,""seed"":48105,""num_request_repeats"":2}",lm-arena-chat,deepseek-ai/DeepSeek-V3.1,available,,string,45690185067ea25c073bff2d3e425a45ee2564d2bbf6cdf7d885e139d460b8e0,,"{""thinking"": false}",d2f7bb9768a13611ac31b798a82967cdfbd100839fe4dd24a92eeb71019e6878,2048.0,1340378.0,654.4814453125,96.5,2208.7,3021.9499999999975,5.0,8714.0,1185.7175510988477,3756589206.0
"{""task"":""lm-arena-chat"",""model_id"":""deepseek-ai/DeepSeek-V3.1"",""gpu_model"":""B200"",""num_gpus"":8,""max_num_seqs"":8,""tensor_parallel"":1,""expert_parallel"":8,""data_parallel"":1,""seed"":48105,""num_request_repeats"":1}",lm-arena-chat,deepseek-ai/DeepSeek-V3.1,available,,string,45690185067ea25c073bff2d3e425a45ee2564d2bbf6cdf7d885e139d460b8e0,,"{""thinking"": false}",d2f7bb9768a13611ac31b798a82967cdfbd100839fe4dd24a92eeb71019e6878,1024.0,670189.0,654.4814453125,96.5,2208.7,3021.9499999999975,5.0,8714.0,1185.7175510988477,1878294603.0
"{""task"":""lm-arena-chat"",""model_id"":""google/gemma-3-12b-it"",""gpu_model"":""B200"",""num_gpus"":1,""max_num_seqs"":128,""tensor_parallel"":1,""expert_parallel"":1,""data_parallel"":1,""seed"":48105,""num_request_repeats"":1}",lm-arena-chat,google/gemma-3-12b-it,available,,openai,7de1c58e208eda46e9c7f86397df37ec49883aeece39fb961e0a6b24088dd3c4,,{},bd802329c2d14f9748c06167210caba65e3b55aa853a40c50607144fba64b2dc,1024.0,695796.0,679.48828125,102.0,2386.1000000000004,3367.349999999999,10.0,10188.0,1189.1110707307985,1920706010.0
"{""task"":""lm-arena-chat"",""model_id"":""google/gemma-3-12b-it"",""gpu_model"":""B200"",""num_gpus"":1,""max_num_seqs"":16,""tensor_parallel"":1,""expert_parallel"":1,""data_parallel"":1,""seed"":48105,""num_request_repeats"":1}",lm-arena-chat,google/gemma-3-12b-it,available,,openai,7de1c58e208eda46e9c7f86397df37ec49883aeece39fb961e0a6b24088dd3c4,,{},bd802329c2d14f9748c06167210caba65e3b55aa853a40c50607144fba64b2dc,1024.0,695796.0,679.48828125,102.0,2386.1000000000004,3367.349999999999,10.0,10188.0,1189.1110707307985,1920706010.0
"{""task"":""lm-arena-chat"",""model_id"":""google/gemma-3-12b-it"",""gpu_model"":""B200"",""num_gpus"":1,""max_num_seqs"":256,""tensor_parallel"":1,""expert_parallel"":1,""data_parallel"":1,""seed"":48105,""num_request_repeats"":1}",lm-arena-chat,google/gemma-3-12b-it,available,,openai,7de1c58e208eda46e9c7f86397df37ec49883aeece39fb961e0a6b24088dd3c4,,{},bd802329c2d14f9748c06167210caba65e3b55aa853a40c50607144fba64b2dc,1024.0,695796.0,679.48828125,102.0,2386.1000000000004,3367.349999999999,10.0,10188.0,1189.1110707307985,1920706010.0
"{""task"":""lm-arena-chat"",""model_id"":""google/gemma-3-12b-it"",""gpu_model"":""B200"",""num_gpus"":1,""max_num_seqs"":32,""tensor_parallel"":1,""expert_parallel"":1,""data_parallel"":1,""seed"":48105,""num_request_repeats"":1}",lm-arena-chat,google/gemma-3-12b-it,available,,openai,7de1c58e208eda46e9c7f86397df37ec49883aeece39fb961e0a6b24088dd3c4,,{},bd802329c2d14f9748c06167210caba65e3b55aa853a40c50607144fba64b2dc,1024.0,695796.0,679.48828125,102.0,2386.1000000000004,3367.349999999999,10.0,10188.0,1189.1110707307985,1920706010.0
"{""task"":""lm-arena-chat"",""model_id"":""google/gemma-3-12b-it"",""gpu_model"":""B200"",""num_gpus"":1,""max_num_seqs"":512,""tensor_parallel"":1,""expert_parallel"":1,""data_parallel"":1,""seed"":48105,""num_request_repeats"":1}",lm-arena-chat,google/gemma-3-12b-it,available,,openai,7de1c58e208eda46e9c7f86397df37ec49883aeece39fb961e0a6b24088dd3c4,,{},bd802329c2d14f9748c06167210caba65e3b55aa853a40c50607144fba64b2dc,1024.0,695796.0,679.48828125,102.0,2386.1000000000004,3367.349999999999,10.0,10188.0,1189.1110707307985,1920706010.0
"{""task"":""lm-arena-chat"",""model_id"":""google/gemma-3-12b-it"",""gpu_model"":""B200"",""num_gpus"":1,""max_num_seqs"":64,""tensor_parallel"":1,""expert_parallel"":1,""data_parallel"":1,""seed"":48105,""num_request_repeats"":1}",lm-arena-chat,google/gemma-3-12b-it,available,,openai,7de1c58e208eda46e9c7f86397df37ec49883aeece39fb961e0a6b24088dd3c4,,{},bd802329c2d14f9748c06167210caba65e3b55aa853a40c50607144fba64b2dc,1024.0,695796.0,679.48828125,102.0,2386.1000000000004,3367.349999999999,10.0,10188.0,1189.1110707307985,1920706010.0
"{""task"":""lm-arena-chat"",""model_id"":""google/gemma-3-12b-it"",""gpu_model"":""B200"",""num_gpus"":1,""max_num_seqs"":8,""tensor_parallel"":1,""expert_parallel"":1,""data_parallel"":1,""seed"":48105,""num_request_repeats"":1}",lm-arena-chat,google/gemma-3-12b-it,available,,openai,7de1c58e208eda46e9c7f86397df37ec49883aeece39fb961e0a6b24088dd3c4,,{},bd802329c2d14f9748c06167210caba65e3b55aa853a40c50607144fba64b2dc,1024.0,695796.0,679.48828125,102.0,2386.1000000000004,3367.349999999999,10.0,10188.0,1189.1110707307985,1920706010.0
"{""task"":""lm-arena-chat"",""model_id"":""google/gemma-3-12b-it"",""gpu_model"":""H100"",""num_gpus"":1,""max_num_seqs"":128,""tensor_parallel"":1,""expert_parallel"":1,""data_parallel"":1,""seed"":48105,""num_request_repeats"":1}",lm-arena-chat,google/gemma-3-12b-it,available,,openai,7de1c58e208eda46e9c7f86397df37ec49883aeece39fb961e0a6b24088dd3c4,,{},bd802329c2d14f9748c06167210caba65e3b55aa853a40c50607144fba64b2dc,1024.0,695796.0,679.48828125,102.0,2386.1000000000004,3367.349999999999,10.0,10188.0,1189.1110707307985,1920706010.0
"{""task"":""lm-arena-chat"",""model_id"":""google/gemma-3-12b-it"",""gpu_model"":""H100"",""num_gpus"":1,""max_num_seqs"":16,""tensor_parallel"":1,""expert_parallel"":1,""data_parallel"":1,""seed"":48105,""num_request_repeats"":1}",lm-arena-chat,google/gemma-3-12b-it,available,,openai,7de1c58e208eda46e9c7f86397df37ec49883aeece39fb961e0a6b24088dd3c4,,{},bd802329c2d14f9748c06167210caba65e3b55aa853a40c50607144fba64b2dc,1024.0,695796.0,679.48828125,102.0,2386.1000000000004,3367.349999999999,10.0,10188.0,1189.1110707307985,1920706010.0
"{""task"":""lm-arena-chat"",""model_id"":""google/gemma-3-12b-it"",""gpu_model"":""H100"",""num_gpus"":1,""max_num_seqs"":192,""tensor_parallel"":1,""expert_parallel"":1,""data_parallel"":1,""seed"":48105,""num_request_repeats"":1}",lm-arena-chat,google/gemma-3-12b-it,available,,openai,7de1c58e208eda46e9c7f86397df37ec49883aeece39fb961e0a6b24088dd3c4,,{},bd802329c2d14f9748c06167210caba65e3b55aa853a40c50607144fba64b2dc,1024.0,695796.0,679.48828125,102.0,2386.1000000000004,3367.349999999999,10.0,10188.0,1189.1110707307985,1920706010.0
"{""task"":""lm-arena-chat"",""model_id"":""google/gemma-3-12b-it"",""gpu_model"":""H100"",""num_gpus"":1,""max_num_seqs"":256,""tensor_parallel"":1,""expert_parallel"":1,""data_parallel"":1,""seed"":48105,""num_request_repeats"":1}",lm-arena-chat,google/gemma-3-12b-it,available,,openai,7de1c58e208eda46e9c7f86397df37ec49883aeece39fb961e0a6b24088dd3c4,,{},bd802329c2d14f9748c06167210caba65e3b55aa853a40c50607144fba64b2dc,1024.0,695796.0,679.48828125,102.0,2386.1000000000004,3367.349999999999,10.0,10188.0,1189.1110707307985,1920706010.0
"{""task"":""lm-arena-chat"",""model_id"":""google/gemma-3-12b-it"",""gpu_model"":""H100"",""num_gpus"":1,""max_num_seqs"":32,""tensor_parallel"":1,""expert_parallel"":1,""data_parallel"":1,""seed"":48105,""num_request_repeats"":1}",lm-arena-chat,google/gemma-3-12b-it,available,,openai,7de1c58e208eda46e9c7f86397df37ec49883aeece39fb961e0a6b24088dd3c4,,{},bd802329c2d14f9748c06167210caba65e3b55aa853a40c50607144fba64b2dc,1024.0,695796.0,679.48828125,102.0,2386.1000000000004,3367.349999999999,10.0,10188.0,1189.1110707307985,1920706010.0
"{""task"":""lm-arena-chat"",""model_id"":""google/gemma-3-12b-it"",""gpu_model"":""H100"",""num_gpus"":1,""max_num_seqs"":384,""tensor_parallel"":1,""expert_parallel"":1,""data_parallel"":1,""seed"":48105,""num_request_repeats"":1}",lm-arena-chat,google/gemma-3-12b-it,available,,openai,7de1c58e208eda46e9c7f86397df37ec49883aeece39fb961e0a6b24088dd3c4,,{},bd802329c2d14f9748c06167210caba65e3b55aa853a40c50607144fba64b2dc,1024.0,695796.0,679.48828125,102.0,2386.1000000000004,3367.349999999999,10.0,10188.0,1189.1110707307985,1920706010.0
"{""task"":""lm-arena-chat"",""model_id"":""google/gemma-3-12b-it"",""gpu_model"":""H100"",""num_gpus"":1,""max_num_seqs"":512,""tensor_parallel"":1,""expert_parallel"":1,""data_parallel"":1,""seed"":48105,""num_request_repeats"":1}",lm-arena-chat,google/gemma-3-12b-it,available,,openai,7de1c58e208eda46e9c7f86397df37ec49883aeece39fb961e0a6b24088dd3c4,,{},bd802329c2d14f9748c06167210caba65e3b55aa853a40c50607144fba64b2dc,1024.0,695796.0,679.48828125,102.0,2386.1000000000004,3367.349999999999,10.0,10188.0,1189.1110707307985,1920706010.0
"{""task"":""lm-arena-chat"",""model_id"":""google/gemma-3-12b-it"",""gpu_model"":""H100"",""num_gpus"":1,""max_num_seqs"":64,""tensor_parallel"":1,""expert_parallel"":1,""data_parallel"":1,""seed"":48105,""num_request_repeats"":1}",lm-arena-chat,google/gemma-3-12b-it,available,,openai,7de1c58e208eda46e9c7f86397df37ec49883aeece39fb961e0a6b24088dd3c4,,{},bd802329c2d14f9748c06167210caba65e3b55aa853a40c50607144fba64b2dc,1024.0,695796.0,679.48828125,102.0,2386.1000000000004,3367.349999999999,10.0,10188.0,1189.1110707307985,1920706010.0
"{""task"":""lm-arena-chat"",""model_id"":""google/gemma-3-12b-it"",""gpu_model"":""H100"",""num_gpus"":1,""max_num_seqs"":8,""tensor_parallel"":1,""expert_parallel"":1,""data_parallel"":1,""seed"":48105,""num_request_repeats"":1}",lm-arena-chat,google/gemma-3-12b-it,available,,openai,7de1c58e208eda46e9c7f86397df37ec49883aeece39fb961e0a6b24088dd3c4,,{},bd802329c2d14f9748c06167210caba65e3b55aa853a40c50607144fba64b2dc,1024.0,695796.0,679.48828125,102.0,2386.1000000000004,3367.349999999999,10.0,10188.0,1189.1110707307985,1920706010.0
"{""task"":""lm-arena-chat"",""model_id"":""google/gemma-3-12b-it"",""gpu_model"":""H100"",""num_gpus"":1,""max_num_seqs"":96,""tensor_parallel"":1,""expert_parallel"":1,""data_parallel"":1,""seed"":48105,""num_request_repeats"":1}",lm-arena-chat,google/gemma-3-12b-it,available,,openai,7de1c58e208eda46e9c7f86397df37ec49883aeece39fb961e0a6b24088dd3c4,,{},bd802329c2d14f9748c06167210caba65e3b55aa853a40c50607144fba64b2dc,1024.0,695796.0,679.48828125,102.0,2386.1000000000004,3367.349999999999,10.0,10188.0,1189.1110707307985,1920706010.0
"{""task"":""lm-arena-chat"",""model_id"":""google/gemma-3-27b-it"",""gpu_model"":""B200"",""num_gpus"":1,""max_num_seqs"":128,""tensor_parallel"":1,""expert_parallel"":1,""data_parallel"":1,""seed"":48105,""num_request_repeats"":1}",lm-arena-chat,google/gemma-3-27b-it,available,,openai,7de1c58e208eda46e9c7f86397df37ec49883aeece39fb961e0a6b24088dd3c4,,{},bd802329c2d14f9748c06167210caba65e3b55aa853a40c50607144fba64b2dc,1024.0,695796.0,679.48828125,102.0,2386.1000000000004,3367.349999999999,10.0,10188.0,1189.1110707307985,1920706010.0
"{""task"":""lm-arena-chat"",""model_id"":""google/gemma-3-27b-it"",""gpu_model"":""B200"",""num_gpus"":1,""max_num_seqs"":16,""tensor_parallel"":1,""expert_parallel"":1,""data_parallel"":1,""seed"":48105,""num_request_repeats"":1}",lm-arena-chat,google/gemma-3-27b-it,available,,openai,7de1c58e208eda46e9c7f86397df37ec49883aeece39fb961e0a6b24088dd3c4,,{},bd802329c2d14f9748c06167210caba65e3b55aa853a40c50607144fba64b2dc,1024.0,695796.0,679.48828125,102.0,2386.1000000000004,3367.349999999999,10.0,10188.0,1189.1110707307985,1920706010.0
"{""task"":""lm-arena-chat"",""model_id"":""google/gemma-3-27b-it"",""gpu_model"":""B200"",""num_gpus"":1,""max_num_seqs"":256,""tensor_parallel"":1,""expert_parallel"":1,""data_parallel"":1,""seed"":48105,""num_request_repeats"":1}",lm-arena-chat,google/gemma-3-27b-it,available,,openai,7de1c58e208eda46e9c7f86397df37ec49883aeece39fb961e0a6b24088dd3c4,,{},bd802329c2d14f9748c06167210caba65e3b55aa853a40c50607144fba64b2dc,1024.0,695796.0,679.48828125,102.0,2386.1000000000004,3367.349999999999,10.0,10188.0,1189.1110707307985,1920706010.0
"{""task"":""lm-arena-chat"",""model_id"":""google/gemma-3-27b-it"",""gpu_model"":""B200"",""num_gpus"":1,""max_num_seqs"":32,""tensor_parallel"":1,""expert_parallel"":1,""data_parallel"":1,""seed"":48105,""num_request_repeats"":1}",lm-arena-chat,google/gemma-3-27b-it,available,,openai,7de1c58e208eda46e9c7f86397df37ec49883aeece39fb961e0a6b24088dd3c4,,{},bd802329c2d14f9748c06167210caba65e3b55aa853a40c50607144fba64b2dc,1024.0,695796.0,679.48828125,102.0,2386.1000000000004,3367.349999999999,10.0,10188.0,1189.1110707307985,1920706010.0
"{""task"":""lm-arena-chat"",""model_id"":""google/gemma-3-27b-it"",""gpu_model"":""B200"",""num_gpus"":1,""max_num_seqs"":512,""tensor_parallel"":1,""expert_parallel"":1,""data_parallel"":1,""seed"":48105,""num_request_repeats"":1}",lm-arena-chat,google/gemma-3-27b-it,available,,openai,7de1c58e208eda46e9c7f86397df37ec49883aeece39fb961e0a6b24088dd3c4,,{},bd802329c2d14f9748c06167210caba65e3b55aa853a40c50607144fba64b2dc,1024.0,695796.0,679.48828125,102.0,2386.1000000000004,3367.349999999999,10.0,10188.0,1189.1110707307985,1920706010.0
"{""task"":""lm-arena-chat"",""model_id"":""google/gemma-3-27b-it"",""gpu_model"":""B200"",""num_gpus"":1,""max_num_seqs"":64,""tensor_parallel"":1,""expert_parallel"":1,""data_parallel"":1,""seed"":48105,""num_request_repeats"":1}",lm-arena-chat,google/gemma-3-27b-it,available,,openai,7de1c58e208eda46e9c7f86397df37ec49883aeece39fb961e0a6b24088dd3c4,,{},bd802329c2d14f9748c06167210caba65e3b55aa853a40c50607144fba64b2dc,1024.0,695796.0,679.48828125,102.0,2386.1000000000004,3367.349999999999,10.0,10188.0,1189.1110707307985,1920706010.0
"{""task"":""lm-arena-chat"",""model_id"":""google/gemma-3-27b-it"",""gpu_model"":""B200"",""num_gpus"":1,""max_num_seqs"":8,""tensor_parallel"":1,""expert_parallel"":1,""data_parallel"":1,""seed"":48105,""num_request_repeats"":1}",lm-arena-chat,google/gemma-3-27b-it,available,,openai,7de1c58e208eda46e9c7f86397df37ec49883aeece39fb961e0a6b24088dd3c4,,{},bd802329c2d14f9748c06167210caba65e3b55aa853a40c50607144fba64b2dc,1024.0,695796.0,679.48828125,102.0,2386.1000000000004,3367.349999999999,10.0,10188.0,1189.1110707307985,1920706010.0
"{""task"":""lm-arena-chat"",""model_id"":""google/gemma-3-27b-it"",""gpu_model"":""H100"",""num_gpus"":1,""max_num_seqs"":128,""tensor_parallel"":1,""expert_parallel"":1,""data_parallel"":1,""seed"":48105,""num_request_repeats"":1}",lm-arena-chat,google/gemma-3-27b-it,available,,openai,7de1c58e208eda46e9c7f86397df37ec49883aeece39fb961e0a6b24088dd3c4,,{},bd802329c2d14f9748c06167210caba65e3b55aa853a40c50607144fba64b2dc,1024.0,695796.0,679.48828125,102.0,2386.1000000000004,3367.349999999999,10.0,10188.0,1189.1110707307985,1920706010.0
"{""task"":""lm-arena-chat"",""model_id"":""google/gemma-3-27b-it"",""gpu_model"":""H100"",""num_gpus"":1,""max_num_seqs"":16,""tensor_parallel"":1,""expert_parallel"":1,""data_parallel"":1,""seed"":48105,""num_request_repeats"":1}",lm-arena-chat,google/gemma-3-27b-it,available,,openai,7de1c58e208eda46e9c7f86397df37ec49883aeece39fb961e0a6b24088dd3c4,,{},bd802329c2d14f9748c06167210caba65e3b55aa853a40c50607144fba64b2dc,1024.0,695796.0,679.48828125,102.0,2386.1000000000004,3367.349999999999,10.0,10188.0,1189.1110707307985,1920706010.0
"{""task"":""lm-arena-chat"",""model_id"":""google/gemma-3-27b-it"",""gpu_model"":""H100"",""num_gpus"":1,""max_num_seqs"":192,""tensor_parallel"":1,""expert_parallel"":1,""data_parallel"":1,""seed"":48105,""num_request_repeats"":1}",lm-arena-chat,google/gemma-3-27b-it,available,,openai,7de1c58e208eda46e9c7f86397df37ec49883aeece39fb961e0a6b24088dd3c4,,{},bd802329c2d14f9748c06167210caba65e3b55aa853a40c50607144fba64b2dc,1024.0,695796.0,679.48828125,102.0,2386.1000000000004,3367.349999999999,10.0,10188.0,1189.1110707307985,1920706010.0
"{""task"":""lm-arena-chat"",""model_id"":""google/gemma-3-27b-it"",""gpu_model"":""H100"",""num_gpus"":1,""max_num_seqs"":256,""tensor_parallel"":1,""expert_parallel"":1,""data_parallel"":1,""seed"":48105,""num_request_repeats"":1}",lm-arena-chat,google/gemma-3-27b-it,available,,openai,7de1c58e208eda46e9c7f86397df37ec49883aeece39fb961e0a6b24088dd3c4,,{},bd802329c2d14f9748c06167210caba65e3b55aa853a40c50607144fba64b2dc,1024.0,695796.0,679.48828125,102.0,2386.1000000000004,3367.349999999999,10.0,10188.0,1189.1110707307985,1920706010.0
"{""task"":""lm-arena-chat"",""model_id"":""google/gemma-3-27b-it"",""gpu_model"":""H100"",""num_gpus"":1,""max_num_seqs"":32,""tensor_parallel"":1,""expert_parallel"":1,""data_parallel"":1,""seed"":48105,""num_request_repeats"":1}",lm-arena-chat,google/gemma-3-27b-it,available,,openai,7de1c58e208eda46e9c7f86397df37ec49883aeece39fb961e0a6b24088dd3c4,,{},bd802329c2d14f9748c06167210caba65e3b55aa853a40c50607144fba64b2dc,1024.0,695796.0,679.48828125,102.0,2386.1000000000004,3367.349999999999,10.0,10188.0,1189.1110707307985,1920706010.0
"{""task"":""lm-arena-chat"",""model_id"":""google/gemma-3-27b-it"",""gpu_model"":""H100"",""num_gpus"":1,""max_num_seqs"":384,""tensor_parallel"":1,""expert_parallel"":1,""data_parallel"":1,""seed"":48105,""num_request_repeats"":1}",lm-arena-chat,google/gemma-3-27b-it,available,,openai,7de1c58e208eda46e9c7f86397df37ec49883aeece39fb961e0a6b24088dd3c4,,{},bd802329c2d14f9748c06167210caba65e3b55aa853a40c50607144fba64b2dc,1024.0,695796.0,679.48828125,102.0,2386.1000000000004,3367.349999999999,10.0,10188.0,1189.1110707307985,1920706010.0
"{""task"":""lm-arena-chat"",""model_id"":""google/gemma-3-27b-it"",""gpu_model"":""H100"",""num_gpus"":1,""max_num_seqs"":512,""tensor_parallel"":1,""expert_parallel"":1,""data_parallel"":1,""seed"":48105,""num_request_repeats"":1}",lm-arena-chat,google/gemma-3-27b-it,available,,openai,7de1c58e208eda46e9c7f86397df37ec49883aeece39fb961e0a6b24088dd3c4,,{},bd802329c2d14f9748c06167210caba65e3b55aa853a40c50607144fba64b2dc,1024.0,695796.0,679.48828125,102.0,2386.1000000000004,3367.349999999999,10.0,10188.0,1189.1110707307985,1920706010.0
"{""task"":""lm-arena-chat"",""model_id"":""google/gemma-3-27b-it"",""gpu_model"":""H100"",""num_gpus"":1,""max_num_seqs"":64,""tensor_parallel"":1,""expert_parallel"":1,""data_parallel"":1,""seed"":48105,""num_request_repeats"":1}",lm-arena-chat,google/gemma-3-27b-it,available,,openai,7de1c58e208eda46e9c7f86397df37ec49883aeece39fb961e0a6b24088dd3c4,,{},bd802329c2d14f9748c06167210caba65e3b55aa853a40c50607144fba64b2dc,1024.0,695796.0,679.48828125,102.0,2386.1000000000004,3367.349999999999,10.0,10188.0,1189.1110707307985,1920706010.0
"{""task"":""lm-arena-chat"",""model_id"":""google/gemma-3-27b-it"",""gpu_model"":""H100"",""num_gpus"":1,""max_num_seqs"":8,""tensor_parallel"":1,""expert_parallel"":1,""data_parallel"":1,""seed"":48105,""num_request_repeats"":1}",lm-arena-chat,google/gemma-3-27b-it,available,,openai,7de1c58e208eda46e9c7f86397df37ec49883aeece39fb961e0a6b24088dd3c4,,{},bd802329c2d14f9748c06167210caba65e3b55aa853a40c50607144fba64b2dc,1024.0,695796.0,679.48828125,102.0,2386.1000000000004,3367.349999999999,10.0,10188.0,1189.1110707307985,1920706010.0
"{""task"":""lm-arena-chat"",""model_id"":""google/gemma-3-27b-it"",""gpu_model"":""H100"",""num_gpus"":1,""max_num_seqs"":96,""tensor_parallel"":1,""expert_parallel"":1,""data_parallel"":1,""seed"":48105,""num_request_repeats"":1}",lm-arena-chat,google/gemma-3-27b-it,available,,openai,7de1c58e208eda46e9c7f86397df37ec49883aeece39fb961e0a6b24088dd3c4,,{},bd802329c2d14f9748c06167210caba65e3b55aa853a40c50607144fba64b2dc,1024.0,695796.0,679.48828125,102.0,2386.1000000000004,3367.349999999999,10.0,10188.0,1189.1110707307985,1920706010.0
"{""task"":""lm-arena-chat"",""model_id"":""google/gemma-3-27b-it"",""gpu_model"":""H100"",""num_gpus"":2,""max_num_seqs"":128,""tensor_parallel"":2,""expert_parallel"":1,""data_parallel"":1,""seed"":48105,""num_request_repeats"":1}",lm-arena-chat,google/gemma-3-27b-it,available,,openai,7de1c58e208eda46e9c7f86397df37ec49883aeece39fb961e0a6b24088dd3c4,,{},bd802329c2d14f9748c06167210caba65e3b55aa853a40c50607144fba64b2dc,1024.0,695796.0,679.48828125,102.0,2386.1000000000004,3367.349999999999,10.0,10188.0,1189.1110707307985,1920706010.0
"{""task"":""lm-arena-chat"",""model_id"":""google/gemma-3-27b-it"",""gpu_model"":""H100"",""num_gpus"":2,""max_num_seqs"":16,""tensor_parallel"":2,""expert_parallel"":1,""data_parallel"":1,""seed"":48105,""num_request_repeats"":1}",lm-arena-chat,google/gemma-3-27b-it,available,,openai,7de1c58e208eda46e9c7f86397df37ec49883aeece39fb961e0a6b24088dd3c4,,{},bd802329c2d14f9748c06167210caba65e3b55aa853a40c50607144fba64b2dc,1024.0,695796.0,679.48828125,102.0,2386.1000000000004,3367.349999999999,10.0,10188.0,1189.1110707307985,1920706010.0
"{""task"":""lm-arena-chat"",""model_id"":""google/gemma-3-27b-it"",""gpu_model"":""H100"",""num_gpus"":2,""max_num_seqs"":192,""tensor_parallel"":2,""expert_parallel"":1,""data_parallel"":1,""seed"":48105,""num_request_repeats"":1}",lm-arena-chat,google/gemma-3-27b-it,available,,openai,7de1c58e208eda46e9c7f86397df37ec49883aeece39fb961e0a6b24088dd3c4,,{},bd802329c2d14f9748c06167210caba65e3b55aa853a40c50607144fba64b2dc,1024.0,695796.0,679.48828125,102.0,2386.1000000000004,3367.349999999999,10.0,10188.0,1189.1110707307985,1920706010.0
"{""task"":""lm-arena-chat"",""model_id"":""google/gemma-3-27b-it"",""gpu_model"":""H100"",""num_gpus"":2,""max_num_seqs"":256,""tensor_parallel"":2,""expert_parallel"":1,""data_parallel"":1,""seed"":48105,""num_request_repeats"":1}",lm-arena-chat,google/gemma-3-27b-it,available,,openai,7de1c58e208eda46e9c7f86397df37ec49883aeece39fb961e0a6b24088dd3c4,,{},bd802329c2d14f9748c06167210caba65e3b55aa853a40c50607144fba64b2dc,1024.0,695796.0,679.48828125,102.0,2386.1000000000004,3367.349999999999,10.0,10188.0,1189.1110707307985,1920706010.0
"{""task"":""lm-arena-chat"",""model_id"":""google/gemma-3-27b-it"",""gpu_model"":""H100"",""num_gpus"":2,""max_num_seqs"":32,""tensor_parallel"":2,""expert_parallel"":1,""data_parallel"":1,""seed"":48105,""num_request_repeats"":1}",lm-arena-chat,google/gemma-3-27b-it,available,,openai,7de1c58e208eda46e9c7f86397df37ec49883aeece39fb961e0a6b24088dd3c4,,{},bd802329c2d14f9748c06167210caba65e3b55aa853a40c50607144fba64b2dc,1024.0,695796.0,679.48828125,102.0,2386.1000000000004,3367.349999999999,10.0,10188.0,1189.1110707307985,1920706010.0
"{""task"":""lm-arena-chat"",""model_id"":""google/gemma-3-27b-it"",""gpu_model"":""H100"",""num_gpus"":2,""max_num_seqs"":384,""tensor_parallel"":2,""expert_parallel"":1,""data_parallel"":1,""seed"":48105,""num_request_repeats"":1}",lm-arena-chat,google/gemma-3-27b-it,available,,openai,7de1c58e208eda46e9c7f86397df37ec49883aeece39fb961e0a6b24088dd3c4,,{},bd802329c2d14f9748c06167210caba65e3b55aa853a40c50607144fba64b2dc,1024.0,695796.0,679.48828125,102.0,2386.1000000000004,3367.349999999999,10.0,10188.0,1189.1110707307985,1920706010.0
"{""task"":""lm-arena-chat"",""model_id"":""google/gemma-3-27b-it"",""gpu_model"":""H100"",""num_gpus"":2,""max_num_seqs"":512,""tensor_parallel"":2,""expert_parallel"":1,""data_parallel"":1,""seed"":48105,""num_request_repeats"":1}",lm-arena-chat,google/gemma-3-27b-it,available,,openai,7de1c58e208eda46e9c7f86397df37ec49883aeece39fb961e0a6b24088dd3c4,,{},bd802329c2d14f9748c06167210caba65e3b55aa853a40c50607144fba64b2dc,1024.0,695796.0,679.48828125,102.0,2386.1000000000004,3367.349999999999,10.0,10188.0,1189.1110707307985,1920706010.0
"{""task"":""lm-arena-chat"",""model_id"":""google/gemma-3-27b-it"",""gpu_model"":""H100"",""num_gpus"":2,""max_num_seqs"":64,""tensor_parallel"":2,""expert_parallel"":1,""data_parallel"":1,""seed"":48105,""num_request_repeats"":1}",lm-arena-chat,google/gemma-3-27b-it,available,,openai,7de1c58e208eda46e9c7f86397df37ec49883aeece39fb961e0a6b24088dd3c4,,{},bd802329c2d14f9748c06167210caba65e3b55aa853a40c50607144fba64b2dc,1024.0,695796.0,679.48828125,102.0,2386.1000000000004,3367.349999999999,10.0,10188.0,1189.1110707307985,1920706010.0
"{""task"":""lm-arena-chat"",""model_id"":""google/gemma-3-27b-it"",""gpu_model"":""H100"",""num_gpus"":2,""max_num_seqs"":8,""tensor_parallel"":2,""expert_parallel"":1,""data_parallel"":1,""seed"":48105,""num_request_repeats"":1}",lm-arena-chat,google/gemma-3-27b-it,available,,openai,7de1c58e208eda46e9c7f86397df37ec49883aeece39fb961e0a6b24088dd3c4,,{},bd802329c2d14f9748c06167210caba65e3b55aa853a40c50607144fba64b2dc,1024.0,695796.0,679.48828125,102.0,2386.1000000000004,3367.349999999999,10.0,10188.0,1189.1110707307985,1920706010.0
"{""task"":""lm-arena-chat"",""model_id"":""google/gemma-3-27b-it"",""gpu_model"":""H100"",""num_gpus"":2,""max_num_seqs"":96,""tensor_parallel"":2,""expert_parallel"":1,""data_parallel"":1,""seed"":48105,""num_request_repeats"":1}",lm-arena-chat,google/gemma-3-27b-it,available,,openai,7de1c58e208eda46e9c7f86397df37ec49883aeece39fb961e0a6b24088dd3c4,,{},bd802329c2d14f9748c06167210caba65e3b55aa853a40c50607144fba64b2dc,1024.0,695796.0,679.48828125,102.0,2386.1000000000004,3367.349999999999,10.0,10188.0,1189.1110707307985,1920706010.0
"{""task"":""lm-arena-chat"",""model_id"":""meta-llama/Llama-3.1-405B-Instruct"",""gpu_model"":""B200"",""num_gpus"":8,""max_num_seqs"":1024,""tensor_parallel"":8,""expert_parallel"":1,""data_parallel"":1,""seed"":48105,""num_request_repeats"":2}",lm-arena-chat,meta-llama/Llama-3.1-405B-Instruct,missing,restricted_model_static_files: Meta Llama access rejected; no bypass or mirror used,,,,,,,,,,,,,,,
"{""task"":""lm-arena-chat"",""model_id"":""meta-llama/Llama-3.1-405B-Instruct"",""gpu_model"":""B200"",""num_gpus"":8,""max_num_seqs"":128,""tensor_parallel"":8,""expert_parallel"":1,""data_parallel"":1,""seed"":48105,""num_request_repeats"":1}",lm-arena-chat,meta-llama/Llama-3.1-405B-Instruct,missing,restricted_model_static_files: Meta Llama access rejected; no bypass or mirror used,,,,,,,,,,,,,,,
"{""task"":""lm-arena-chat"",""model_id"":""meta-llama/Llama-3.1-405B-Instruct"",""gpu_model"":""B200"",""num_gpus"":8,""max_num_seqs"":16,""tensor_parallel"":8,""expert_parallel"":1,""data_parallel"":1,""seed"":48105,""num_request_repeats"":1}",lm-arena-chat,meta-llama/Llama-3.1-405B-Instruct,missing,restricted_model_static_files: Meta Llama access rejected; no bypass or mirror used,,,,,,,,,,,,,,,
"{""task"":""lm-arena-chat"",""model_id"":""meta-llama/Llama-3.1-405B-Instruct"",""gpu_model"":""B200"",""num_gpus"":8,""max_num_seqs"":2048,""tensor_parallel"":8,""expert_parallel"":1,""data_parallel"":1,""seed"":48105,""num_request_repeats"":3}",lm-arena-chat,meta-llama/Llama-3.1-405B-Instruct,missing,restricted_model_static_files: Meta Llama access rejected; no bypass or mirror used,,,,,,,,,,,,,,,
"{""task"":""lm-arena-chat"",""model_id"":""meta-llama/Llama-3.1-405B-Instruct"",""gpu_model"":""B200"",""num_gpus"":8,""max_num_seqs"":256,""tensor_parallel"":8,""expert_parallel"":1,""data_parallel"":1,""seed"":48105,""num_request_repeats"":1}",lm-arena-chat,meta-llama/Llama-3.1-405B-Instruct,missing,restricted_model_static_files: Meta Llama access rejected; no bypass or mirror used,,,,,,,,,,,,,,,
"{""task"":""lm-arena-chat"",""model_id"":""meta-llama/Llama-3.1-405B-Instruct"",""gpu_model"":""B200"",""num_gpus"":8,""max_num_seqs"":3072,""tensor_parallel"":8,""expert_parallel"":1,""data_parallel"":1,""seed"":48105,""num_request_repeats"":4}",lm-arena-chat,meta-llama/Llama-3.1-405B-Instruct,missing,restricted_model_static_files: Meta Llama access rejected; no bypass or mirror used,,,,,,,,,,,,,,,
"{""task"":""lm-arena-chat"",""model_id"":""meta-llama/Llama-3.1-405B-Instruct"",""gpu_model"":""B200"",""num_gpus"":8,""max_num_seqs"":32,""tensor_parallel"":8,""expert_parallel"":1,""data_parallel"":1,""seed"":48105,""num_request_repeats"":1}",lm-arena-chat,meta-llama/Llama-3.1-405B-Instruct,missing,restricted_model_static_files: Meta Llama access rejected; no bypass or mirror used,,,,,,,,,,,,,,,
"{""task"":""lm-arena-chat"",""model_id"":""meta-llama/Llama-3.1-405B-Instruct"",""gpu_model"":""B200"",""num_gpus"":8,""max_num_seqs"":4096,""tensor_parallel"":8,""expert_parallel"":1,""data_parallel"":1,""seed"":48105,""num_request_repeats"":6}",lm-arena-chat,meta-llama/Llama-3.1-405B-Instruct,missing,restricted_model_static_files: Meta Llama access rejected; no bypass or mirror used,,,,,,,,,,,,,,,
"{""task"":""lm-arena-chat"",""model_id"":""meta-llama/Llama-3.1-405B-Instruct"",""gpu_model"":""B200"",""num_gpus"":8,""max_num_seqs"":512,""tensor_parallel"":8,""expert_parallel"":1,""data_parallel"":1,""seed"":48105,""num_request_repeats"":1}",lm-arena-chat,meta-llama/Llama-3.1-405B-Instruct,missing,restricted_model_static_files: Meta Llama access rejected; no bypass or mirror used,,,,,,,,,,,,,,,
"{""task"":""lm-arena-chat"",""model_id"":""meta-llama/Llama-3.1-405B-Instruct"",""gpu_model"":""B200"",""num_gpus"":8,""max_num_seqs"":64,""tensor_parallel"":8,""expert_parallel"":1,""data_parallel"":1,""seed"":48105,""num_request_repeats"":1}",lm-arena-chat,meta-llama/Llama-3.1-405B-Instruct,missing,restricted_model_static_files: Meta Llama access rejected; no bypass or mirror used,,,,,,,,,,,,,,,
"{""task"":""lm-arena-chat"",""model_id"":""meta-llama/Llama-3.1-405B-Instruct"",""gpu_model"":""B200"",""num_gpus"":8,""max_num_seqs"":768,""tensor_parallel"":8,""expert_parallel"":1,""data_parallel"":1,""seed"":48105,""num_request_repeats"":2}",lm-arena-chat,meta-llama/Llama-3.1-405B-Instruct,missing,restricted_model_static_files: Meta Llama access rejected; no bypass or mirror used,,,,,,,,,,,,,,,
"{""task"":""lm-arena-chat"",""model_id"":""meta-llama/Llama-3.1-405B-Instruct"",""gpu_model"":""B200"",""num_gpus"":8,""max_num_seqs"":8,""tensor_parallel"":8,""expert_parallel"":1,""data_parallel"":1,""seed"":48105,""num_request_repeats"":1}",lm-arena-chat,meta-llama/Llama-3.1-405B-Instruct,missing,restricted_model_static_files: Meta Llama access rejected; no bypass or mirror used,,,,,,,,,,,,,,,
"{""task"":""lm-arena-chat"",""model_id"":""meta-llama/Llama-3.1-405B-Instruct-FP8"",""gpu_model"":""B200"",""num_gpus"":4,""max_num_seqs"":1024,""tensor_parallel"":4,""expert_parallel"":1,""data_parallel"":1,""seed"":48105,""num_request_repeats"":2}",lm-arena-chat,meta-llama/Llama-3.1-405B-Instruct-FP8,missing,restricted_model_static_files: Meta Llama access rejected; no bypass or mirror used,,,,,,,,,,,,,,,
"{""task"":""lm-arena-chat"",""model_id"":""meta-llama/Llama-3.1-405B-Instruct-FP8"",""gpu_model"":""B200"",""num_gpus"":4,""max_num_seqs"":128,""tensor_parallel"":4,""expert_parallel"":1,""data_parallel"":1,""seed"":48105,""num_request_repeats"":1}",lm-arena-chat,meta-llama/Llama-3.1-405B-Instruct-FP8,missing,restricted_model_static_files: Meta Llama access rejected; no bypass or mirror used,,,,,,,,,,,,,,,
"{""task"":""lm-arena-chat"",""model_id"":""meta-llama/Llama-3.1-405B-Instruct-FP8"",""gpu_model"":""B200"",""num_gpus"":4,""max_num_seqs"":16,""tensor_parallel"":4,""expert_parallel"":1,""data_parallel"":1,""seed"":48105,""num_request_repeats"":1}",lm-arena-chat,meta-llama/Llama-3.1-405B-Instruct-FP8,missing,restricted_model_static_files: Meta Llama access rejected; no bypass or mirror used,,,,,,,,,,,,,,,
"{""task"":""lm-arena-chat"",""model_id"":""meta-llama/Llama-3.1-405B-Instruct-FP8"",""gpu_model"":""B200"",""num_gpus"":4,""max_num_seqs"":256,""tensor_parallel"":4,""expert_parallel"":1,""data_parallel"":1,""seed"":48105,""num_request_repeats"":1}",lm-arena-chat,meta-llama/Llama-3.1-405B-Instruct-FP8,missing,restricted_model_static_files: Meta Llama access rejected; no bypass or mirror used,,,,,,,,,,,,,,,
"{""task"":""lm-arena-chat"",""model_id"":""meta-llama/Llama-3.1-405B-Instruct-FP8"",""gpu_model"":""B200"",""num_gpus"":4,""max_num_seqs"":32,""tensor_parallel"":4,""expert_parallel"":1,""data_parallel"":1,""seed"":48105,""num_request_repeats"":1}",lm-arena-chat,meta-llama/Llama-3.1-405B-Instruct-FP8,missing,restricted_model_static_files: Meta Llama access rejected; no bypass or mirror used,,,,,,,,,,,,,,,
"{""task"":""lm-arena-chat"",""model_id"":""meta-llama/Llama-3.1-405B-Instruct-FP8"",""gpu_model"":""B200"",""num_gpus"":4,""max_num_seqs"":512,""tensor_parallel"":4,""expert_parallel"":1,""data_parallel"":1,""seed"":48105,""num_request_repeats"":1}",lm-arena-chat,meta-llama/Llama-3.1-405B-Instruct-FP8,missing,restricted_model_static_files: Meta Llama access rejected; no bypass or mirror used,,,,,,,,,,,,,,,
"{""task"":""lm-arena-chat"",""model_id"":""meta-llama/Llama-3.1-405B-Instruct-FP8"",""gpu_model"":""B200"",""num_gpus"":4,""max_num_seqs"":64,""tensor_parallel"":4,""expert_parallel"":1,""data_parallel"":1,""seed"":48105,""num_request_repeats"":1}",lm-arena-chat,meta-llama/Llama-3.1-405B-Instruct-FP8,missing,restricted_model_static_files: Meta Llama access rejected; no bypass or mirror used,,,,,,,,,,,,,,,
"{""task"":""lm-arena-chat"",""model_id"":""meta-llama/Llama-3.1-405B-Instruct-FP8"",""gpu_model"":""B200"",""num_gpus"":4,""max_num_seqs"":768,""tensor_parallel"":4,""expert_parallel"":1,""data_parallel"":1,""seed"":48105,""num_request_repeats"":2}",lm-arena-chat,meta-llama/Llama-3.1-405B-Instruct-FP8,missing,restricted_model_static_files: Meta Llama access rejected; no bypass or mirror used,,,,,,,,,,,,,,,
"{""task"":""lm-arena-chat"",""model_id"":""meta-llama/Llama-3.1-405B-Instruct-FP8"",""gpu_model"":""B200"",""num_gpus"":4,""max_num_seqs"":8,""tensor_parallel"":4,""expert_parallel"":1,""data_parallel"":1,""seed"":48105,""num_request_repeats"":1}",lm-arena-chat,meta-llama/Llama-3.1-405B-Instruct-FP8,missing,restricted_model_static_files: Meta Llama access rejected; no bypass or mirror used,,,,,,,,,,,,,,,
"{""task"":""lm-arena-chat"",""model_id"":""meta-llama/Llama-3.1-405B-Instruct-FP8"",""gpu_model"":""H100"",""num_gpus"":8,""max_num_seqs"":128,""tensor_parallel"":8,""expert_parallel"":1,""data_parallel"":1,""seed"":48105,""num_request_repeats"":1}",lm-arena-chat,meta-llama/Llama-3.1-405B-Instruct-FP8,missing,restricted_model_static_files: Meta Llama access rejected; no bypass or mirror used,,,,,,,,,,,,,,,
"{""task"":""lm-arena-chat"",""model_id"":""meta-llama/Llama-3.1-405B-Instruct-FP8"",""gpu_model"":""H100"",""num_gpus"":8,""max_num_seqs"":16,""tensor_parallel"":8,""expert_parallel"":1,""data_parallel"":1,""seed"":48105,""num_request_repeats"":1}",lm-arena-chat,meta-llama/Llama-3.1-405B-Instruct-FP8,missing,restricted_model_static_files: Meta Llama access rejected; no bypass or mirror used,,,,,,,,,,,,,,,
"{""task"":""lm-arena-chat"",""model_id"":""meta-llama/Llama-3.1-405B-Instruct-FP8"",""gpu_model"":""H100"",""num_gpus"":8,""max_num_seqs"":192,""tensor_parallel"":8,""expert_parallel"":1,""data_parallel"":1,""seed"":48105,""num_request_repeats"":1}",lm-arena-chat,meta-llama/Llama-3.1-405B-Instruct-FP8,missing,restricted_model_static_files: Meta Llama access rejected; no bypass or mirror used,,,,,,,,,,,,,,,
"{""task"":""lm-arena-chat"",""model_id"":""meta-llama/Llama-3.1-405B-Instruct-FP8"",""gpu_model"":""H100"",""num_gpus"":8,""max_num_seqs"":256,""tensor_parallel"":8,""expert_parallel"":1,""data_parallel"":1,""seed"":48105,""num_request_repeats"":1}",lm-arena-chat,meta-llama/Llama-3.1-405B-Instruct-FP8,missing,restricted_model_static_files: Meta Llama access rejected; no bypass or mirror used,,,,,,,,,,,,,,,
"{""task"":""lm-arena-chat"",""model_id"":""meta-llama/Llama-3.1-405B-Instruct-FP8"",""gpu_model"":""H100"",""num_gpus"":8,""max_num_seqs"":32,""tensor_parallel"":8,""expert_parallel"":1,""data_parallel"":1,""seed"":48105,""num_request_repeats"":1}",lm-arena-chat,meta-llama/Llama-3.1-405B-Instruct-FP8,missing,restricted_model_static_files: Meta Llama access rejected; no bypass or mirror used,,,,,,,,,,,,,,,
"{""task"":""lm-arena-chat"",""model_id"":""meta-llama/Llama-3.1-405B-Instruct-FP8"",""gpu_model"":""H100"",""num_gpus"":8,""max_num_seqs"":384,""tensor_parallel"":8,""expert_parallel"":1,""data_parallel"":1,""seed"":48105,""num_request_repeats"":1}",lm-arena-chat,meta-llama/Llama-3.1-405B-Instruct-FP8,missing,restricted_model_static_files: Meta Llama access rejected; no bypass or mirror used,,,,,,,,,,,,,,,
"{""task"":""lm-arena-chat"",""model_id"":""meta-llama/Llama-3.1-405B-Instruct-FP8"",""gpu_model"":""H100"",""num_gpus"":8,""max_num_seqs"":512,""tensor_parallel"":8,""expert_parallel"":1,""data_parallel"":1,""seed"":48105,""num_request_repeats"":1}",lm-arena-chat,meta-llama/Llama-3.1-405B-Instruct-FP8,missing,restricted_model_static_files: Meta Llama access rejected; no bypass or mirror used,,,,,,,,,,,,,,,
"{""task"":""lm-arena-chat"",""model_id"":""meta-llama/Llama-3.1-405B-Instruct-FP8"",""gpu_model"":""H100"",""num_gpus"":8,""max_num_seqs"":64,""tensor_parallel"":8,""expert_parallel"":1,""data_parallel"":1,""seed"":48105,""num_request_repeats"":1}",lm-arena-chat,meta-llama/Llama-3.1-405B-Instruct-FP8,missing,restricted_model_static_files: Meta Llama access rejected; no bypass or mirror used,,,,,,,,,,,,,,,
"{""task"":""lm-arena-chat"",""model_id"":""meta-llama/Llama-3.1-405B-Instruct-FP8"",""gpu_model"":""H100"",""num_gpus"":8,""max_num_seqs"":8,""tensor_parallel"":8,""expert_parallel"":1,""data_parallel"":1,""seed"":48105,""num_request_repeats"":1}",lm-arena-chat,meta-llama/Llama-3.1-405B-Instruct-FP8,missing,restricted_model_static_files: Meta Llama access rejected; no bypass or mirror used,,,,,,,,,,,,,,,
"{""task"":""lm-arena-chat"",""model_id"":""meta-llama/Llama-3.1-405B-Instruct-FP8"",""gpu_model"":""H100"",""num_gpus"":8,""max_num_seqs"":96,""tensor_parallel"":8,""expert_parallel"":1,""data_parallel"":1,""seed"":48105,""num_request_repeats"":1}",lm-arena-chat,meta-llama/Llama-3.1-405B-Instruct-FP8,missing,restricted_model_static_files: Meta Llama access rejected; no bypass or mirror used,,,,,,,,,,,,,,,
"{""task"":""lm-arena-chat"",""model_id"":""meta-llama/Llama-3.1-70B-Instruct"",""gpu_model"":""B200"",""num_gpus"":2,""max_num_seqs"":1024,""tensor_parallel"":2,""expert_parallel"":1,""data_parallel"":1,""seed"":48105,""num_request_repeats"":2}",lm-arena-chat,meta-llama/Llama-3.1-70B-Instruct,missing,restricted_model_static_files: Meta Llama access rejected; no bypass or mirror used,,,,,,,,,,,,,,,
"{""task"":""lm-arena-chat"",""model_id"":""meta-llama/Llama-3.1-70B-Instruct"",""gpu_model"":""B200"",""num_gpus"":2,""max_num_seqs"":128,""tensor_parallel"":2,""expert_parallel"":1,""data_parallel"":1,""seed"":48105,""num_request_repeats"":1}",lm-arena-chat,meta-llama/Llama-3.1-70B-Instruct,missing,restricted_model_static_files: Meta Llama access rejected; no bypass or mirror used,,,,,,,,,,,,,,,
"{""task"":""lm-arena-chat"",""model_id"":""meta-llama/Llama-3.1-70B-Instruct"",""gpu_model"":""B200"",""num_gpus"":2,""max_num_seqs"":1536,""tensor_parallel"":2,""expert_parallel"":1,""data_parallel"":1,""seed"":48105,""num_request_repeats"":3}",lm-arena-chat,meta-llama/Llama-3.1-70B-Instruct,missing,restricted_model_static_files: Meta Llama access rejected; no bypass or mirror used,,,,,,,,,,,,,,,
"{""task"":""lm-arena-chat"",""model_id"":""meta-llama/Llama-3.1-70B-Instruct"",""gpu_model"":""B200"",""num_gpus"":2,""max_num_seqs"":16,""tensor_parallel"":2,""expert_parallel"":1,""data_parallel"":1,""seed"":48105,""num_request_repeats"":1}",lm-arena-chat,meta-llama/Llama-3.1-70B-Instruct,missing,restricted_model_static_files: Meta Llama access rejected; no bypass or mirror used,,,,,,,,,,,,,,,
"{""task"":""lm-arena-chat"",""model_id"":""meta-llama/Llama-3.1-70B-Instruct"",""gpu_model"":""B200"",""num_gpus"":2,""max_num_seqs"":2048,""tensor_parallel"":2,""expert_parallel"":1,""data_parallel"":1,""seed"":48105,""num_request_repeats"":3}",lm-arena-chat,meta-llama/Llama-3.1-70B-Instruct,missing,restricted_model_static_files: Meta Llama access rejected; no bypass or mirror used,,,,,,,,,,,,,,,
"{""task"":""lm-arena-chat"",""model_id"":""meta-llama/Llama-3.1-70B-Instruct"",""gpu_model"":""B200"",""num_gpus"":2,""max_num_seqs"":256,""tensor_parallel"":2,""expert_parallel"":1,""data_parallel"":1,""seed"":48105,""num_request_repeats"":1}",lm-arena-chat,meta-llama/Llama-3.1-70B-Instruct,missing,restricted_model_static_files: Meta Llama access rejected; no bypass or mirror used,,,,,,,,,,,,,,,
"{""task"":""lm-arena-chat"",""model_id"":""meta-llama/Llama-3.1-70B-Instruct"",""gpu_model"":""B200"",""num_gpus"":2,""max_num_seqs"":3072,""tensor_parallel"":2,""expert_parallel"":1,""data_parallel"":1,""seed"":48105,""num_request_repeats"":5}",lm-arena-chat,meta-llama/Llama-3.1-70B-Instruct,missing,restricted_model_static_files: Meta Llama access rejected; no bypass or mirror used,,,,,,,,,,,,,,,
"{""task"":""lm-arena-chat"",""model_id"":""meta-llama/Llama-3.1-70B-Instruct"",""gpu_model"":""B200"",""num_gpus"":2,""max_num_seqs"":32,""tensor_parallel"":2,""expert_parallel"":1,""data_parallel"":1,""seed"":48105,""num_request_repeats"":1}",lm-arena-chat,meta-llama/Llama-3.1-70B-Instruct,missing,restricted_model_static_files: Meta Llama access rejected; no bypass or mirror used,,,,,,,,,,,,,,,
"{""task"":""lm-arena-chat"",""model_id"":""meta-llama/Llama-3.1-70B-Instruct"",""gpu_model"":""B200"",""num_gpus"":2,""max_num_seqs"":512,""tensor_parallel"":2,""expert_parallel"":1,""data_parallel"":1,""seed"":48105,""num_request_repeats"":2}",lm-arena-chat,meta-llama/Llama-3.1-70B-Instruct,missing,restricted_model_static_files: Meta Llama access rejected; no bypass or mirror used,,,,,,,,,,,,,,,
"{""task"":""lm-arena-chat"",""model_id"":""meta-llama/Llama-3.1-70B-Instruct"",""gpu_model"":""B200"",""num_gpus"":2,""max_num_seqs"":64,""tensor_parallel"":2,""expert_parallel"":1,""data_parallel"":1,""seed"":48105,""num_request_repeats"":1}",lm-arena-chat,meta-llama/Llama-3.1-70B-Instruct,missing,restricted_model_static_files: Meta Llama access rejected; no bypass or mirror used,,,,,,,,,,,,,,,
"{""task"":""lm-arena-chat"",""model_id"":""meta-llama/Llama-3.1-70B-Instruct"",""gpu_model"":""B200"",""num_gpus"":2,""max_num_seqs"":8,""tensor_parallel"":2,""expert_parallel"":1,""data_parallel"":1,""seed"":48105,""num_request_repeats"":1}",lm-arena-chat,meta-llama/Llama-3.1-70B-Instruct,missing,restricted_model_static_files: Meta Llama access rejected; no bypass or mirror used,,,,,,,,,,,,,,,
"{""task"":""lm-arena-chat"",""model_id"":""meta-llama/Llama-3.1-70B-Instruct"",""gpu_model"":""H100"",""num_gpus"":4,""max_num_seqs"":1024,""tensor_parallel"":4,""expert_parallel"":1,""data_parallel"":1,""seed"":48105,""num_request_repeats"":2}",lm-arena-chat,meta-llama/Llama-3.1-70B-Instruct,missing,restricted_model_static_files: Meta Llama access rejected; no bypass or mirror used,,,,,,,,,,,,,,,
"{""task"":""lm-arena-chat"",""model_id"":""meta-llama/Llama-3.1-70B-Instruct"",""gpu_model"":""H100"",""num_gpus"":4,""max_num_seqs"":128,""tensor_parallel"":4,""expert_parallel"":1,""data_parallel"":1,""seed"":48105,""num_request_repeats"":1}",lm-arena-chat,meta-llama/Llama-3.1-70B-Instruct,missing,restricted_model_static_files: Meta Llama access rejected; no bypass or mirror used,,,,,,,,,,,,,,,
"{""task"":""lm-arena-chat"",""model_id"":""meta-llama/Llama-3.1-70B-Instruct"",""gpu_model"":""H100"",""num_gpus"":4,""max_num_seqs"":1536,""tensor_parallel"":4,""expert_parallel"":1,""data_parallel"":1,""seed"":48105,""num_request_repeats"":3}",lm-arena-chat,meta-llama/Llama-3.1-70B-Instruct,missing,restricted_model_static_files: Meta Llama access rejected; no bypass or mirror used,,,,,,,,,,,,,,,
"{""task"":""lm-arena-chat"",""model_id"":""meta-llama/Llama-3.1-70B-Instruct"",""gpu_model"":""H100"",""num_gpus"":4,""max_num_seqs"":16,""tensor_parallel"":4,""expert_parallel"":1,""data_parallel"":1,""seed"":48105,""num_request_repeats"":1}",lm-arena-chat,meta-llama/Llama-3.1-70B-Instruct,missing,restricted_model_static_files: Meta Llama access rejected; no bypass or mirror used,,,,,,,,,,,,,,,
"{""task"":""lm-arena-chat"",""model_id"":""meta-llama/Llama-3.1-70B-Instruct"",""gpu_model"":""H100"",""num_gpus"":4,""max_num_seqs"":192,""tensor_parallel"":4,""expert_parallel"":1,""data_parallel"":1,""seed"":48105,""num_request_repeats"":1}",lm-arena-chat,meta-llama/Llama-3.1-70B-Instruct,missing,restricted_model_static_files: Meta Llama access rejected; no bypass or mirror used,,,,,,,,,,,,,,,
"{""task"":""lm-arena-chat"",""model_id"":""meta-llama/Llama-3.1-70B-Instruct"",""gpu_model"":""H100"",""num_gpus"":4,""max_num_seqs"":2048,""tensor_parallel"":4,""expert_parallel"":1,""data_parallel"":1,""seed"":48105,""num_request_repeats"":3}",lm-arena-chat,meta-llama/Llama-3.1-70B-Instruct,missing,restricted_model_static_files: Meta Llama access rejected; no bypass or mirror used,,,,,,,,,,,,,,,
"{""task"":""lm-arena-chat"",""model_id"":""meta-llama/Llama-3.1-70B-Instruct"",""gpu_model"":""H100"",""num_gpus"":4,""max_num_seqs"":256,""tensor_parallel"":4,""expert_parallel"":1,""data_parallel"":1,""seed"":48105,""num_request_repeats"":1}",lm-arena-chat,meta-llama/Llama-3.1-70B-Instruct,missing,restricted_model_static_files: Meta Llama access rejected; no bypass or mirror used,,,,,,,,,,,,,,,
"{""task"":""lm-arena-chat"",""model_id"":""meta-llama/Llama-3.1-70B-Instruct"",""gpu_model"":""H100"",""num_gpus"":4,""max_num_seqs"":32,""tensor_parallel"":4,""expert_parallel"":1,""data_parallel"":1,""seed"":48105,""num_request_repeats"":1}",lm-arena-chat,meta-llama/Llama-3.1-70B-Instruct,missing,restricted_model_static_files: Meta Llama access rejected; no bypass or mirror used,,,,,,,,,,,,,,,
"{""task"":""lm-arena-chat"",""model_id"":""meta-llama/Llama-3.1-70B-Instruct"",""gpu_model"":""H100"",""num_gpus"":4,""max_num_seqs"":384,""tensor_parallel"":4,""expert_parallel"":1,""data_parallel"":1,""seed"":48105,""num_request_repeats"":1}",lm-arena-chat,meta-llama/Llama-3.1-70B-Instruct,missing,restricted_model_static_files: Meta Llama access rejected; no bypass or mirror used,,,,,,,,,,,,,,,
"{""task"":""lm-arena-chat"",""model_id"":""meta-llama/Llama-3.1-70B-Instruct"",""gpu_model"":""H100"",""num_gpus"":4,""max_num_seqs"":512,""tensor_parallel"":4,""expert_parallel"":1,""data_parallel"":1,""seed"":48105,""num_request_repeats"":2}",lm-arena-chat,meta-llama/Llama-3.1-70B-Instruct,missing,restricted_model_static_files: Meta Llama access rejected; no bypass or mirror used,,,,,,,,,,,,,,,
"{""task"":""lm-arena-chat"",""model_id"":""meta-llama/Llama-3.1-70B-Instruct"",""gpu_model"":""H100"",""num_gpus"":4,""max_num_seqs"":64,""tensor_parallel"":4,""expert_parallel"":1,""data_parallel"":1,""seed"":48105,""num_request_repeats"":1}",lm-arena-chat,meta-llama/Llama-3.1-70B-Instruct,missing,restricted_model_static_files: Meta Llama access rejected; no bypass or mirror used,,,,,,,,,,,,,,,
"{""task"":""lm-arena-chat"",""model_id"":""meta-llama/Llama-3.1-70B-Instruct"",""gpu_model"":""H100"",""num_gpus"":4,""max_num_seqs"":768,""tensor_parallel"":4,""expert_parallel"":1,""data_parallel"":1,""seed"":48105,""num_request_repeats"":2}",lm-arena-chat,meta-llama/Llama-3.1-70B-Instruct,missing,restricted_model_static_files: Meta Llama access rejected; no bypass or mirror used,,,,,,,,,,,,,,,
"{""task"":""lm-arena-chat"",""model_id"":""meta-llama/Llama-3.1-70B-Instruct"",""gpu_model"":""H100"",""num_gpus"":4,""max_num_seqs"":8,""tensor_parallel"":4,""expert_parallel"":1,""data_parallel"":1,""seed"":48105,""num_request_repeats"":1}",lm-arena-chat,meta-llama/Llama-3.1-70B-Instruct,missing,restricted_model_static_files: Meta Llama access rejected; no bypass or mirror used,,,,,,,,,,,,,,,
"{""task"":""lm-arena-chat"",""model_id"":""meta-llama/Llama-3.1-70B-Instruct"",""gpu_model"":""H100"",""num_gpus"":4,""max_num_seqs"":96,""tensor_parallel"":4,""expert_parallel"":1,""data_parallel"":1,""seed"":48105,""num_request_repeats"":1}",lm-arena-chat,meta-llama/Llama-3.1-70B-Instruct,missing,restricted_model_static_files: Meta Llama access rejected; no bypass or mirror used,,,,,,,,,,,,,,,
"{""task"":""lm-arena-chat"",""model_id"":""meta-llama/Llama-3.1-8B-Instruct"",""gpu_model"":""B200"",""num_gpus"":1,""max_num_seqs"":1024,""tensor_parallel"":1,""expert_parallel"":1,""data_parallel"":1,""seed"":48105,""num_request_repeats"":4}",lm-arena-chat,meta-llama/Llama-3.1-8B-Instruct,missing,restricted_model_static_files: Meta Llama access rejected; no bypass or mirror used,,,,,,,,,,,,,,,
"{""task"":""lm-arena-chat"",""model_id"":""meta-llama/Llama-3.1-8B-Instruct"",""gpu_model"":""B200"",""num_gpus"":1,""max_num_seqs"":128,""tensor_parallel"":1,""expert_parallel"":1,""data_parallel"":1,""seed"":48105,""num_request_repeats"":2}",lm-arena-chat,meta-llama/Llama-3.1-8B-Instruct,missing,restricted_model_static_files: Meta Llama access rejected; no bypass or mirror used,,,,,,,,,,,,,,,
"{""task"":""lm-arena-chat"",""model_id"":""meta-llama/Llama-3.1-8B-Instruct"",""gpu_model"":""B200"",""num_gpus"":1,""max_num_seqs"":16,""tensor_parallel"":1,""expert_parallel"":1,""data_parallel"":1,""seed"":48105,""num_request_repeats"":1}",lm-arena-chat,meta-llama/Llama-3.1-8B-Instruct,missing,restricted_model_static_files: Meta Llama access rejected; no bypass or mirror used,,,,,,,,,,,,,,,
"{""task"":""lm-arena-chat"",""model_id"":""meta-llama/Llama-3.1-8B-Instruct"",""gpu_model"":""B200"",""num_gpus"":1,""max_num_seqs"":2048,""tensor_parallel"":1,""expert_parallel"":1,""data_parallel"":1,""seed"":48105,""num_request_repeats"":8}",lm-arena-chat,meta-llama/Llama-3.1-8B-Instruct,missing,restricted_model_static_files: Meta Llama access rejected; no bypass or mirror used,,,,,,,,,,,,,,,
"{""task"":""lm-arena-chat"",""model_id"":""meta-llama/Llama-3.1-8B-Instruct"",""gpu_model"":""B200"",""num_gpus"":1,""max_num_seqs"":256,""tensor_parallel"":1,""expert_parallel"":1,""data_parallel"":1,""seed"":48105,""num_request_repeats"":2}",lm-arena-chat,meta-llama/Llama-3.1-8B-Instruct,missing,restricted_model_static_files: Meta Llama access rejected; no bypass or mirror used,,,,,,,,,,,,,,,
"{""task"":""lm-arena-chat"",""model_id"":""meta-llama/Llama-3.1-8B-Instruct"",""gpu_model"":""B200"",""num_gpus"":1,""max_num_seqs"":32,""tensor_parallel"":1,""expert_parallel"":1,""data_parallel"":1,""seed"":48105,""num_request_repeats"":1}",lm-arena-chat,meta-llama/Llama-3.1-8B-Instruct,missing,restricted_model_static_files: Meta Llama access rejected; no bypass or mirror used,,,,,,,,,,,,,,,
"{""task"":""lm-arena-chat"",""model_id"":""meta-llama/Llama-3.1-8B-Instruct"",""gpu_model"":""B200"",""num_gpus"":1,""max_num_seqs"":4096,""tensor_parallel"":1,""expert_parallel"":1,""data_parallel"":1,""seed"":48105,""num_request_repeats"":16}",lm-arena-chat,meta-llama/Llama-3.1-8B-Instruct,missing,restricted_model_static_files: Meta Llama access rejected; no bypass or mirror used,,,,,,,,,,,,,,,
"{""task"":""lm-arena-chat"",""model_id"":""meta-llama/Llama-3.1-8B-Instruct"",""gpu_model"":""B200"",""num_gpus"":1,""max_num_seqs"":512,""tensor_parallel"":1,""expert_parallel"":1,""data_parallel"":1,""seed"":48105,""num_request_repeats"":3}",lm-arena-chat,meta-llama/Llama-3.1-8B-Instruct,missing,restricted_model_static_files: Meta Llama access rejected; no bypass or mirror used,,,,,,,,,,,,,,,
"{""task"":""lm-arena-chat"",""model_id"":""meta-llama/Llama-3.1-8B-Instruct"",""gpu_model"":""B200"",""num_gpus"":1,""max_num_seqs"":64,""tensor_parallel"":1,""expert_parallel"":1,""data_parallel"":1,""seed"":48105,""num_request_repeats"":1}",lm-arena-chat,meta-llama/Llama-3.1-8B-Instruct,missing,restricted_model_static_files: Meta Llama access rejected; no bypass or mirror used,,,,,,,,,,,,,,,
"{""task"":""lm-arena-chat"",""model_id"":""meta-llama/Llama-3.1-8B-Instruct"",""gpu_model"":""B200"",""num_gpus"":1,""max_num_seqs"":8,""tensor_parallel"":1,""expert_parallel"":1,""data_parallel"":1,""seed"":48105,""num_request_repeats"":1}",lm-arena-chat,meta-llama/Llama-3.1-8B-Instruct,missing,restricted_model_static_files: Meta Llama access rejected; no bypass or mirror used,,,,,,,,,,,,,,,
"{""task"":""lm-arena-chat"",""model_id"":""meta-llama/Llama-3.1-8B-Instruct"",""gpu_model"":""H100"",""num_gpus"":1,""max_num_seqs"":1024,""tensor_parallel"":1,""expert_parallel"":1,""data_parallel"":1,""seed"":48105,""num_request_repeats"":3}",lm-arena-chat,meta-llama/Llama-3.1-8B-Instruct,missing,restricted_model_static_files: Meta Llama access rejected; no bypass or mirror used,,,,,,,,,,,,,,,
"{""task"":""lm-arena-chat"",""model_id"":""meta-llama/Llama-3.1-8B-Instruct"",""gpu_model"":""H100"",""num_gpus"":1,""max_num_seqs"":128,""tensor_parallel"":1,""expert_parallel"":1,""data_parallel"":1,""seed"":48105,""num_request_repeats"":1}",lm-arena-chat,meta-llama/Llama-3.1-8B-Instruct,missing,restricted_model_static_files: Meta Llama access rejected; no bypass or mirror used,,,,,,,,,,,,,,,
"{""task"":""lm-arena-chat"",""model_id"":""meta-llama/Llama-3.1-8B-Instruct"",""gpu_model"":""H100"",""num_gpus"":1,""max_num_seqs"":16,""tensor_parallel"":1,""expert_parallel"":1,""data_parallel"":1,""seed"":48105,""num_request_repeats"":1}",lm-arena-chat,meta-llama/Llama-3.1-8B-Instruct,missing,restricted_model_static_files: Meta Llama access rejected; no bypass or mirror used,,,,,,,,,,,,,,,
"{""task"":""lm-arena-chat"",""model_id"":""meta-llama/Llama-3.1-8B-Instruct"",""gpu_model"":""H100"",""num_gpus"":1,""max_num_seqs"":192,""tensor_parallel"":1,""expert_parallel"":1,""data_parallel"":1,""seed"":48105,""num_request_repeats"":1}",lm-arena-chat,meta-llama/Llama-3.1-8B-Instruct,missing,restricted_model_static_files: Meta Llama access rejected; no bypass or mirror used,,,,,,,,,,,,,,,
"{""task"":""lm-arena-chat"",""model_id"":""meta-llama/Llama-3.1-8B-Instruct"",""gpu_model"":""H100"",""num_gpus"":1,""max_num_seqs"":256,""tensor_parallel"":1,""expert_parallel"":1,""data_parallel"":1,""seed"":48105,""num_request_repeats"":2}",lm-arena-chat,meta-llama/Llama-3.1-8B-Instruct,missing,restricted_model_static_files: Meta Llama access rejected; no bypass or mirror used,,,,,,,,,,,,,,,
"{""task"":""lm-arena-chat"",""model_id"":""meta-llama/Llama-3.1-8B-Instruct"",""gpu_model"":""H100"",""num_gpus"":1,""max_num_seqs"":32,""tensor_parallel"":1,""expert_parallel"":1,""data_parallel"":1,""seed"":48105,""num_request_repeats"":1}",lm-arena-chat,meta-llama/Llama-3.1-8B-Instruct,missing,restricted_model_static_files: Meta Llama access rejected; no bypass or mirror used,,,,,,,,,,,,,,,
"{""task"":""lm-arena-chat"",""model_id"":""meta-llama/Llama-3.1-8B-Instruct"",""gpu_model"":""H100"",""num_gpus"":1,""max_num_seqs"":384,""tensor_parallel"":1,""expert_parallel"":1,""data_parallel"":1,""seed"":48105,""num_request_repeats"":2}",lm-arena-chat,meta-llama/Llama-3.1-8B-Instruct,missing,restricted_model_static_files: Meta Llama access rejected; no bypass or mirror used,,,,,,,,,,,,,,,
"{""task"":""lm-arena-chat"",""model_id"":""meta-llama/Llama-3.1-8B-Instruct"",""gpu_model"":""H100"",""num_gpus"":1,""max_num_seqs"":512,""tensor_parallel"":1,""expert_parallel"":1,""data_parallel"":1,""seed"":48105,""num_request_repeats"":2}",lm-arena-chat,meta-llama/Llama-3.1-8B-Instruct,missing,restricted_model_static_files: Meta Llama access rejected; no bypass or mirror used,,,,,,,,,,,,,,,
"{""task"":""lm-arena-chat"",""model_id"":""meta-llama/Llama-3.1-8B-Instruct"",""gpu_model"":""H100"",""num_gpus"":1,""max_num_seqs"":64,""tensor_parallel"":1,""expert_parallel"":1,""data_parallel"":1,""seed"":48105,""num_request_repeats"":1}",lm-arena-chat,meta-llama/Llama-3.1-8B-Instruct,missing,restricted_model_static_files: Meta Llama access rejected; no bypass or mirror used,,,,,,,,,,,,,,,
"{""task"":""lm-arena-chat"",""model_id"":""meta-llama/Llama-3.1-8B-Instruct"",""gpu_model"":""H100"",""num_gpus"":1,""max_num_seqs"":768,""tensor_parallel"":1,""expert_parallel"":1,""data_parallel"":1,""seed"":48105,""num_request_repeats"":3}",lm-arena-chat,meta-llama/Llama-3.1-8B-Instruct,missing,restricted_model_static_files: Meta Llama access rejected; no bypass or mirror used,,,,,,,,,,,,,,,
"{""task"":""lm-arena-chat"",""model_id"":""meta-llama/Llama-3.1-8B-Instruct"",""gpu_model"":""H100"",""num_gpus"":1,""max_num_seqs"":8,""tensor_parallel"":1,""expert_parallel"":1,""data_parallel"":1,""seed"":48105,""num_request_repeats"":1}",lm-arena-chat,meta-llama/Llama-3.1-8B-Instruct,missing,restricted_model_static_files: Meta Llama access rejected; no bypass or mirror used,,,,,,,,,,,,,,,
"{""task"":""lm-arena-chat"",""model_id"":""meta-llama/Llama-3.1-8B-Instruct"",""gpu_model"":""H100"",""num_gpus"":1,""max_num_seqs"":96,""tensor_parallel"":1,""expert_parallel"":1,""data_parallel"":1,""seed"":48105,""num_request_repeats"":1}",lm-arena-chat,meta-llama/Llama-3.1-8B-Instruct,missing,restricted_model_static_files: Meta Llama access rejected; no bypass or mirror used,,,,,,,,,,,,,,,
"{""task"":""lm-arena-chat"",""model_id"":""meta-llama/Llama-3.3-70B-Instruct"",""gpu_model"":""B200"",""num_gpus"":2,""max_num_seqs"":1024,""tensor_parallel"":2,""expert_parallel"":1,""data_parallel"":1,""seed"":48105,""num_request_repeats"":2}",lm-arena-chat,meta-llama/Llama-3.3-70B-Instruct,missing,restricted_model_static_files: Meta Llama access rejected; no bypass or mirror used,,,,,,,,,,,,,,,
"{""task"":""lm-arena-chat"",""model_id"":""meta-llama/Llama-3.3-70B-Instruct"",""gpu_model"":""B200"",""num_gpus"":2,""max_num_seqs"":128,""tensor_parallel"":2,""expert_parallel"":1,""data_parallel"":1,""seed"":48105,""num_request_repeats"":1}",lm-arena-chat,meta-llama/Llama-3.3-70B-Instruct,missing,restricted_model_static_files: Meta Llama access rejected; no bypass or mirror used,,,,,,,,,,,,,,,
"{""task"":""lm-arena-chat"",""model_id"":""meta-llama/Llama-3.3-70B-Instruct"",""gpu_model"":""B200"",""num_gpus"":2,""max_num_seqs"":1536,""tensor_parallel"":2,""expert_parallel"":1,""data_parallel"":1,""seed"":48105,""num_request_repeats"":3}",lm-arena-chat,meta-llama/Llama-3.3-70B-Instruct,missing,restricted_model_static_files: Meta Llama access rejected; no bypass or mirror used,,,,,,,,,,,,,,,
"{""task"":""lm-arena-chat"",""model_id"":""meta-llama/Llama-3.3-70B-Instruct"",""gpu_model"":""B200"",""num_gpus"":2,""max_num_seqs"":16,""tensor_parallel"":2,""expert_parallel"":1,""data_parallel"":1,""seed"":48105,""num_request_repeats"":1}",lm-arena-chat,meta-llama/Llama-3.3-70B-Instruct,missing,restricted_model_static_files: Meta Llama access rejected; no bypass or mirror used,,,,,,,,,,,,,,,
"{""task"":""lm-arena-chat"",""model_id"":""meta-llama/Llama-3.3-70B-Instruct"",""gpu_model"":""B200"",""num_gpus"":2,""max_num_seqs"":2048,""tensor_parallel"":2,""expert_parallel"":1,""data_parallel"":1,""seed"":48105,""num_request_repeats"":3}",lm-arena-chat,meta-llama/Llama-3.3-70B-Instruct,missing,restricted_model_static_files: Meta Llama access rejected; no bypass or mirror used,,,,,,,,,,,,,,,
"{""task"":""lm-arena-chat"",""model_id"":""meta-llama/Llama-3.3-70B-Instruct"",""gpu_model"":""B200"",""num_gpus"":2,""max_num_seqs"":256,""tensor_parallel"":2,""expert_parallel"":1,""data_parallel"":1,""seed"":48105,""num_request_repeats"":1}",lm-arena-chat,meta-llama/Llama-3.3-70B-Instruct,missing,restricted_model_static_files: Meta Llama access rejected; no bypass or mirror used,,,,,,,,,,,,,,,
"{""task"":""lm-arena-chat"",""model_id"":""meta-llama/Llama-3.3-70B-Instruct"",""gpu_model"":""B200"",""num_gpus"":2,""max_num_seqs"":3072,""tensor_parallel"":2,""expert_parallel"":1,""data_parallel"":1,""seed"":48105,""num_request_repeats"":5}",lm-arena-chat,meta-llama/Llama-3.3-70B-Instruct,missing,restricted_model_static_files: Meta Llama access rejected; no bypass or mirror used,,,,,,,,,,,,,,,
"{""task"":""lm-arena-chat"",""model_id"":""meta-llama/Llama-3.3-70B-Instruct"",""gpu_model"":""B200"",""num_gpus"":2,""max_num_seqs"":32,""tensor_parallel"":2,""expert_parallel"":1,""data_parallel"":1,""seed"":48105,""num_request_repeats"":1}",lm-arena-chat,meta-llama/Llama-3.3-70B-Instruct,missing,restricted_model_static_files: Meta Llama access rejected; no bypass or mirror used,,,,,,,,,,,,,,,
"{""task"":""lm-arena-chat"",""model_id"":""meta-llama/Llama-3.3-70B-Instruct"",""gpu_model"":""B200"",""num_gpus"":2,""max_num_seqs"":512,""tensor_parallel"":2,""expert_parallel"":1,""data_parallel"":1,""seed"":48105,""num_request_repeats"":2}",lm-arena-chat,meta-llama/Llama-3.3-70B-Instruct,missing,restricted_model_static_files: Meta Llama access rejected; no bypass or mirror used,,,,,,,,,,,,,,,
"{""task"":""lm-arena-chat"",""model_id"":""meta-llama/Llama-3.3-70B-Instruct"",""gpu_model"":""B200"",""num_gpus"":2,""max_num_seqs"":64,""tensor_parallel"":2,""expert_parallel"":1,""data_parallel"":1,""seed"":48105,""num_request_repeats"":1}",lm-arena-chat,meta-llama/Llama-3.3-70B-Instruct,missing,restricted_model_static_files: Meta Llama access rejected; no bypass or mirror used,,,,,,,,,,,,,,,
"{""task"":""lm-arena-chat"",""model_id"":""meta-llama/Llama-3.3-70B-Instruct"",""gpu_model"":""B200"",""num_gpus"":2,""max_num_seqs"":8,""tensor_parallel"":2,""expert_parallel"":1,""data_parallel"":1,""seed"":48105,""num_request_repeats"":1}",lm-arena-chat,meta-llama/Llama-3.3-70B-Instruct,missing,restricted_model_static_files: Meta Llama access rejected; no bypass or mirror used,,,,,,,,,,,,,,,
"{""task"":""lm-arena-chat"",""model_id"":""meta-llama/Llama-3.3-70B-Instruct"",""gpu_model"":""H100"",""num_gpus"":4,""max_num_seqs"":1024,""tensor_parallel"":4,""expert_parallel"":1,""data_parallel"":1,""seed"":48105,""num_request_repeats"":2}",lm-arena-chat,meta-llama/Llama-3.3-70B-Instruct,missing,restricted_model_static_files: Meta Llama access rejected; no bypass or mirror used,,,,,,,,,,,,,,,
"{""task"":""lm-arena-chat"",""model_id"":""meta-llama/Llama-3.3-70B-Instruct"",""gpu_model"":""H100"",""num_gpus"":4,""max_num_seqs"":128,""tensor_parallel"":4,""expert_parallel"":1,""data_parallel"":1,""seed"":48105,""num_request_repeats"":1}",lm-arena-chat,meta-llama/Llama-3.3-70B-Instruct,missing,restricted_model_static_files: Meta Llama access rejected; no bypass or mirror used,,,,,,,,,,,,,,,
"{""task"":""lm-arena-chat"",""model_id"":""meta-llama/Llama-3.3-70B-Instruct"",""gpu_model"":""H100"",""num_gpus"":4,""max_num_seqs"":1536,""tensor_parallel"":4,""expert_parallel"":1,""data_parallel"":1,""seed"":48105,""num_request_repeats"":3}",lm-arena-chat,meta-llama/Llama-3.3-70B-Instruct,missing,restricted_model_static_files: Meta Llama access rejected; no bypass or mirror used,,,,,,,,,,,,,,,
"{""task"":""lm-arena-chat"",""model_id"":""meta-llama/Llama-3.3-70B-Instruct"",""gpu_model"":""H100"",""num_gpus"":4,""max_num_seqs"":16,""tensor_parallel"":4,""expert_parallel"":1,""data_parallel"":1,""seed"":48105,""num_request_repeats"":1}",lm-arena-chat,meta-llama/Llama-3.3-70B-Instruct,missing,restricted_model_static_files: Meta Llama access rejected; no bypass or mirror used,,,,,,,,,,,,,,,
"{""task"":""lm-arena-chat"",""model_id"":""meta-llama/Llama-3.3-70B-Instruct"",""gpu_model"":""H100"",""num_gpus"":4,""max_num_seqs"":192,""tensor_parallel"":4,""expert_parallel"":1,""data_parallel"":1,""seed"":48105,""num_request_repeats"":1}",lm-arena-chat,meta-llama/Llama-3.3-70B-Instruct,missing,restricted_model_static_files: Meta Llama access rejected; no bypass or mirror used,,,,,,,,,,,,,,,
"{""task"":""lm-arena-chat"",""model_id"":""meta-llama/Llama-3.3-70B-Instruct"",""gpu_model"":""H100"",""num_gpus"":4,""max_num_seqs"":2048,""tensor_parallel"":4,""expert_parallel"":1,""data_parallel"":1,""seed"":48105,""num_request_repeats"":3}",lm-arena-chat,meta-llama/Llama-3.3-70B-Instruct,missing,restricted_model_static_files: Meta Llama access rejected; no bypass or mirror used,,,,,,,,,,,,,,,
"{""task"":""lm-arena-chat"",""model_id"":""meta-llama/Llama-3.3-70B-Instruct"",""gpu_model"":""H100"",""num_gpus"":4,""max_num_seqs"":256,""tensor_parallel"":4,""expert_parallel"":1,""data_parallel"":1,""seed"":48105,""num_request_repeats"":1}",lm-arena-chat,meta-llama/Llama-3.3-70B-Instruct,missing,restricted_model_static_files: Meta Llama access rejected; no bypass or mirror used,,,,,,,,,,,,,,,
"{""task"":""lm-arena-chat"",""model_id"":""meta-llama/Llama-3.3-70B-Instruct"",""gpu_model"":""H100"",""num_gpus"":4,""max_num_seqs"":32,""tensor_parallel"":4,""expert_parallel"":1,""data_parallel"":1,""seed"":48105,""num_request_repeats"":1}",lm-arena-chat,meta-llama/Llama-3.3-70B-Instruct,missing,restricted_model_static_files: Meta Llama access rejected; no bypass or mirror used,,,,,,,,,,,,,,,
"{""task"":""lm-arena-chat"",""model_id"":""meta-llama/Llama-3.3-70B-Instruct"",""gpu_model"":""H100"",""num_gpus"":4,""max_num_seqs"":384,""tensor_parallel"":4,""expert_parallel"":1,""data_parallel"":1,""seed"":48105,""num_request_repeats"":1}",lm-arena-chat,meta-llama/Llama-3.3-70B-Instruct,missing,restricted_model_static_files: Meta Llama access rejected; no bypass or mirror used,,,,,,,,,,,,,,,
"{""task"":""lm-arena-chat"",""model_id"":""meta-llama/Llama-3.3-70B-Instruct"",""gpu_model"":""H100"",""num_gpus"":4,""max_num_seqs"":512,""tensor_parallel"":4,""expert_parallel"":1,""data_parallel"":1,""seed"":48105,""num_request_repeats"":2}",lm-arena-chat,meta-llama/Llama-3.3-70B-Instruct,missing,restricted_model_static_files: Meta Llama access rejected; no bypass or mirror used,,,,,,,,,,,,,,,
"{""task"":""lm-arena-chat"",""model_id"":""meta-llama/Llama-3.3-70B-Instruct"",""gpu_model"":""H100"",""num_gpus"":4,""max_num_seqs"":64,""tensor_parallel"":4,""expert_parallel"":1,""data_parallel"":1,""seed"":48105,""num_request_repeats"":1}",lm-arena-chat,meta-llama/Llama-3.3-70B-Instruct,missing,restricted_model_static_files: Meta Llama access rejected; no bypass or mirror used,,,,,,,,,,,,,,,
"{""task"":""lm-arena-chat"",""model_id"":""meta-llama/Llama-3.3-70B-Instruct"",""gpu_model"":""H100"",""num_gpus"":4,""max_num_seqs"":768,""tensor_parallel"":4,""expert_parallel"":1,""data_parallel"":1,""seed"":48105,""num_request_repeats"":2}",lm-arena-chat,meta-llama/Llama-3.3-70B-Instruct,missing,restricted_model_static_files: Meta Llama access rejected; no bypass or mirror used,,,,,,,,,,,,,,,
"{""task"":""lm-arena-chat"",""model_id"":""meta-llama/Llama-3.3-70B-Instruct"",""gpu_model"":""H100"",""num_gpus"":4,""max_num_seqs"":8,""tensor_parallel"":4,""expert_parallel"":1,""data_parallel"":1,""seed"":48105,""num_request_repeats"":1}",lm-arena-chat,meta-llama/Llama-3.3-70B-Instruct,missing,restricted_model_static_files: Meta Llama access rejected; no bypass or mirror used,,,,,,,,,,,,,,,
"{""task"":""lm-arena-chat"",""model_id"":""meta-llama/Llama-3.3-70B-Instruct"",""gpu_model"":""H100"",""num_gpus"":4,""max_num_seqs"":96,""tensor_parallel"":4,""expert_parallel"":1,""data_parallel"":1,""seed"":48105,""num_request_repeats"":1}",lm-arena-chat,meta-llama/Llama-3.3-70B-Instruct,missing,restricted_model_static_files: Meta Llama access rejected; no bypass or mirror used,,,,,,,,,,,,,,,
"{""task"":""lm-arena-chat"",""model_id"":""meta-llama/Llama-4-Maverick-17B-128E-Instruct-FP8"",""gpu_model"":""H100"",""num_gpus"":8,""max_num_seqs"":128,""tensor_parallel"":1,""expert_parallel"":8,""data_parallel"":1,""seed"":48105,""num_request_repeats"":1}",lm-arena-chat,meta-llama/Llama-4-Maverick-17B-128E-Instruct-FP8,missing,restricted_model_static_files: Meta Llama access rejected; no bypass or mirror used,,,,,,,,,,,,,,,
"{""task"":""lm-arena-chat"",""model_id"":""meta-llama/Llama-4-Maverick-17B-128E-Instruct-FP8"",""gpu_model"":""H100"",""num_gpus"":8,""max_num_seqs"":16,""tensor_parallel"":1,""expert_parallel"":8,""data_parallel"":1,""seed"":48105,""num_request_repeats"":1}",lm-arena-chat,meta-llama/Llama-4-Maverick-17B-128E-Instruct-FP8,missing,restricted_model_static_files: Meta Llama access rejected; no bypass or mirror used,,,,,,,,,,,,,,,
"{""task"":""lm-arena-chat"",""model_id"":""meta-llama/Llama-4-Maverick-17B-128E-Instruct-FP8"",""gpu_model"":""H100"",""num_gpus"":8,""max_num_seqs"":192,""tensor_parallel"":1,""expert_parallel"":8,""data_parallel"":1,""seed"":48105,""num_request_repeats"":1}",lm-arena-chat,meta-llama/Llama-4-Maverick-17B-128E-Instruct-FP8,missing,restricted_model_static_files: Meta Llama access rejected; no bypass or mirror used,,,,,,,,,,,,,,,
"{""task"":""lm-arena-chat"",""model_id"":""meta-llama/Llama-4-Maverick-17B-128E-Instruct-FP8"",""gpu_model"":""H100"",""num_gpus"":8,""max_num_seqs"":256,""tensor_parallel"":1,""expert_parallel"":8,""data_parallel"":1,""seed"":48105,""num_request_repeats"":1}",lm-arena-chat,meta-llama/Llama-4-Maverick-17B-128E-Instruct-FP8,missing,restricted_model_static_files: Meta Llama access rejected; no bypass or mirror used,,,,,,,,,,,,,,,
"{""task"":""lm-arena-chat"",""model_id"":""meta-llama/Llama-4-Maverick-17B-128E-Instruct-FP8"",""gpu_model"":""H100"",""num_gpus"":8,""max_num_seqs"":32,""tensor_parallel"":1,""expert_parallel"":8,""data_parallel"":1,""seed"":48105,""num_request_repeats"":1}",lm-arena-chat,meta-llama/Llama-4-Maverick-17B-128E-Instruct-FP8,missing,restricted_model_static_files: Meta Llama access rejected; no bypass or mirror used,,,,,,,,,,,,,,,
"{""task"":""lm-arena-chat"",""model_id"":""meta-llama/Llama-4-Maverick-17B-128E-Instruct-FP8"",""gpu_model"":""H100"",""num_gpus"":8,""max_num_seqs"":384,""tensor_parallel"":1,""expert_parallel"":8,""data_parallel"":1,""seed"":48105,""num_request_repeats"":1}",lm-arena-chat,meta-llama/Llama-4-Maverick-17B-128E-Instruct-FP8,missing,restricted_model_static_files: Meta Llama access rejected; no bypass or mirror used,,,,,,,,,,,,,,,
"{""task"":""lm-arena-chat"",""model_id"":""meta-llama/Llama-4-Maverick-17B-128E-Instruct-FP8"",""gpu_model"":""H100"",""num_gpus"":8,""max_num_seqs"":64,""tensor_parallel"":1,""expert_parallel"":8,""data_parallel"":1,""seed"":48105,""num_request_repeats"":1}",lm-arena-chat,meta-llama/Llama-4-Maverick-17B-128E-Instruct-FP8,missing,restricted_model_static_files: Meta Llama access rejected; no bypass or mirror used,,,,,,,,,,,,,,,
"{""task"":""lm-arena-chat"",""model_id"":""meta-llama/Llama-4-Maverick-17B-128E-Instruct-FP8"",""gpu_model"":""H100"",""num_gpus"":8,""max_num_seqs"":8,""tensor_parallel"":1,""expert_parallel"":8,""data_parallel"":1,""seed"":48105,""num_request_repeats"":1}",lm-arena-chat,meta-llama/Llama-4-Maverick-17B-128E-Instruct-FP8,missing,restricted_model_static_files: Meta Llama access rejected; no bypass or mirror used,,,,,,,,,,,,,,,
"{""task"":""lm-arena-chat"",""model_id"":""meta-llama/Llama-4-Maverick-17B-128E-Instruct-FP8"",""gpu_model"":""H100"",""num_gpus"":8,""max_num_seqs"":96,""tensor_parallel"":1,""expert_parallel"":8,""data_parallel"":1,""seed"":48105,""num_request_repeats"":1}",lm-arena-chat,meta-llama/Llama-4-Maverick-17B-128E-Instruct-FP8,missing,restricted_model_static_files: Meta Llama access rejected; no bypass or mirror used,,,,,,,,,,,,,,,
"{""task"":""lm-arena-chat"",""model_id"":""meta-llama/Llama-4-Scout-17B-16E-Instruct"",""gpu_model"":""H100"",""num_gpus"":4,""max_num_seqs"":128,""tensor_parallel"":1,""expert_parallel"":4,""data_parallel"":1,""seed"":48105,""num_request_repeats"":1}",lm-arena-chat,meta-llama/Llama-4-Scout-17B-16E-Instruct,missing,restricted_model_static_files: Meta Llama access rejected; no bypass or mirror used,,,,,,,,,,,,,,,
"{""task"":""lm-arena-chat"",""model_id"":""meta-llama/Llama-4-Scout-17B-16E-Instruct"",""gpu_model"":""H100"",""num_gpus"":4,""max_num_seqs"":16,""tensor_parallel"":1,""expert_parallel"":4,""data_parallel"":1,""seed"":48105,""num_request_repeats"":1}",lm-arena-chat,meta-llama/Llama-4-Scout-17B-16E-Instruct,missing,restricted_model_static_files: Meta Llama access rejected; no bypass or mirror used,,,,,,,,,,,,,,,
"{""task"":""lm-arena-chat"",""model_id"":""meta-llama/Llama-4-Scout-17B-16E-Instruct"",""gpu_model"":""H100"",""num_gpus"":4,""max_num_seqs"":192,""tensor_parallel"":1,""expert_parallel"":4,""data_parallel"":1,""seed"":48105,""num_request_repeats"":1}",lm-arena-chat,meta-llama/Llama-4-Scout-17B-16E-Instruct,missing,restricted_model_static_files: Meta Llama access rejected; no bypass or mirror used,,,,,,,,,,,,,,,
"{""task"":""lm-arena-chat"",""model_id"":""meta-llama/Llama-4-Scout-17B-16E-Instruct"",""gpu_model"":""H100"",""num_gpus"":4,""max_num_seqs"":256,""tensor_parallel"":1,""expert_parallel"":4,""data_parallel"":1,""seed"":48105,""num_request_repeats"":1}",lm-arena-chat,meta-llama/Llama-4-Scout-17B-16E-Instruct,missing,restricted_model_static_files: Meta Llama access rejected; no bypass or mirror used,,,,,,,,,,,,,,,
"{""task"":""lm-arena-chat"",""model_id"":""meta-llama/Llama-4-Scout-17B-16E-Instruct"",""gpu_model"":""H100"",""num_gpus"":4,""max_num_seqs"":32,""tensor_parallel"":1,""expert_parallel"":4,""data_parallel"":1,""seed"":48105,""num_request_repeats"":1}",lm-arena-chat,meta-llama/Llama-4-Scout-17B-16E-Instruct,missing,restricted_model_static_files: Meta Llama access rejected; no bypass or mirror used,,,,,,,,,,,,,,,
"{""task"":""lm-arena-chat"",""model_id"":""meta-llama/Llama-4-Scout-17B-16E-Instruct"",""gpu_model"":""H100"",""num_gpus"":4,""max_num_seqs"":384,""tensor_parallel"":1,""expert_parallel"":4,""data_parallel"":1,""seed"":48105,""num_request_repeats"":1}",lm-arena-chat,meta-llama/Llama-4-Scout-17B-16E-Instruct,missing,restricted_model_static_files: Meta Llama access rejected; no bypass or mirror used,,,,,,,,,,,,,,,
"{""task"":""lm-arena-chat"",""model_id"":""meta-llama/Llama-4-Scout-17B-16E-Instruct"",""gpu_model"":""H100"",""num_gpus"":4,""max_num_seqs"":512,""tensor_parallel"":1,""expert_parallel"":4,""data_parallel"":1,""seed"":48105,""num_request_repeats"":1}",lm-arena-chat,meta-llama/Llama-4-Scout-17B-16E-Instruct,missing,restricted_model_static_files: Meta Llama access rejected; no bypass or mirror used,,,,,,,,,,,,,,,
"{""task"":""lm-arena-chat"",""model_id"":""meta-llama/Llama-4-Scout-17B-16E-Instruct"",""gpu_model"":""H100"",""num_gpus"":4,""max_num_seqs"":64,""tensor_parallel"":1,""expert_parallel"":4,""data_parallel"":1,""seed"":48105,""num_request_repeats"":1}",lm-arena-chat,meta-llama/Llama-4-Scout-17B-16E-Instruct,missing,restricted_model_static_files: Meta Llama access rejected; no bypass or mirror used,,,,,,,,,,,,,,,
"{""task"":""lm-arena-chat"",""model_id"":""meta-llama/Llama-4-Scout-17B-16E-Instruct"",""gpu_model"":""H100"",""num_gpus"":4,""max_num_seqs"":8,""tensor_parallel"":1,""expert_parallel"":4,""data_parallel"":1,""seed"":48105,""num_request_repeats"":1}",lm-arena-chat,meta-llama/Llama-4-Scout-17B-16E-Instruct,missing,restricted_model_static_files: Meta Llama access rejected; no bypass or mirror used,,,,,,,,,,,,,,,
"{""task"":""lm-arena-chat"",""model_id"":""meta-llama/Llama-4-Scout-17B-16E-Instruct"",""gpu_model"":""H100"",""num_gpus"":4,""max_num_seqs"":96,""tensor_parallel"":1,""expert_parallel"":4,""data_parallel"":1,""seed"":48105,""num_request_repeats"":1}",lm-arena-chat,meta-llama/Llama-4-Scout-17B-16E-Instruct,missing,restricted_model_static_files: Meta Llama access rejected; no bypass or mirror used,,,,,,,,,,,,,,,
"{""task"":""lm-arena-chat"",""model_id"":""meta-llama/Llama-4-Scout-17B-16E-Instruct"",""gpu_model"":""H100"",""num_gpus"":8,""max_num_seqs"":128,""tensor_parallel"":1,""expert_parallel"":8,""data_parallel"":1,""seed"":48105,""num_request_repeats"":1}",lm-arena-chat,meta-llama/Llama-4-Scout-17B-16E-Instruct,missing,restricted_model_static_files: Meta Llama access rejected; no bypass or mirror used,,,,,,,,,,,,,,,
"{""task"":""lm-arena-chat"",""model_id"":""meta-llama/Llama-4-Scout-17B-16E-Instruct"",""gpu_model"":""H100"",""num_gpus"":8,""max_num_seqs"":16,""tensor_parallel"":1,""expert_parallel"":8,""data_parallel"":1,""seed"":48105,""num_request_repeats"":1}",lm-arena-chat,meta-llama/Llama-4-Scout-17B-16E-Instruct,missing,restricted_model_static_files: Meta Llama access rejected; no bypass or mirror used,,,,,,,,,,,,,,,
"{""task"":""lm-arena-chat"",""model_id"":""meta-llama/Llama-4-Scout-17B-16E-Instruct"",""gpu_model"":""H100"",""num_gpus"":8,""max_num_seqs"":192,""tensor_parallel"":1,""expert_parallel"":8,""data_parallel"":1,""seed"":48105,""num_request_repeats"":1}",lm-arena-chat,meta-llama/Llama-4-Scout-17B-16E-Instruct,missing,restricted_model_static_files: Meta Llama access rejected; no bypass or mirror used,,,,,,,,,,,,,,,
"{""task"":""lm-arena-chat"",""model_id"":""meta-llama/Llama-4-Scout-17B-16E-Instruct"",""gpu_model"":""H100"",""num_gpus"":8,""max_num_seqs"":256,""tensor_parallel"":1,""expert_parallel"":8,""data_parallel"":1,""seed"":48105,""num_request_repeats"":1}",lm-arena-chat,meta-llama/Llama-4-Scout-17B-16E-Instruct,missing,restricted_model_static_files: Meta Llama access rejected; no bypass or mirror used,,,,,,,,,,,,,,,
"{""task"":""lm-arena-chat"",""model_id"":""meta-llama/Llama-4-Scout-17B-16E-Instruct"",""gpu_model"":""H100"",""num_gpus"":8,""max_num_seqs"":32,""tensor_parallel"":1,""expert_parallel"":8,""data_parallel"":1,""seed"":48105,""num_request_repeats"":1}",lm-arena-chat,meta-llama/Llama-4-Scout-17B-16E-Instruct,missing,restricted_model_static_files: Meta Llama access rejected; no bypass or mirror used,,,,,,,,,,,,,,,
"{""task"":""lm-arena-chat"",""model_id"":""meta-llama/Llama-4-Scout-17B-16E-Instruct"",""gpu_model"":""H100"",""num_gpus"":8,""max_num_seqs"":384,""tensor_parallel"":1,""expert_parallel"":8,""data_parallel"":1,""seed"":48105,""num_request_repeats"":1}",lm-arena-chat,meta-llama/Llama-4-Scout-17B-16E-Instruct,missing,restricted_model_static_files: Meta Llama access rejected; no bypass or mirror used,,,,,,,,,,,,,,,
"{""task"":""lm-arena-chat"",""model_id"":""meta-llama/Llama-4-Scout-17B-16E-Instruct"",""gpu_model"":""H100"",""num_gpus"":8,""max_num_seqs"":512,""tensor_parallel"":1,""expert_parallel"":8,""data_parallel"":1,""seed"":48105,""num_request_repeats"":1}",lm-arena-chat,meta-llama/Llama-4-Scout-17B-16E-Instruct,missing,restricted_model_static_files: Meta Llama access rejected; no bypass or mirror used,,,,,,,,,,,,,,,
"{""task"":""lm-arena-chat"",""model_id"":""meta-llama/Llama-4-Scout-17B-16E-Instruct"",""gpu_model"":""H100"",""num_gpus"":8,""max_num_seqs"":64,""tensor_parallel"":1,""expert_parallel"":8,""data_parallel"":1,""seed"":48105,""num_request_repeats"":1}",lm-arena-chat,meta-llama/Llama-4-Scout-17B-16E-Instruct,missing,restricted_model_static_files: Meta Llama access rejected; no bypass or mirror used,,,,,,,,,,,,,,,
"{""task"":""lm-arena-chat"",""model_id"":""meta-llama/Llama-4-Scout-17B-16E-Instruct"",""gpu_model"":""H100"",""num_gpus"":8,""max_num_seqs"":8,""tensor_parallel"":1,""expert_parallel"":8,""data_parallel"":1,""seed"":48105,""num_request_repeats"":1}",lm-arena-chat,meta-llama/Llama-4-Scout-17B-16E-Instruct,missing,restricted_model_static_files: Meta Llama access rejected; no bypass or mirror used,,,,,,,,,,,,,,,
"{""task"":""lm-arena-chat"",""model_id"":""meta-llama/Llama-4-Scout-17B-16E-Instruct"",""gpu_model"":""H100"",""num_gpus"":8,""max_num_seqs"":96,""tensor_parallel"":1,""expert_parallel"":8,""data_parallel"":1,""seed"":48105,""num_request_repeats"":1}",lm-arena-chat,meta-llama/Llama-4-Scout-17B-16E-Instruct,missing,restricted_model_static_files: Meta Llama access rejected; no bypass or mirror used,,,,,,,,,,,,,,,
"{""task"":""lm-arena-chat"",""model_id"":""nvidia/NVIDIA-Nemotron-Nano-12B-v2"",""gpu_model"":""B200"",""num_gpus"":1,""max_num_seqs"":128,""tensor_parallel"":1,""expert_parallel"":1,""data_parallel"":1,""seed"":48105,""num_request_repeats"":1}",lm-arena-chat,nvidia/NVIDIA-Nemotron-Nano-12B-v2,available,,string,b7a3a520a4bc1beae6a25d615f9215580df8eea926f488256c2bef74039433c0,bd0c6a4dee5caae102787d638f8386eda42edca6dfefeff31ba7be1643f09671,{},9551c74c5e8a9049e197799492af68ccf6b2928ce24f81163b91ae56f9b44d16,1024.0,711637.0,694.9580078125,111.0,2371.2000000000003,3286.4499999999985,16.0,9867.0,1197.0659937337807,1961916033.0
"{""task"":""lm-arena-chat"",""model_id"":""nvidia/NVIDIA-Nemotron-Nano-12B-v2"",""gpu_model"":""B200"",""num_gpus"":1,""max_num_seqs"":16,""tensor_parallel"":1,""expert_parallel"":1,""data_parallel"":1,""seed"":48105,""num_request_repeats"":1}",lm-arena-chat,nvidia/NVIDIA-Nemotron-Nano-12B-v2,available,,string,b7a3a520a4bc1beae6a25d615f9215580df8eea926f488256c2bef74039433c0,bd0c6a4dee5caae102787d638f8386eda42edca6dfefeff31ba7be1643f09671,{},9551c74c5e8a9049e197799492af68ccf6b2928ce24f81163b91ae56f9b44d16,1024.0,711637.0,694.9580078125,111.0,2371.2000000000003,3286.4499999999985,16.0,9867.0,1197.0659937337807,1961916033.0
"{""task"":""lm-arena-chat"",""model_id"":""nvidia/NVIDIA-Nemotron-Nano-12B-v2"",""gpu_model"":""B200"",""num_gpus"":1,""max_num_seqs"":256,""tensor_parallel"":1,""expert_parallel"":1,""data_parallel"":1,""seed"":48105,""num_request_repeats"":1}",lm-arena-chat,nvidia/NVIDIA-Nemotron-Nano-12B-v2,available,,string,b7a3a520a4bc1beae6a25d615f9215580df8eea926f488256c2bef74039433c0,bd0c6a4dee5caae102787d638f8386eda42edca6dfefeff31ba7be1643f09671,{},9551c74c5e8a9049e197799492af68ccf6b2928ce24f81163b91ae56f9b44d16,1024.0,711637.0,694.9580078125,111.0,2371.2000000000003,3286.4499999999985,16.0,9867.0,1197.0659937337807,1961916033.0
"{""task"":""lm-arena-chat"",""model_id"":""nvidia/NVIDIA-Nemotron-Nano-12B-v2"",""gpu_model"":""B200"",""num_gpus"":1,""max_num_seqs"":32,""tensor_parallel"":1,""expert_parallel"":1,""data_parallel"":1,""seed"":48105,""num_request_repeats"":1}",lm-arena-chat,nvidia/NVIDIA-Nemotron-Nano-12B-v2,available,,string,b7a3a520a4bc1beae6a25d615f9215580df8eea926f488256c2bef74039433c0,bd0c6a4dee5caae102787d638f8386eda42edca6dfefeff31ba7be1643f09671,{},9551c74c5e8a9049e197799492af68ccf6b2928ce24f81163b91ae56f9b44d16,1024.0,711637.0,694.9580078125,111.0,2371.2000000000003,3286.4499999999985,16.0,9867.0,1197.0659937337807,1961916033.0
"{""task"":""lm-arena-chat"",""model_id"":""nvidia/NVIDIA-Nemotron-Nano-12B-v2"",""gpu_model"":""B200"",""num_gpus"":1,""max_num_seqs"":64,""tensor_parallel"":1,""expert_parallel"":1,""data_parallel"":1,""seed"":48105,""num_request_repeats"":1}",lm-arena-chat,nvidia/NVIDIA-Nemotron-Nano-12B-v2,available,,string,b7a3a520a4bc1beae6a25d615f9215580df8eea926f488256c2bef74039433c0,bd0c6a4dee5caae102787d638f8386eda42edca6dfefeff31ba7be1643f09671,{},9551c74c5e8a9049e197799492af68ccf6b2928ce24f81163b91ae56f9b44d16,1024.0,711637.0,694.9580078125,111.0,2371.2000000000003,3286.4499999999985,16.0,9867.0,1197.0659937337807,1961916033.0
"{""task"":""lm-arena-chat"",""model_id"":""nvidia/NVIDIA-Nemotron-Nano-12B-v2"",""gpu_model"":""B200"",""num_gpus"":1,""max_num_seqs"":8,""tensor_parallel"":1,""expert_parallel"":1,""data_parallel"":1,""seed"":48105,""num_request_repeats"":1}",lm-arena-chat,nvidia/NVIDIA-Nemotron-Nano-12B-v2,available,,string,b7a3a520a4bc1beae6a25d615f9215580df8eea926f488256c2bef74039433c0,bd0c6a4dee5caae102787d638f8386eda42edca6dfefeff31ba7be1643f09671,{},9551c74c5e8a9049e197799492af68ccf6b2928ce24f81163b91ae56f9b44d16,1024.0,711637.0,694.9580078125,111.0,2371.2000000000003,3286.4499999999985,16.0,9867.0,1197.0659937337807,1961916033.0
"{""task"":""lm-arena-chat"",""model_id"":""nvidia/NVIDIA-Nemotron-Nano-12B-v2"",""gpu_model"":""H100"",""num_gpus"":1,""max_num_seqs"":128,""tensor_parallel"":1,""expert_parallel"":1,""data_parallel"":1,""seed"":48105,""num_request_repeats"":1}",lm-arena-chat,nvidia/NVIDIA-Nemotron-Nano-12B-v2,available,,string,b7a3a520a4bc1beae6a25d615f9215580df8eea926f488256c2bef74039433c0,bd0c6a4dee5caae102787d638f8386eda42edca6dfefeff31ba7be1643f09671,{},9551c74c5e8a9049e197799492af68ccf6b2928ce24f81163b91ae56f9b44d16,1024.0,711637.0,694.9580078125,111.0,2371.2000000000003,3286.4499999999985,16.0,9867.0,1197.0659937337807,1961916033.0
"{""task"":""lm-arena-chat"",""model_id"":""nvidia/NVIDIA-Nemotron-Nano-12B-v2"",""gpu_model"":""H100"",""num_gpus"":1,""max_num_seqs"":16,""tensor_parallel"":1,""expert_parallel"":1,""data_parallel"":1,""seed"":48105,""num_request_repeats"":1}",lm-arena-chat,nvidia/NVIDIA-Nemotron-Nano-12B-v2,available,,string,b7a3a520a4bc1beae6a25d615f9215580df8eea926f488256c2bef74039433c0,bd0c6a4dee5caae102787d638f8386eda42edca6dfefeff31ba7be1643f09671,{},9551c74c5e8a9049e197799492af68ccf6b2928ce24f81163b91ae56f9b44d16,1024.0,711637.0,694.9580078125,111.0,2371.2000000000003,3286.4499999999985,16.0,9867.0,1197.0659937337807,1961916033.0
"{""task"":""lm-arena-chat"",""model_id"":""nvidia/NVIDIA-Nemotron-Nano-12B-v2"",""gpu_model"":""H100"",""num_gpus"":1,""max_num_seqs"":192,""tensor_parallel"":1,""expert_parallel"":1,""data_parallel"":1,""seed"":48105,""num_request_repeats"":1}",lm-arena-chat,nvidia/NVIDIA-Nemotron-Nano-12B-v2,available,,string,b7a3a520a4bc1beae6a25d615f9215580df8eea926f488256c2bef74039433c0,bd0c6a4dee5caae102787d638f8386eda42edca6dfefeff31ba7be1643f09671,{},9551c74c5e8a9049e197799492af68ccf6b2928ce24f81163b91ae56f9b44d16,1024.0,711637.0,694.9580078125,111.0,2371.2000000000003,3286.4499999999985,16.0,9867.0,1197.0659937337807,1961916033.0
"{""task"":""lm-arena-chat"",""model_id"":""nvidia/NVIDIA-Nemotron-Nano-12B-v2"",""gpu_model"":""H100"",""num_gpus"":1,""max_num_seqs"":256,""tensor_parallel"":1,""expert_parallel"":1,""data_parallel"":1,""seed"":48105,""num_request_repeats"":1}",lm-arena-chat,nvidia/NVIDIA-Nemotron-Nano-12B-v2,available,,string,b7a3a520a4bc1beae6a25d615f9215580df8eea926f488256c2bef74039433c0,bd0c6a4dee5caae102787d638f8386eda42edca6dfefeff31ba7be1643f09671,{},9551c74c5e8a9049e197799492af68ccf6b2928ce24f81163b91ae56f9b44d16,1024.0,711637.0,694.9580078125,111.0,2371.2000000000003,3286.4499999999985,16.0,9867.0,1197.0659937337807,1961916033.0
"{""task"":""lm-arena-chat"",""model_id"":""nvidia/NVIDIA-Nemotron-Nano-12B-v2"",""gpu_model"":""H100"",""num_gpus"":1,""max_num_seqs"":32,""tensor_parallel"":1,""expert_parallel"":1,""data_parallel"":1,""seed"":48105,""num_request_repeats"":1}",lm-arena-chat,nvidia/NVIDIA-Nemotron-Nano-12B-v2,available,,string,b7a3a520a4bc1beae6a25d615f9215580df8eea926f488256c2bef74039433c0,bd0c6a4dee5caae102787d638f8386eda42edca6dfefeff31ba7be1643f09671,{},9551c74c5e8a9049e197799492af68ccf6b2928ce24f81163b91ae56f9b44d16,1024.0,711637.0,694.9580078125,111.0,2371.2000000000003,3286.4499999999985,16.0,9867.0,1197.0659937337807,1961916033.0
"{""task"":""lm-arena-chat"",""model_id"":""nvidia/NVIDIA-Nemotron-Nano-12B-v2"",""gpu_model"":""H100"",""num_gpus"":1,""max_num_seqs"":384,""tensor_parallel"":1,""expert_parallel"":1,""data_parallel"":1,""seed"":48105,""num_request_repeats"":1}",lm-arena-chat,nvidia/NVIDIA-Nemotron-Nano-12B-v2,available,,string,b7a3a520a4bc1beae6a25d615f9215580df8eea926f488256c2bef74039433c0,bd0c6a4dee5caae102787d638f8386eda42edca6dfefeff31ba7be1643f09671,{},9551c74c5e8a9049e197799492af68ccf6b2928ce24f81163b91ae56f9b44d16,1024.0,711637.0,694.9580078125,111.0,2371.2000000000003,3286.4499999999985,16.0,9867.0,1197.0659937337807,1961916033.0
"{""task"":""lm-arena-chat"",""model_id"":""nvidia/NVIDIA-Nemotron-Nano-12B-v2"",""gpu_model"":""H100"",""num_gpus"":1,""max_num_seqs"":512,""tensor_parallel"":1,""expert_parallel"":1,""data_parallel"":1,""seed"":48105,""num_request_repeats"":1}",lm-arena-chat,nvidia/NVIDIA-Nemotron-Nano-12B-v2,available,,string,b7a3a520a4bc1beae6a25d615f9215580df8eea926f488256c2bef74039433c0,bd0c6a4dee5caae102787d638f8386eda42edca6dfefeff31ba7be1643f09671,{},9551c74c5e8a9049e197799492af68ccf6b2928ce24f81163b91ae56f9b44d16,1024.0,711637.0,694.9580078125,111.0,2371.2000000000003,3286.4499999999985,16.0,9867.0,1197.0659937337807,1961916033.0
"{""task"":""lm-arena-chat"",""model_id"":""nvidia/NVIDIA-Nemotron-Nano-12B-v2"",""gpu_model"":""H100"",""num_gpus"":1,""max_num_seqs"":64,""tensor_parallel"":1,""expert_parallel"":1,""data_parallel"":1,""seed"":48105,""num_request_repeats"":1}",lm-arena-chat,nvidia/NVIDIA-Nemotron-Nano-12B-v2,available,,string,b7a3a520a4bc1beae6a25d615f9215580df8eea926f488256c2bef74039433c0,bd0c6a4dee5caae102787d638f8386eda42edca6dfefeff31ba7be1643f09671,{},9551c74c5e8a9049e197799492af68ccf6b2928ce24f81163b91ae56f9b44d16,1024.0,711637.0,694.9580078125,111.0,2371.2000000000003,3286.4499999999985,16.0,9867.0,1197.0659937337807,1961916033.0
"{""task"":""lm-arena-chat"",""model_id"":""nvidia/NVIDIA-Nemotron-Nano-12B-v2"",""gpu_model"":""H100"",""num_gpus"":1,""max_num_seqs"":8,""tensor_parallel"":1,""expert_parallel"":1,""data_parallel"":1,""seed"":48105,""num_request_repeats"":1}",lm-arena-chat,nvidia/NVIDIA-Nemotron-Nano-12B-v2,available,,string,b7a3a520a4bc1beae6a25d615f9215580df8eea926f488256c2bef74039433c0,bd0c6a4dee5caae102787d638f8386eda42edca6dfefeff31ba7be1643f09671,{},9551c74c5e8a9049e197799492af68ccf6b2928ce24f81163b91ae56f9b44d16,1024.0,711637.0,694.9580078125,111.0,2371.2000000000003,3286.4499999999985,16.0,9867.0,1197.0659937337807,1961916033.0
"{""task"":""lm-arena-chat"",""model_id"":""nvidia/NVIDIA-Nemotron-Nano-12B-v2"",""gpu_model"":""H100"",""num_gpus"":1,""max_num_seqs"":96,""tensor_parallel"":1,""expert_parallel"":1,""data_parallel"":1,""seed"":48105,""num_request_repeats"":1}",lm-arena-chat,nvidia/NVIDIA-Nemotron-Nano-12B-v2,available,,string,b7a3a520a4bc1beae6a25d615f9215580df8eea926f488256c2bef74039433c0,bd0c6a4dee5caae102787d638f8386eda42edca6dfefeff31ba7be1643f09671,{},9551c74c5e8a9049e197799492af68ccf6b2928ce24f81163b91ae56f9b44d16,1024.0,711637.0,694.9580078125,111.0,2371.2000000000003,3286.4499999999985,16.0,9867.0,1197.0659937337807,1961916033.0
"{""task"":""lm-arena-chat"",""model_id"":""nvidia/NVIDIA-Nemotron-Nano-9B-v2"",""gpu_model"":""B200"",""num_gpus"":1,""max_num_seqs"":128,""tensor_parallel"":1,""expert_parallel"":1,""data_parallel"":1,""seed"":48105,""num_request_repeats"":1}",lm-arena-chat,nvidia/NVIDIA-Nemotron-Nano-9B-v2,available,,string,b7a3a520a4bc1beae6a25d615f9215580df8eea926f488256c2bef74039433c0,bd0c6a4dee5caae102787d638f8386eda42edca6dfefeff31ba7be1643f09671,{},9551c74c5e8a9049e197799492af68ccf6b2928ce24f81163b91ae56f9b44d16,1024.0,711637.0,694.9580078125,111.0,2371.2000000000003,3286.4499999999985,16.0,9867.0,1197.0659937337807,1961916033.0
"{""task"":""lm-arena-chat"",""model_id"":""nvidia/NVIDIA-Nemotron-Nano-9B-v2"",""gpu_model"":""B200"",""num_gpus"":1,""max_num_seqs"":16,""tensor_parallel"":1,""expert_parallel"":1,""data_parallel"":1,""seed"":48105,""num_request_repeats"":1}",lm-arena-chat,nvidia/NVIDIA-Nemotron-Nano-9B-v2,available,,string,b7a3a520a4bc1beae6a25d615f9215580df8eea926f488256c2bef74039433c0,bd0c6a4dee5caae102787d638f8386eda42edca6dfefeff31ba7be1643f09671,{},9551c74c5e8a9049e197799492af68ccf6b2928ce24f81163b91ae56f9b44d16,1024.0,711637.0,694.9580078125,111.0,2371.2000000000003,3286.4499999999985,16.0,9867.0,1197.0659937337807,1961916033.0
"{""task"":""lm-arena-chat"",""model_id"":""nvidia/NVIDIA-Nemotron-Nano-9B-v2"",""gpu_model"":""B200"",""num_gpus"":1,""max_num_seqs"":256,""tensor_parallel"":1,""expert_parallel"":1,""data_parallel"":1,""seed"":48105,""num_request_repeats"":1}",lm-arena-chat,nvidia/NVIDIA-Nemotron-Nano-9B-v2,available,,string,b7a3a520a4bc1beae6a25d615f9215580df8eea926f488256c2bef74039433c0,bd0c6a4dee5caae102787d638f8386eda42edca6dfefeff31ba7be1643f09671,{},9551c74c5e8a9049e197799492af68ccf6b2928ce24f81163b91ae56f9b44d16,1024.0,711637.0,694.9580078125,111.0,2371.2000000000003,3286.4499999999985,16.0,9867.0,1197.0659937337807,1961916033.0
"{""task"":""lm-arena-chat"",""model_id"":""nvidia/NVIDIA-Nemotron-Nano-9B-v2"",""gpu_model"":""B200"",""num_gpus"":1,""max_num_seqs"":32,""tensor_parallel"":1,""expert_parallel"":1,""data_parallel"":1,""seed"":48105,""num_request_repeats"":1}",lm-arena-chat,nvidia/NVIDIA-Nemotron-Nano-9B-v2,available,,string,b7a3a520a4bc1beae6a25d615f9215580df8eea926f488256c2bef74039433c0,bd0c6a4dee5caae102787d638f8386eda42edca6dfefeff31ba7be1643f09671,{},9551c74c5e8a9049e197799492af68ccf6b2928ce24f81163b91ae56f9b44d16,1024.0,711637.0,694.9580078125,111.0,2371.2000000000003,3286.4499999999985,16.0,9867.0,1197.0659937337807,1961916033.0
"{""task"":""lm-arena-chat"",""model_id"":""nvidia/NVIDIA-Nemotron-Nano-9B-v2"",""gpu_model"":""B200"",""num_gpus"":1,""max_num_seqs"":64,""tensor_parallel"":1,""expert_parallel"":1,""data_parallel"":1,""seed"":48105,""num_request_repeats"":1}",lm-arena-chat,nvidia/NVIDIA-Nemotron-Nano-9B-v2,available,,string,b7a3a520a4bc1beae6a25d615f9215580df8eea926f488256c2bef74039433c0,bd0c6a4dee5caae102787d638f8386eda42edca6dfefeff31ba7be1643f09671,{},9551c74c5e8a9049e197799492af68ccf6b2928ce24f81163b91ae56f9b44d16,1024.0,711637.0,694.9580078125,111.0,2371.2000000000003,3286.4499999999985,16.0,9867.0,1197.0659937337807,1961916033.0
"{""task"":""lm-arena-chat"",""model_id"":""nvidia/NVIDIA-Nemotron-Nano-9B-v2"",""gpu_model"":""B200"",""num_gpus"":1,""max_num_seqs"":8,""tensor_parallel"":1,""expert_parallel"":1,""data_parallel"":1,""seed"":48105,""num_request_repeats"":1}",lm-arena-chat,nvidia/NVIDIA-Nemotron-Nano-9B-v2,available,,string,b7a3a520a4bc1beae6a25d615f9215580df8eea926f488256c2bef74039433c0,bd0c6a4dee5caae102787d638f8386eda42edca6dfefeff31ba7be1643f09671,{},9551c74c5e8a9049e197799492af68ccf6b2928ce24f81163b91ae56f9b44d16,1024.0,711637.0,694.9580078125,111.0,2371.2000000000003,3286.4499999999985,16.0,9867.0,1197.0659937337807,1961916033.0
"{""task"":""lm-arena-chat"",""model_id"":""nvidia/NVIDIA-Nemotron-Nano-9B-v2"",""gpu_model"":""H100"",""num_gpus"":1,""max_num_seqs"":128,""tensor_parallel"":1,""expert_parallel"":1,""data_parallel"":1,""seed"":48105,""num_request_repeats"":1}",lm-arena-chat,nvidia/NVIDIA-Nemotron-Nano-9B-v2,available,,string,b7a3a520a4bc1beae6a25d615f9215580df8eea926f488256c2bef74039433c0,bd0c6a4dee5caae102787d638f8386eda42edca6dfefeff31ba7be1643f09671,{},9551c74c5e8a9049e197799492af68ccf6b2928ce24f81163b91ae56f9b44d16,1024.0,711637.0,694.9580078125,111.0,2371.2000000000003,3286.4499999999985,16.0,9867.0,1197.0659937337807,1961916033.0
"{""task"":""lm-arena-chat"",""model_id"":""nvidia/NVIDIA-Nemotron-Nano-9B-v2"",""gpu_model"":""H100"",""num_gpus"":1,""max_num_seqs"":16,""tensor_parallel"":1,""expert_parallel"":1,""data_parallel"":1,""seed"":48105,""num_request_repeats"":1}",lm-arena-chat,nvidia/NVIDIA-Nemotron-Nano-9B-v2,available,,string,b7a3a520a4bc1beae6a25d615f9215580df8eea926f488256c2bef74039433c0,bd0c6a4dee5caae102787d638f8386eda42edca6dfefeff31ba7be1643f09671,{},9551c74c5e8a9049e197799492af68ccf6b2928ce24f81163b91ae56f9b44d16,1024.0,711637.0,694.9580078125,111.0,2371.2000000000003,3286.4499999999985,16.0,9867.0,1197.0659937337807,1961916033.0
"{""task"":""lm-arena-chat"",""model_id"":""nvidia/NVIDIA-Nemotron-Nano-9B-v2"",""gpu_model"":""H100"",""num_gpus"":1,""max_num_seqs"":192,""tensor_parallel"":1,""expert_parallel"":1,""data_parallel"":1,""seed"":48105,""num_request_repeats"":1}",lm-arena-chat,nvidia/NVIDIA-Nemotron-Nano-9B-v2,available,,string,b7a3a520a4bc1beae6a25d615f9215580df8eea926f488256c2bef74039433c0,bd0c6a4dee5caae102787d638f8386eda42edca6dfefeff31ba7be1643f09671,{},9551c74c5e8a9049e197799492af68ccf6b2928ce24f81163b91ae56f9b44d16,1024.0,711637.0,694.9580078125,111.0,2371.2000000000003,3286.4499999999985,16.0,9867.0,1197.0659937337807,1961916033.0
"{""task"":""lm-arena-chat"",""model_id"":""nvidia/NVIDIA-Nemotron-Nano-9B-v2"",""gpu_model"":""H100"",""num_gpus"":1,""max_num_seqs"":256,""tensor_parallel"":1,""expert_parallel"":1,""data_parallel"":1,""seed"":48105,""num_request_repeats"":1}",lm-arena-chat,nvidia/NVIDIA-Nemotron-Nano-9B-v2,available,,string,b7a3a520a4bc1beae6a25d615f9215580df8eea926f488256c2bef74039433c0,bd0c6a4dee5caae102787d638f8386eda42edca6dfefeff31ba7be1643f09671,{},9551c74c5e8a9049e197799492af68ccf6b2928ce24f81163b91ae56f9b44d16,1024.0,711637.0,694.9580078125,111.0,2371.2000000000003,3286.4499999999985,16.0,9867.0,1197.0659937337807,1961916033.0
"{""task"":""lm-arena-chat"",""model_id"":""nvidia/NVIDIA-Nemotron-Nano-9B-v2"",""gpu_model"":""H100"",""num_gpus"":1,""max_num_seqs"":32,""tensor_parallel"":1,""expert_parallel"":1,""data_parallel"":1,""seed"":48105,""num_request_repeats"":1}",lm-arena-chat,nvidia/NVIDIA-Nemotron-Nano-9B-v2,available,,string,b7a3a520a4bc1beae6a25d615f9215580df8eea926f488256c2bef74039433c0,bd0c6a4dee5caae102787d638f8386eda42edca6dfefeff31ba7be1643f09671,{},9551c74c5e8a9049e197799492af68ccf6b2928ce24f81163b91ae56f9b44d16,1024.0,711637.0,694.9580078125,111.0,2371.2000000000003,3286.4499999999985,16.0,9867.0,1197.0659937337807,1961916033.0
"{""task"":""lm-arena-chat"",""model_id"":""nvidia/NVIDIA-Nemotron-Nano-9B-v2"",""gpu_model"":""H100"",""num_gpus"":1,""max_num_seqs"":384,""tensor_parallel"":1,""expert_parallel"":1,""data_parallel"":1,""seed"":48105,""num_request_repeats"":1}",lm-arena-chat,nvidia/NVIDIA-Nemotron-Nano-9B-v2,available,,string,b7a3a520a4bc1beae6a25d615f9215580df8eea926f488256c2bef74039433c0,bd0c6a4dee5caae102787d638f8386eda42edca6dfefeff31ba7be1643f09671,{},9551c74c5e8a9049e197799492af68ccf6b2928ce24f81163b91ae56f9b44d16,1024.0,711637.0,694.9580078125,111.0,2371.2000000000003,3286.4499999999985,16.0,9867.0,1197.0659937337807,1961916033.0
"{""task"":""lm-arena-chat"",""model_id"":""nvidia/NVIDIA-Nemotron-Nano-9B-v2"",""gpu_model"":""H100"",""num_gpus"":1,""max_num_seqs"":512,""tensor_parallel"":1,""expert_parallel"":1,""data_parallel"":1,""seed"":48105,""num_request_repeats"":1}",lm-arena-chat,nvidia/NVIDIA-Nemotron-Nano-9B-v2,available,,string,b7a3a520a4bc1beae6a25d615f9215580df8eea926f488256c2bef74039433c0,bd0c6a4dee5caae102787d638f8386eda42edca6dfefeff31ba7be1643f09671,{},9551c74c5e8a9049e197799492af68ccf6b2928ce24f81163b91ae56f9b44d16,1024.0,711637.0,694.9580078125,111.0,2371.2000000000003,3286.4499999999985,16.0,9867.0,1197.0659937337807,1961916033.0
"{""task"":""lm-arena-chat"",""model_id"":""nvidia/NVIDIA-Nemotron-Nano-9B-v2"",""gpu_model"":""H100"",""num_gpus"":1,""max_num_seqs"":64,""tensor_parallel"":1,""expert_parallel"":1,""data_parallel"":1,""seed"":48105,""num_request_repeats"":1}",lm-arena-chat,nvidia/NVIDIA-Nemotron-Nano-9B-v2,available,,string,b7a3a520a4bc1beae6a25d615f9215580df8eea926f488256c2bef74039433c0,bd0c6a4dee5caae102787d638f8386eda42edca6dfefeff31ba7be1643f09671,{},9551c74c5e8a9049e197799492af68ccf6b2928ce24f81163b91ae56f9b44d16,1024.0,711637.0,694.9580078125,111.0,2371.2000000000003,3286.4499999999985,16.0,9867.0,1197.0659937337807,1961916033.0
"{""task"":""lm-arena-chat"",""model_id"":""nvidia/NVIDIA-Nemotron-Nano-9B-v2"",""gpu_model"":""H100"",""num_gpus"":1,""max_num_seqs"":8,""tensor_parallel"":1,""expert_parallel"":1,""data_parallel"":1,""seed"":48105,""num_request_repeats"":1}",lm-arena-chat,nvidia/NVIDIA-Nemotron-Nano-9B-v2,available,,string,b7a3a520a4bc1beae6a25d615f9215580df8eea926f488256c2bef74039433c0,bd0c6a4dee5caae102787d638f8386eda42edca6dfefeff31ba7be1643f09671,{},9551c74c5e8a9049e197799492af68ccf6b2928ce24f81163b91ae56f9b44d16,1024.0,711637.0,694.9580078125,111.0,2371.2000000000003,3286.4499999999985,16.0,9867.0,1197.0659937337807,1961916033.0
"{""task"":""lm-arena-chat"",""model_id"":""nvidia/NVIDIA-Nemotron-Nano-9B-v2"",""gpu_model"":""H100"",""num_gpus"":1,""max_num_seqs"":96,""tensor_parallel"":1,""expert_parallel"":1,""data_parallel"":1,""seed"":48105,""num_request_repeats"":1}",lm-arena-chat,nvidia/NVIDIA-Nemotron-Nano-9B-v2,available,,string,b7a3a520a4bc1beae6a25d615f9215580df8eea926f488256c2bef74039433c0,bd0c6a4dee5caae102787d638f8386eda42edca6dfefeff31ba7be1643f09671,{},9551c74c5e8a9049e197799492af68ccf6b2928ce24f81163b91ae56f9b44d16,1024.0,711637.0,694.9580078125,111.0,2371.2000000000003,3286.4499999999985,16.0,9867.0,1197.0659937337807,1961916033.0
"{""task"":""sourcegraph-fim"",""model_id"":""Qwen/Qwen3-Coder-30B-A3B-Instruct"",""gpu_model"":""B200"",""num_gpus"":1,""max_num_seqs"":1024,""tensor_parallel"":1,""expert_parallel"":1,""data_parallel"":1,""seed"":48105,""num_request_repeats"":6}",sourcegraph-fim,Qwen/Qwen3-Coder-30B-A3B-Instruct,available,,not_applicable_fim,,,{},49fb52743d5ae065b4c6ebf4150fc7690e26643ba40c219a55f8334b166f59b1,6144.0,8442300.0,1374.072265625,1203.5,2428.1000000000004,2797.5499999999997,65.0,5005.0,738.875240978343,14954564892.0
"{""task"":""sourcegraph-fim"",""model_id"":""Qwen/Qwen3-Coder-30B-A3B-Instruct"",""gpu_model"":""B200"",""num_gpus"":1,""max_num_seqs"":128,""tensor_parallel"":1,""expert_parallel"":1,""data_parallel"":1,""seed"":48105,""num_request_repeats"":2}",sourcegraph-fim,Qwen/Qwen3-Coder-30B-A3B-Instruct,available,,not_applicable_fim,,,{},49fb52743d5ae065b4c6ebf4150fc7690e26643ba40c219a55f8334b166f59b1,2048.0,2814100.0,1374.072265625,1203.5,2428.1000000000004,2797.5499999999997,65.0,5005.0,738.875240978343,4984854964.0
"{""task"":""sourcegraph-fim"",""model_id"":""Qwen/Qwen3-Coder-30B-A3B-Instruct"",""gpu_model"":""B200"",""num_gpus"":1,""max_num_seqs"":1536,""tensor_parallel"":1,""expert_parallel"":1,""data_parallel"":1,""seed"":48105,""num_request_repeats"":6}",sourcegraph-fim,Qwen/Qwen3-Coder-30B-A3B-Instruct,available,,not_applicable_fim,,,{},49fb52743d5ae065b4c6ebf4150fc7690e26643ba40c219a55f8334b166f59b1,6144.0,8442300.0,1374.072265625,1203.5,2428.1000000000004,2797.5499999999997,65.0,5005.0,738.875240978343,14954564892.0
"{""task"":""sourcegraph-fim"",""model_id"":""Qwen/Qwen3-Coder-30B-A3B-Instruct"",""gpu_model"":""B200"",""num_gpus"":1,""max_num_seqs"":16,""tensor_parallel"":1,""expert_parallel"":1,""data_parallel"":1,""seed"":48105,""num_request_repeats"":1}",sourcegraph-fim,Qwen/Qwen3-Coder-30B-A3B-Instruct,available,,not_applicable_fim,,,{},49fb52743d5ae065b4c6ebf4150fc7690e26643ba40c219a55f8334b166f59b1,1024.0,1407050.0,1374.072265625,1203.5,2428.1000000000004,2797.5499999999997,65.0,5005.0,738.875240978343,2492427482.0
"{""task"":""sourcegraph-fim"",""model_id"":""Qwen/Qwen3-Coder-30B-A3B-Instruct"",""gpu_model"":""B200"",""num_gpus"":1,""max_num_seqs"":256,""tensor_parallel"":1,""expert_parallel"":1,""data_parallel"":1,""seed"":48105,""num_request_repeats"":4}",sourcegraph-fim,Qwen/Qwen3-Coder-30B-A3B-Instruct,available,,not_applicable_fim,,,{},49fb52743d5ae065b4c6ebf4150fc7690e26643ba40c219a55f8334b166f59b1,4096.0,5628200.0,1374.072265625,1203.5,2428.1000000000004,2797.5499999999997,65.0,5005.0,738.875240978343,9969709928.0
"{""task"":""sourcegraph-fim"",""model_id"":""Qwen/Qwen3-Coder-30B-A3B-Instruct"",""gpu_model"":""B200"",""num_gpus"":1,""max_num_seqs"":32,""tensor_parallel"":1,""expert_parallel"":1,""data_parallel"":1,""seed"":48105,""num_request_repeats"":1}",sourcegraph-fim,Qwen/Qwen3-Coder-30B-A3B-Instruct,available,,not_applicable_fim,,,{},49fb52743d5ae065b4c6ebf4150fc7690e26643ba40c219a55f8334b166f59b1,1024.0,1407050.0,1374.072265625,1203.5,2428.1000000000004,2797.5499999999997,65.0,5005.0,738.875240978343,2492427482.0
"{""task"":""sourcegraph-fim"",""model_id"":""Qwen/Qwen3-Coder-30B-A3B-Instruct"",""gpu_model"":""B200"",""num_gpus"":1,""max_num_seqs"":512,""tensor_parallel"":1,""expert_parallel"":1,""data_parallel"":1,""seed"":48105,""num_request_repeats"":4}",sourcegraph-fim,Qwen/Qwen3-Coder-30B-A3B-Instruct,available,,not_applicable_fim,,,{},49fb52743d5ae065b4c6ebf4150fc7690e26643ba40c219a55f8334b166f59b1,4096.0,5628200.0,1374.072265625,1203.5,2428.1000000000004,2797.5499999999997,65.0,5005.0,738.875240978343,9969709928.0
"{""task"":""sourcegraph-fim"",""model_id"":""Qwen/Qwen3-Coder-30B-A3B-Instruct"",""gpu_model"":""B200"",""num_gpus"":1,""max_num_seqs"":64,""tensor_parallel"":1,""expert_parallel"":1,""data_parallel"":1,""seed"":48105,""num_request_repeats"":2}",sourcegraph-fim,Qwen/Qwen3-Coder-30B-A3B-Instruct,available,,not_applicable_fim,,,{},49fb52743d5ae065b4c6ebf4150fc7690e26643ba40c219a55f8334b166f59b1,2048.0,2814100.0,1374.072265625,1203.5,2428.1000000000004,2797.5499999999997,65.0,5005.0,738.875240978343,4984854964.0
"{""task"":""sourcegraph-fim"",""model_id"":""Qwen/Qwen3-Coder-30B-A3B-Instruct"",""gpu_model"":""B200"",""num_gpus"":1,""max_num_seqs"":8,""tensor_parallel"":1,""expert_parallel"":1,""data_parallel"":1,""seed"":48105,""num_request_repeats"":1}",sourcegraph-fim,Qwen/Qwen3-Coder-30B-A3B-Instruct,available,,not_applicable_fim,,,{},49fb52743d5ae065b4c6ebf4150fc7690e26643ba40c219a55f8334b166f59b1,1024.0,1407050.0,1374.072265625,1203.5,2428.1000000000004,2797.5499999999997,65.0,5005.0,738.875240978343,2492427482.0
"{""task"":""sourcegraph-fim"",""model_id"":""Qwen/Qwen3-Coder-30B-A3B-Instruct"",""gpu_model"":""H100"",""num_gpus"":1,""max_num_seqs"":128,""tensor_parallel"":1,""expert_parallel"":1,""data_parallel"":1,""seed"":48105,""num_request_repeats"":1}",sourcegraph-fim,Qwen/Qwen3-Coder-30B-A3B-Instruct,available,,not_applicable_fim,,,{},49fb52743d5ae065b4c6ebf4150fc7690e26643ba40c219a55f8334b166f59b1,1024.0,1407050.0,1374.072265625,1203.5,2428.1000000000004,2797.5499999999997,65.0,5005.0,738.875240978343,2492427482.0
"{""task"":""sourcegraph-fim"",""model_id"":""Qwen/Qwen3-Coder-30B-A3B-Instruct"",""gpu_model"":""H100"",""num_gpus"":1,""max_num_seqs"":16,""tensor_parallel"":1,""expert_parallel"":1,""data_parallel"":1,""seed"":48105,""num_request_repeats"":1}",sourcegraph-fim,Qwen/Qwen3-Coder-30B-A3B-Instruct,available,,not_applicable_fim,,,{},49fb52743d5ae065b4c6ebf4150fc7690e26643ba40c219a55f8334b166f59b1,1024.0,1407050.0,1374.072265625,1203.5,2428.1000000000004,2797.5499999999997,65.0,5005.0,738.875240978343,2492427482.0
"{""task"":""sourcegraph-fim"",""model_id"":""Qwen/Qwen3-Coder-30B-A3B-Instruct"",""gpu_model"":""H100"",""num_gpus"":1,""max_num_seqs"":192,""tensor_parallel"":1,""expert_parallel"":1,""data_parallel"":1,""seed"":48105,""num_request_repeats"":1}",sourcegraph-fim,Qwen/Qwen3-Coder-30B-A3B-Instruct,available,,not_applicable_fim,,,{},49fb52743d5ae065b4c6ebf4150fc7690e26643ba40c219a55f8334b166f59b1,1024.0,1407050.0,1374.072265625,1203.5,2428.1000000000004,2797.5499999999997,65.0,5005.0,738.875240978343,2492427482.0
"{""task"":""sourcegraph-fim"",""model_id"":""Qwen/Qwen3-Coder-30B-A3B-Instruct"",""gpu_model"":""H100"",""num_gpus"":1,""max_num_seqs"":256,""tensor_parallel"":1,""expert_parallel"":1,""data_parallel"":1,""seed"":48105,""num_request_repeats"":1}",sourcegraph-fim,Qwen/Qwen3-Coder-30B-A3B-Instruct,available,,not_applicable_fim,,,{},49fb52743d5ae065b4c6ebf4150fc7690e26643ba40c219a55f8334b166f59b1,1024.0,1407050.0,1374.072265625,1203.5,2428.1000000000004,2797.5499999999997,65.0,5005.0,738.875240978343,2492427482.0
"{""task"":""sourcegraph-fim"",""model_id"":""Qwen/Qwen3-Coder-30B-A3B-Instruct"",""gpu_model"":""H100"",""num_gpus"":1,""max_num_seqs"":32,""tensor_parallel"":1,""expert_parallel"":1,""data_parallel"":1,""seed"":48105,""num_request_repeats"":1}",sourcegraph-fim,Qwen/Qwen3-Coder-30B-A3B-Instruct,available,,not_applicable_fim,,,{},49fb52743d5ae065b4c6ebf4150fc7690e26643ba40c219a55f8334b166f59b1,1024.0,1407050.0,1374.072265625,1203.5,2428.1000000000004,2797.5499999999997,65.0,5005.0,738.875240978343,2492427482.0
"{""task"":""sourcegraph-fim"",""model_id"":""Qwen/Qwen3-Coder-30B-A3B-Instruct"",""gpu_model"":""H100"",""num_gpus"":1,""max_num_seqs"":384,""tensor_parallel"":1,""expert_parallel"":1,""data_parallel"":1,""seed"":48105,""num_request_repeats"":1}",sourcegraph-fim,Qwen/Qwen3-Coder-30B-A3B-Instruct,available,,not_applicable_fim,,,{},49fb52743d5ae065b4c6ebf4150fc7690e26643ba40c219a55f8334b166f59b1,1024.0,1407050.0,1374.072265625,1203.5,2428.1000000000004,2797.5499999999997,65.0,5005.0,738.875240978343,2492427482.0
"{""task"":""sourcegraph-fim"",""model_id"":""Qwen/Qwen3-Coder-30B-A3B-Instruct"",""gpu_model"":""H100"",""num_gpus"":1,""max_num_seqs"":512,""tensor_parallel"":1,""expert_parallel"":1,""data_parallel"":1,""seed"":48105,""num_request_repeats"":1}",sourcegraph-fim,Qwen/Qwen3-Coder-30B-A3B-Instruct,available,,not_applicable_fim,,,{},49fb52743d5ae065b4c6ebf4150fc7690e26643ba40c219a55f8334b166f59b1,1024.0,1407050.0,1374.072265625,1203.5,2428.1000000000004,2797.5499999999997,65.0,5005.0,738.875240978343,2492427482.0
"{""task"":""sourcegraph-fim"",""model_id"":""Qwen/Qwen3-Coder-30B-A3B-Instruct"",""gpu_model"":""H100"",""num_gpus"":1,""max_num_seqs"":64,""tensor_parallel"":1,""expert_parallel"":1,""data_parallel"":1,""seed"":48105,""num_request_repeats"":1}",sourcegraph-fim,Qwen/Qwen3-Coder-30B-A3B-Instruct,available,,not_applicable_fim,,,{},49fb52743d5ae065b4c6ebf4150fc7690e26643ba40c219a55f8334b166f59b1,1024.0,1407050.0,1374.072265625,1203.5,2428.1000000000004,2797.5499999999997,65.0,5005.0,738.875240978343,2492427482.0
"{""task"":""sourcegraph-fim"",""model_id"":""Qwen/Qwen3-Coder-30B-A3B-Instruct"",""gpu_model"":""H100"",""num_gpus"":1,""max_num_seqs"":8,""tensor_parallel"":1,""expert_parallel"":1,""data_parallel"":1,""seed"":48105,""num_request_repeats"":1}",sourcegraph-fim,Qwen/Qwen3-Coder-30B-A3B-Instruct,available,,not_applicable_fim,,,{},49fb52743d5ae065b4c6ebf4150fc7690e26643ba40c219a55f8334b166f59b1,1024.0,1407050.0,1374.072265625,1203.5,2428.1000000000004,2797.5499999999997,65.0,5005.0,738.875240978343,2492427482.0
"{""task"":""sourcegraph-fim"",""model_id"":""Qwen/Qwen3-Coder-30B-A3B-Instruct"",""gpu_model"":""H100"",""num_gpus"":1,""max_num_seqs"":96,""tensor_parallel"":1,""expert_parallel"":1,""data_parallel"":1,""seed"":48105,""num_request_repeats"":1}",sourcegraph-fim,Qwen/Qwen3-Coder-30B-A3B-Instruct,available,,not_applicable_fim,,,{},49fb52743d5ae065b4c6ebf4150fc7690e26643ba40c219a55f8334b166f59b1,1024.0,1407050.0,1374.072265625,1203.5,2428.1000000000004,2797.5499999999997,65.0,5005.0,738.875240978343,2492427482.0
"{""task"":""sourcegraph-fim"",""model_id"":""Qwen/Qwen3-Coder-30B-A3B-Instruct"",""gpu_model"":""H100"",""num_gpus"":2,""max_num_seqs"":128,""tensor_parallel"":1,""expert_parallel"":2,""data_parallel"":1,""seed"":48105,""num_request_repeats"":1}",sourcegraph-fim,Qwen/Qwen3-Coder-30B-A3B-Instruct,available,,not_applicable_fim,,,{},49fb52743d5ae065b4c6ebf4150fc7690e26643ba40c219a55f8334b166f59b1,1024.0,1407050.0,1374.072265625,1203.5,2428.1000000000004,2797.5499999999997,65.0,5005.0,738.875240978343,2492427482.0
"{""task"":""sourcegraph-fim"",""model_id"":""Qwen/Qwen3-Coder-30B-A3B-Instruct"",""gpu_model"":""H100"",""num_gpus"":2,""max_num_seqs"":16,""tensor_parallel"":1,""expert_parallel"":2,""data_parallel"":1,""seed"":48105,""num_request_repeats"":1}",sourcegraph-fim,Qwen/Qwen3-Coder-30B-A3B-Instruct,available,,not_applicable_fim,,,{},49fb52743d5ae065b4c6ebf4150fc7690e26643ba40c219a55f8334b166f59b1,1024.0,1407050.0,1374.072265625,1203.5,2428.1000000000004,2797.5499999999997,65.0,5005.0,738.875240978343,2492427482.0
"{""task"":""sourcegraph-fim"",""model_id"":""Qwen/Qwen3-Coder-30B-A3B-Instruct"",""gpu_model"":""H100"",""num_gpus"":2,""max_num_seqs"":192,""tensor_parallel"":1,""expert_parallel"":2,""data_parallel"":1,""seed"":48105,""num_request_repeats"":1}",sourcegraph-fim,Qwen/Qwen3-Coder-30B-A3B-Instruct,available,,not_applicable_fim,,,{},49fb52743d5ae065b4c6ebf4150fc7690e26643ba40c219a55f8334b166f59b1,1024.0,1407050.0,1374.072265625,1203.5,2428.1000000000004,2797.5499999999997,65.0,5005.0,738.875240978343,2492427482.0
"{""task"":""sourcegraph-fim"",""model_id"":""Qwen/Qwen3-Coder-30B-A3B-Instruct"",""gpu_model"":""H100"",""num_gpus"":2,""max_num_seqs"":256,""tensor_parallel"":1,""expert_parallel"":2,""data_parallel"":1,""seed"":48105,""num_request_repeats"":2}",sourcegraph-fim,Qwen/Qwen3-Coder-30B-A3B-Instruct,available,,not_applicable_fim,,,{},49fb52743d5ae065b4c6ebf4150fc7690e26643ba40c219a55f8334b166f59b1,2048.0,2814100.0,1374.072265625,1203.5,2428.1000000000004,2797.5499999999997,65.0,5005.0,738.875240978343,4984854964.0
"{""task"":""sourcegraph-fim"",""model_id"":""Qwen/Qwen3-Coder-30B-A3B-Instruct"",""gpu_model"":""H100"",""num_gpus"":2,""max_num_seqs"":32,""tensor_parallel"":1,""expert_parallel"":2,""data_parallel"":1,""seed"":48105,""num_request_repeats"":1}",sourcegraph-fim,Qwen/Qwen3-Coder-30B-A3B-Instruct,available,,not_applicable_fim,,,{},49fb52743d5ae065b4c6ebf4150fc7690e26643ba40c219a55f8334b166f59b1,1024.0,1407050.0,1374.072265625,1203.5,2428.1000000000004,2797.5499999999997,65.0,5005.0,738.875240978343,2492427482.0
"{""task"":""sourcegraph-fim"",""model_id"":""Qwen/Qwen3-Coder-30B-A3B-Instruct"",""gpu_model"":""H100"",""num_gpus"":2,""max_num_seqs"":384,""tensor_parallel"":1,""expert_parallel"":2,""data_parallel"":1,""seed"":48105,""num_request_repeats"":2}",sourcegraph-fim,Qwen/Qwen3-Coder-30B-A3B-Instruct,available,,not_applicable_fim,,,{},49fb52743d5ae065b4c6ebf4150fc7690e26643ba40c219a55f8334b166f59b1,2048.0,2814100.0,1374.072265625,1203.5,2428.1000000000004,2797.5499999999997,65.0,5005.0,738.875240978343,4984854964.0
"{""task"":""sourcegraph-fim"",""model_id"":""Qwen/Qwen3-Coder-30B-A3B-Instruct"",""gpu_model"":""H100"",""num_gpus"":2,""max_num_seqs"":512,""tensor_parallel"":1,""expert_parallel"":2,""data_parallel"":1,""seed"":48105,""num_request_repeats"":2}",sourcegraph-fim,Qwen/Qwen3-Coder-30B-A3B-Instruct,available,,not_applicable_fim,,,{},49fb52743d5ae065b4c6ebf4150fc7690e26643ba40c219a55f8334b166f59b1,2048.0,2814100.0,1374.072265625,1203.5,2428.1000000000004,2797.5499999999997,65.0,5005.0,738.875240978343,4984854964.0
"{""task"":""sourcegraph-fim"",""model_id"":""Qwen/Qwen3-Coder-30B-A3B-Instruct"",""gpu_model"":""H100"",""num_gpus"":2,""max_num_seqs"":64,""tensor_parallel"":1,""expert_parallel"":2,""data_parallel"":1,""seed"":48105,""num_request_repeats"":1}",sourcegraph-fim,Qwen/Qwen3-Coder-30B-A3B-Instruct,available,,not_applicable_fim,,,{},49fb52743d5ae065b4c6ebf4150fc7690e26643ba40c219a55f8334b166f59b1,1024.0,1407050.0,1374.072265625,1203.5,2428.1000000000004,2797.5499999999997,65.0,5005.0,738.875240978343,2492427482.0
"{""task"":""sourcegraph-fim"",""model_id"":""Qwen/Qwen3-Coder-30B-A3B-Instruct"",""gpu_model"":""H100"",""num_gpus"":2,""max_num_seqs"":768,""tensor_parallel"":1,""expert_parallel"":2,""data_parallel"":1,""seed"":48105,""num_request_repeats"":3}",sourcegraph-fim,Qwen/Qwen3-Coder-30B-A3B-Instruct,available,,not_applicable_fim,,,{},49fb52743d5ae065b4c6ebf4150fc7690e26643ba40c219a55f8334b166f59b1,3072.0,4221150.0,1374.072265625,1203.5,2428.1000000000004,2797.5499999999997,65.0,5005.0,738.875240978343,7477282446.0
"{""task"":""sourcegraph-fim"",""model_id"":""Qwen/Qwen3-Coder-30B-A3B-Instruct"",""gpu_model"":""H100"",""num_gpus"":2,""max_num_seqs"":8,""tensor_parallel"":1,""expert_parallel"":2,""data_parallel"":1,""seed"":48105,""num_request_repeats"":1}",sourcegraph-fim,Qwen/Qwen3-Coder-30B-A3B-Instruct,available,,not_applicable_fim,,,{},49fb52743d5ae065b4c6ebf4150fc7690e26643ba40c219a55f8334b166f59b1,1024.0,1407050.0,1374.072265625,1203.5,2428.1000000000004,2797.5499999999997,65.0,5005.0,738.875240978343,2492427482.0
"{""task"":""sourcegraph-fim"",""model_id"":""Qwen/Qwen3-Coder-30B-A3B-Instruct"",""gpu_model"":""H100"",""num_gpus"":2,""max_num_seqs"":96,""tensor_parallel"":1,""expert_parallel"":2,""data_parallel"":1,""seed"":48105,""num_request_repeats"":1}",sourcegraph-fim,Qwen/Qwen3-Coder-30B-A3B-Instruct,available,,not_applicable_fim,,,{},49fb52743d5ae065b4c6ebf4150fc7690e26643ba40c219a55f8334b166f59b1,1024.0,1407050.0,1374.072265625,1203.5,2428.1000000000004,2797.5499999999997,65.0,5005.0,738.875240978343,2492427482.0
"{""task"":""sourcegraph-fim"",""model_id"":""Qwen/Qwen3-Coder-480B-A35B-Instruct"",""gpu_model"":""B200"",""num_gpus"":8,""max_num_seqs"":1024,""tensor_parallel"":1,""expert_parallel"":8,""data_parallel"":1,""seed"":48105,""num_request_repeats"":4}",sourcegraph-fim,Qwen/Qwen3-Coder-480B-A35B-Instruct,available,,not_applicable_fim,,,{},49fb52743d5ae065b4c6ebf4150fc7690e26643ba40c219a55f8334b166f59b1,4096.0,5628200.0,1374.072265625,1203.5,2428.1000000000004,2797.5499999999997,65.0,5005.0,738.875240978343,9969709928.0
"{""task"":""sourcegraph-fim"",""model_id"":""Qwen/Qwen3-Coder-480B-A35B-Instruct"",""gpu_model"":""B200"",""num_gpus"":8,""max_num_seqs"":128,""tensor_parallel"":1,""expert_parallel"":8,""data_parallel"":1,""seed"":48105,""num_request_repeats"":1}",sourcegraph-fim,Qwen/Qwen3-Coder-480B-A35B-Instruct,available,,not_applicable_fim,,,{},49fb52743d5ae065b4c6ebf4150fc7690e26643ba40c219a55f8334b166f59b1,1024.0,1407050.0,1374.072265625,1203.5,2428.1000000000004,2797.5499999999997,65.0,5005.0,738.875240978343,2492427482.0
"{""task"":""sourcegraph-fim"",""model_id"":""Qwen/Qwen3-Coder-480B-A35B-Instruct"",""gpu_model"":""B200"",""num_gpus"":8,""max_num_seqs"":1536,""tensor_parallel"":1,""expert_parallel"":8,""data_parallel"":1,""seed"":48105,""num_request_repeats"":6}",sourcegraph-fim,Qwen/Qwen3-Coder-480B-A35B-Instruct,available,,not_applicable_fim,,,{},49fb52743d5ae065b4c6ebf4150fc7690e26643ba40c219a55f8334b166f59b1,6144.0,8442300.0,1374.072265625,1203.5,2428.1000000000004,2797.5499999999997,65.0,5005.0,738.875240978343,14954564892.0
"{""task"":""sourcegraph-fim"",""model_id"":""Qwen/Qwen3-Coder-480B-A35B-Instruct"",""gpu_model"":""B200"",""num_gpus"":8,""max_num_seqs"":16,""tensor_parallel"":1,""expert_parallel"":8,""data_parallel"":1,""seed"":48105,""num_request_repeats"":1}",sourcegraph-fim,Qwen/Qwen3-Coder-480B-A35B-Instruct,available,,not_applicable_fim,,,{},49fb52743d5ae065b4c6ebf4150fc7690e26643ba40c219a55f8334b166f59b1,1024.0,1407050.0,1374.072265625,1203.5,2428.1000000000004,2797.5499999999997,65.0,5005.0,738.875240978343,2492427482.0
"{""task"":""sourcegraph-fim"",""model_id"":""Qwen/Qwen3-Coder-480B-A35B-Instruct"",""gpu_model"":""B200"",""num_gpus"":8,""max_num_seqs"":256,""tensor_parallel"":1,""expert_parallel"":8,""data_parallel"":1,""seed"":48105,""num_request_repeats"":1}",sourcegraph-fim,Qwen/Qwen3-Coder-480B-A35B-Instruct,available,,not_applicable_fim,,,{},49fb52743d5ae065b4c6ebf4150fc7690e26643ba40c219a55f8334b166f59b1,1024.0,1407050.0,1374.072265625,1203.5,2428.1000000000004,2797.5499999999997,65.0,5005.0,738.875240978343,2492427482.0
"{""task"":""sourcegraph-fim"",""model_id"":""Qwen/Qwen3-Coder-480B-A35B-Instruct"",""gpu_model"":""B200"",""num_gpus"":8,""max_num_seqs"":32,""tensor_parallel"":1,""expert_parallel"":8,""data_parallel"":1,""seed"":48105,""num_request_repeats"":1}",sourcegraph-fim,Qwen/Qwen3-Coder-480B-A35B-Instruct,available,,not_applicable_fim,,,{},49fb52743d5ae065b4c6ebf4150fc7690e26643ba40c219a55f8334b166f59b1,1024.0,1407050.0,1374.072265625,1203.5,2428.1000000000004,2797.5499999999997,65.0,5005.0,738.875240978343,2492427482.0
"{""task"":""sourcegraph-fim"",""model_id"":""Qwen/Qwen3-Coder-480B-A35B-Instruct"",""gpu_model"":""B200"",""num_gpus"":8,""max_num_seqs"":512,""tensor_parallel"":1,""expert_parallel"":8,""data_parallel"":1,""seed"":48105,""num_request_repeats"":2}",sourcegraph-fim,Qwen/Qwen3-Coder-480B-A35B-Instruct,available,,not_applicable_fim,,,{},49fb52743d5ae065b4c6ebf4150fc7690e26643ba40c219a55f8334b166f59b1,2048.0,2814100.0,1374.072265625,1203.5,2428.1000000000004,2797.5499999999997,65.0,5005.0,738.875240978343,4984854964.0
"{""task"":""sourcegraph-fim"",""model_id"":""Qwen/Qwen3-Coder-480B-A35B-Instruct"",""gpu_model"":""B200"",""num_gpus"":8,""max_num_seqs"":64,""tensor_parallel"":1,""expert_parallel"":8,""data_parallel"":1,""seed"":48105,""num_request_repeats"":1}",sourcegraph-fim,Qwen/Qwen3-Coder-480B-A35B-Instruct,available,,not_applicable_fim,,,{},49fb52743d5ae065b4c6ebf4150fc7690e26643ba40c219a55f8334b166f59b1,1024.0,1407050.0,1374.072265625,1203.5,2428.1000000000004,2797.5499999999997,65.0,5005.0,738.875240978343,2492427482.0
"{""task"":""sourcegraph-fim"",""model_id"":""Qwen/Qwen3-Coder-480B-A35B-Instruct"",""gpu_model"":""B200"",""num_gpus"":8,""max_num_seqs"":768,""tensor_parallel"":1,""expert_parallel"":8,""data_parallel"":1,""seed"":48105,""num_request_repeats"":2}",sourcegraph-fim,Qwen/Qwen3-Coder-480B-A35B-Instruct,available,,not_applicable_fim,,,{},49fb52743d5ae065b4c6ebf4150fc7690e26643ba40c219a55f8334b166f59b1,2048.0,2814100.0,1374.072265625,1203.5,2428.1000000000004,2797.5499999999997,65.0,5005.0,738.875240978343,4984854964.0
"{""task"":""sourcegraph-fim"",""model_id"":""Qwen/Qwen3-Coder-480B-A35B-Instruct"",""gpu_model"":""B200"",""num_gpus"":8,""max_num_seqs"":8,""tensor_parallel"":1,""expert_parallel"":8,""data_parallel"":1,""seed"":48105,""num_request_repeats"":1}",sourcegraph-fim,Qwen/Qwen3-Coder-480B-A35B-Instruct,available,,not_applicable_fim,,,{},49fb52743d5ae065b4c6ebf4150fc7690e26643ba40c219a55f8334b166f59b1,1024.0,1407050.0,1374.072265625,1203.5,2428.1000000000004,2797.5499999999997,65.0,5005.0,738.875240978343,2492427482.0
"{""task"":""sourcegraph-fim"",""model_id"":""Qwen/Qwen3-Coder-480B-A35B-Instruct-FP8"",""gpu_model"":""B200"",""num_gpus"":4,""max_num_seqs"":1024,""tensor_parallel"":1,""expert_parallel"":4,""data_parallel"":4,""seed"":48105,""num_request_repeats"":2}",sourcegraph-fim,Qwen/Qwen3-Coder-480B-A35B-Instruct-FP8,available,,not_applicable_fim,,,{},49fb52743d5ae065b4c6ebf4150fc7690e26643ba40c219a55f8334b166f59b1,2048.0,2814100.0,1374.072265625,1203.5,2428.1000000000004,2797.5499999999997,65.0,5005.0,738.875240978343,4984854964.0
"{""task"":""sourcegraph-fim"",""model_id"":""Qwen/Qwen3-Coder-480B-A35B-Instruct-FP8"",""gpu_model"":""B200"",""num_gpus"":4,""max_num_seqs"":128,""tensor_parallel"":1,""expert_parallel"":4,""data_parallel"":4,""seed"":48105,""num_request_repeats"":1}",sourcegraph-fim,Qwen/Qwen3-Coder-480B-A35B-Instruct-FP8,available,,not_applicable_fim,,,{},49fb52743d5ae065b4c6ebf4150fc7690e26643ba40c219a55f8334b166f59b1,1024.0,1407050.0,1374.072265625,1203.5,2428.1000000000004,2797.5499999999997,65.0,5005.0,738.875240978343,2492427482.0
"{""task"":""sourcegraph-fim"",""model_id"":""Qwen/Qwen3-Coder-480B-A35B-Instruct-FP8"",""gpu_model"":""B200"",""num_gpus"":4,""max_num_seqs"":16,""tensor_parallel"":1,""expert_parallel"":4,""data_parallel"":4,""seed"":48105,""num_request_repeats"":1}",sourcegraph-fim,Qwen/Qwen3-Coder-480B-A35B-Instruct-FP8,available,,not_applicable_fim,,,{},49fb52743d5ae065b4c6ebf4150fc7690e26643ba40c219a55f8334b166f59b1,1024.0,1407050.0,1374.072265625,1203.5,2428.1000000000004,2797.5499999999997,65.0,5005.0,738.875240978343,2492427482.0
"{""task"":""sourcegraph-fim"",""model_id"":""Qwen/Qwen3-Coder-480B-A35B-Instruct-FP8"",""gpu_model"":""B200"",""num_gpus"":4,""max_num_seqs"":256,""tensor_parallel"":1,""expert_parallel"":4,""data_parallel"":4,""seed"":48105,""num_request_repeats"":1}",sourcegraph-fim,Qwen/Qwen3-Coder-480B-A35B-Instruct-FP8,available,,not_applicable_fim,,,{},49fb52743d5ae065b4c6ebf4150fc7690e26643ba40c219a55f8334b166f59b1,1024.0,1407050.0,1374.072265625,1203.5,2428.1000000000004,2797.5499999999997,65.0,5005.0,738.875240978343,2492427482.0
"{""task"":""sourcegraph-fim"",""model_id"":""Qwen/Qwen3-Coder-480B-A35B-Instruct-FP8"",""gpu_model"":""B200"",""num_gpus"":4,""max_num_seqs"":32,""tensor_parallel"":1,""expert_parallel"":4,""data_parallel"":4,""seed"":48105,""num_request_repeats"":1}",sourcegraph-fim,Qwen/Qwen3-Coder-480B-A35B-Instruct-FP8,available,,not_applicable_fim,,,{},49fb52743d5ae065b4c6ebf4150fc7690e26643ba40c219a55f8334b166f59b1,1024.0,1407050.0,1374.072265625,1203.5,2428.1000000000004,2797.5499999999997,65.0,5005.0,738.875240978343,2492427482.0
"{""task"":""sourcegraph-fim"",""model_id"":""Qwen/Qwen3-Coder-480B-A35B-Instruct-FP8"",""gpu_model"":""B200"",""num_gpus"":4,""max_num_seqs"":512,""tensor_parallel"":1,""expert_parallel"":4,""data_parallel"":4,""seed"":48105,""num_request_repeats"":1}",sourcegraph-fim,Qwen/Qwen3-Coder-480B-A35B-Instruct-FP8,available,,not_applicable_fim,,,{},49fb52743d5ae065b4c6ebf4150fc7690e26643ba40c219a55f8334b166f59b1,1024.0,1407050.0,1374.072265625,1203.5,2428.1000000000004,2797.5499999999997,65.0,5005.0,738.875240978343,2492427482.0
"{""task"":""sourcegraph-fim"",""model_id"":""Qwen/Qwen3-Coder-480B-A35B-Instruct-FP8"",""gpu_model"":""B200"",""num_gpus"":4,""max_num_seqs"":64,""tensor_parallel"":1,""expert_parallel"":4,""data_parallel"":4,""seed"":48105,""num_request_repeats"":1}",sourcegraph-fim,Qwen/Qwen3-Coder-480B-A35B-Instruct-FP8,available,,not_applicable_fim,,,{},49fb52743d5ae065b4c6ebf4150fc7690e26643ba40c219a55f8334b166f59b1,1024.0,1407050.0,1374.072265625,1203.5,2428.1000000000004,2797.5499999999997,65.0,5005.0,738.875240978343,2492427482.0
"{""task"":""sourcegraph-fim"",""model_id"":""Qwen/Qwen3-Coder-480B-A35B-Instruct-FP8"",""gpu_model"":""B200"",""num_gpus"":4,""max_num_seqs"":768,""tensor_parallel"":1,""expert_parallel"":4,""data_parallel"":4,""seed"":48105,""num_request_repeats"":2}",sourcegraph-fim,Qwen/Qwen3-Coder-480B-A35B-Instruct-FP8,available,,not_applicable_fim,,,{},49fb52743d5ae065b4c6ebf4150fc7690e26643ba40c219a55f8334b166f59b1,2048.0,2814100.0,1374.072265625,1203.5,2428.1000000000004,2797.5499999999997,65.0,5005.0,738.875240978343,4984854964.0
"{""task"":""sourcegraph-fim"",""model_id"":""Qwen/Qwen3-Coder-480B-A35B-Instruct-FP8"",""gpu_model"":""B200"",""num_gpus"":4,""max_num_seqs"":8,""tensor_parallel"":1,""expert_parallel"":4,""data_parallel"":4,""seed"":48105,""num_request_repeats"":1}",sourcegraph-fim,Qwen/Qwen3-Coder-480B-A35B-Instruct-FP8,available,,not_applicable_fim,,,{},49fb52743d5ae065b4c6ebf4150fc7690e26643ba40c219a55f8334b166f59b1,1024.0,1407050.0,1374.072265625,1203.5,2428.1000000000004,2797.5499999999997,65.0,5005.0,738.875240978343,2492427482.0
"{""task"":""sourcegraph-fim"",""model_id"":""Qwen/Qwen3-Coder-480B-A35B-Instruct-FP8"",""gpu_model"":""B200"",""num_gpus"":8,""max_num_seqs"":1024,""tensor_parallel"":1,""expert_parallel"":8,""data_parallel"":8,""seed"":48105,""num_request_repeats"":3}",sourcegraph-fim,Qwen/Qwen3-Coder-480B-A35B-Instruct-FP8,available,,not_applicable_fim,,,{},49fb52743d5ae065b4c6ebf4150fc7690e26643ba40c219a55f8334b166f59b1,3072.0,4221150.0,1374.072265625,1203.5,2428.1000000000004,2797.5499999999997,65.0,5005.0,738.875240978343,7477282446.0
"{""task"":""sourcegraph-fim"",""model_id"":""Qwen/Qwen3-Coder-480B-A35B-Instruct-FP8"",""gpu_model"":""B200"",""num_gpus"":8,""max_num_seqs"":128,""tensor_parallel"":1,""expert_parallel"":8,""data_parallel"":8,""seed"":48105,""num_request_repeats"":1}",sourcegraph-fim,Qwen/Qwen3-Coder-480B-A35B-Instruct-FP8,available,,not_applicable_fim,,,{},49fb52743d5ae065b4c6ebf4150fc7690e26643ba40c219a55f8334b166f59b1,1024.0,1407050.0,1374.072265625,1203.5,2428.1000000000004,2797.5499999999997,65.0,5005.0,738.875240978343,2492427482.0
"{""task"":""sourcegraph-fim"",""model_id"":""Qwen/Qwen3-Coder-480B-A35B-Instruct-FP8"",""gpu_model"":""B200"",""num_gpus"":8,""max_num_seqs"":16,""tensor_parallel"":1,""expert_parallel"":8,""data_parallel"":8,""seed"":48105,""num_request_repeats"":1}",sourcegraph-fim,Qwen/Qwen3-Coder-480B-A35B-Instruct-FP8,available,,not_applicable_fim,,,{},49fb52743d5ae065b4c6ebf4150fc7690e26643ba40c219a55f8334b166f59b1,1024.0,1407050.0,1374.072265625,1203.5,2428.1000000000004,2797.5499999999997,65.0,5005.0,738.875240978343,2492427482.0
"{""task"":""sourcegraph-fim"",""model_id"":""Qwen/Qwen3-Coder-480B-A35B-Instruct-FP8"",""gpu_model"":""B200"",""num_gpus"":8,""max_num_seqs"":2048,""tensor_parallel"":1,""expert_parallel"":8,""data_parallel"":8,""seed"":48105,""num_request_repeats"":4}",sourcegraph-fim,Qwen/Qwen3-Coder-480B-A35B-Instruct-FP8,available,,not_applicable_fim,,,{},49fb52743d5ae065b4c6ebf4150fc7690e26643ba40c219a55f8334b166f59b1,4096.0,5628200.0,1374.072265625,1203.5,2428.1000000000004,2797.5499999999997,65.0,5005.0,738.875240978343,9969709928.0
"{""task"":""sourcegraph-fim"",""model_id"":""Qwen/Qwen3-Coder-480B-A35B-Instruct-FP8"",""gpu_model"":""B200"",""num_gpus"":8,""max_num_seqs"":256,""tensor_parallel"":1,""expert_parallel"":8,""data_parallel"":8,""seed"":48105,""num_request_repeats"":1}",sourcegraph-fim,Qwen/Qwen3-Coder-480B-A35B-Instruct-FP8,available,,not_applicable_fim,,,{},49fb52743d5ae065b4c6ebf4150fc7690e26643ba40c219a55f8334b166f59b1,1024.0,1407050.0,1374.072265625,1203.5,2428.1000000000004,2797.5499999999997,65.0,5005.0,738.875240978343,2492427482.0
"{""task"":""sourcegraph-fim"",""model_id"":""Qwen/Qwen3-Coder-480B-A35B-Instruct-FP8"",""gpu_model"":""B200"",""num_gpus"":8,""max_num_seqs"":32,""tensor_parallel"":1,""expert_parallel"":8,""data_parallel"":8,""seed"":48105,""num_request_repeats"":1}",sourcegraph-fim,Qwen/Qwen3-Coder-480B-A35B-Instruct-FP8,available,,not_applicable_fim,,,{},49fb52743d5ae065b4c6ebf4150fc7690e26643ba40c219a55f8334b166f59b1,1024.0,1407050.0,1374.072265625,1203.5,2428.1000000000004,2797.5499999999997,65.0,5005.0,738.875240978343,2492427482.0
"{""task"":""sourcegraph-fim"",""model_id"":""Qwen/Qwen3-Coder-480B-A35B-Instruct-FP8"",""gpu_model"":""B200"",""num_gpus"":8,""max_num_seqs"":512,""tensor_parallel"":1,""expert_parallel"":8,""data_parallel"":8,""seed"":48105,""num_request_repeats"":1}",sourcegraph-fim,Qwen/Qwen3-Coder-480B-A35B-Instruct-FP8,available,,not_applicable_fim,,,{},49fb52743d5ae065b4c6ebf4150fc7690e26643ba40c219a55f8334b166f59b1,1024.0,1407050.0,1374.072265625,1203.5,2428.1000000000004,2797.5499999999997,65.0,5005.0,738.875240978343,2492427482.0
"{""task"":""sourcegraph-fim"",""model_id"":""Qwen/Qwen3-Coder-480B-A35B-Instruct-FP8"",""gpu_model"":""B200"",""num_gpus"":8,""max_num_seqs"":64,""tensor_parallel"":1,""expert_parallel"":8,""data_parallel"":8,""seed"":48105,""num_request_repeats"":1}",sourcegraph-fim,Qwen/Qwen3-Coder-480B-A35B-Instruct-FP8,available,,not_applicable_fim,,,{},49fb52743d5ae065b4c6ebf4150fc7690e26643ba40c219a55f8334b166f59b1,1024.0,1407050.0,1374.072265625,1203.5,2428.1000000000004,2797.5499999999997,65.0,5005.0,738.875240978343,2492427482.0
"{""task"":""sourcegraph-fim"",""model_id"":""Qwen/Qwen3-Coder-480B-A35B-Instruct-FP8"",""gpu_model"":""B200"",""num_gpus"":8,""max_num_seqs"":768,""tensor_parallel"":1,""expert_parallel"":8,""data_parallel"":8,""seed"":48105,""num_request_repeats"":2}",sourcegraph-fim,Qwen/Qwen3-Coder-480B-A35B-Instruct-FP8,available,,not_applicable_fim,,,{},49fb52743d5ae065b4c6ebf4150fc7690e26643ba40c219a55f8334b166f59b1,2048.0,2814100.0,1374.072265625,1203.5,2428.1000000000004,2797.5499999999997,65.0,5005.0,738.875240978343,4984854964.0
"{""task"":""sourcegraph-fim"",""model_id"":""Qwen/Qwen3-Coder-480B-A35B-Instruct-FP8"",""gpu_model"":""B200"",""num_gpus"":8,""max_num_seqs"":8,""tensor_parallel"":1,""expert_parallel"":8,""data_parallel"":8,""seed"":48105,""num_request_repeats"":1}",sourcegraph-fim,Qwen/Qwen3-Coder-480B-A35B-Instruct-FP8,available,,not_applicable_fim,,,{},49fb52743d5ae065b4c6ebf4150fc7690e26643ba40c219a55f8334b166f59b1,1024.0,1407050.0,1374.072265625,1203.5,2428.1000000000004,2797.5499999999997,65.0,5005.0,738.875240978343,2492427482.0
