run_key,task,model_id,physics_status,physics_missing_reason,prefill_projection_flop_proxy,prefill_attention_flop_proxy,prefill_mlp_flop_proxy,prefill_total_flop_proxy,decode_output_cap_tokens_per_request,decode_upper_bound_flop_proxy,kv_cache_prefill_sum_bytes,kv_cache_prefill_max_request_bytes,kv_cache_output_cap_sum_bytes,weight_bytes_total,prefill_total_flop_proxy_per_gpu_ideal,decode_upper_bound_flop_proxy_per_gpu_ideal,kv_cache_prefill_sum_bytes_per_gpu_ideal,weight_bytes_per_gpu_ideal,model_parallel_gpus_per_replica,kv_bytes_per_element,shared_expert_term_included
"{""task"":""gpqa"",""model_id"":""Qwen/Qwen3-14B"",""gpu_model"":""B200"",""num_gpus"":1,""max_num_seqs"":128,""tensor_parallel"":1,""expert_parallel"":1,""data_parallel"":1,""seed"":48105,""num_request_repeats"":1}",gpqa,Qwen/Qwen3-14B,available,,231812471193600.0,16230820249600.0,985203002572800.0,1233246294016000.0,32768.0,2.597616621715456e+17,7545978880.0,456294400.0,1070550384640.0,28000000000.0,1233246294016000.0,2.597616621715456e+17,7545978880.0,28000000000.0,1.0,2.0,False
"{""task"":""gpqa"",""model_id"":""Qwen/Qwen3-14B"",""gpu_model"":""B200"",""num_gpus"":1,""max_num_seqs"":16,""tensor_parallel"":1,""expert_parallel"":1,""data_parallel"":1,""seed"":48105,""num_request_repeats"":1}",gpqa,Qwen/Qwen3-14B,available,,231812471193600.0,16230820249600.0,985203002572800.0,1233246294016000.0,32768.0,2.597616621715456e+17,7545978880.0,456294400.0,1070550384640.0,28000000000.0,1233246294016000.0,2.597616621715456e+17,7545978880.0,28000000000.0,1.0,2.0,False
"{""task"":""gpqa"",""model_id"":""Qwen/Qwen3-14B"",""gpu_model"":""B200"",""num_gpus"":1,""max_num_seqs"":256,""tensor_parallel"":1,""expert_parallel"":1,""data_parallel"":1,""seed"":48105,""num_request_repeats"":2}",gpqa,Qwen/Qwen3-14B,available,,463624942387200.0,32461640499200.0,1970406005145600.0,2466492588032000.0,32768.0,5.195233243430912e+17,15091957760.0,456294400.0,2141100769280.0,28000000000.0,2466492588032000.0,5.195233243430912e+17,15091957760.0,28000000000.0,1.0,2.0,False
"{""task"":""gpqa"",""model_id"":""Qwen/Qwen3-14B"",""gpu_model"":""B200"",""num_gpus"":1,""max_num_seqs"":32,""tensor_parallel"":1,""expert_parallel"":1,""data_parallel"":1,""seed"":48105,""num_request_repeats"":1}",gpqa,Qwen/Qwen3-14B,available,,231812471193600.0,16230820249600.0,985203002572800.0,1233246294016000.0,32768.0,2.597616621715456e+17,7545978880.0,456294400.0,1070550384640.0,28000000000.0,1233246294016000.0,2.597616621715456e+17,7545978880.0,28000000000.0,1.0,2.0,False
"{""task"":""gpqa"",""model_id"":""Qwen/Qwen3-14B"",""gpu_model"":""B200"",""num_gpus"":1,""max_num_seqs"":384,""tensor_parallel"":1,""expert_parallel"":1,""data_parallel"":1,""seed"":48105,""num_request_repeats"":3}",gpqa,Qwen/Qwen3-14B,available,,695437413580800.0,48692460748800.0,2955609007718400.0,3699738882048000.0,32768.0,7.792849865146368e+17,22637936640.0,456294400.0,3211651153920.0,28000000000.0,3699738882048000.0,7.792849865146368e+17,22637936640.0,28000000000.0,1.0,2.0,False
"{""task"":""gpqa"",""model_id"":""Qwen/Qwen3-14B"",""gpu_model"":""B200"",""num_gpus"":1,""max_num_seqs"":512,""tensor_parallel"":1,""expert_parallel"":1,""data_parallel"":1,""seed"":48105,""num_request_repeats"":3}",gpqa,Qwen/Qwen3-14B,available,,695437413580800.0,48692460748800.0,2955609007718400.0,3699738882048000.0,32768.0,7.792849865146368e+17,22637936640.0,456294400.0,3211651153920.0,28000000000.0,3699738882048000.0,7.792849865146368e+17,22637936640.0,28000000000.0,1.0,2.0,False
"{""task"":""gpqa"",""model_id"":""Qwen/Qwen3-14B"",""gpu_model"":""B200"",""num_gpus"":1,""max_num_seqs"":64,""tensor_parallel"":1,""expert_parallel"":1,""data_parallel"":1,""seed"":48105,""num_request_repeats"":1}",gpqa,Qwen/Qwen3-14B,available,,231812471193600.0,16230820249600.0,985203002572800.0,1233246294016000.0,32768.0,2.597616621715456e+17,7545978880.0,456294400.0,1070550384640.0,28000000000.0,1233246294016000.0,2.597616621715456e+17,7545978880.0,28000000000.0,1.0,2.0,False
"{""task"":""gpqa"",""model_id"":""Qwen/Qwen3-14B"",""gpu_model"":""B200"",""num_gpus"":1,""max_num_seqs"":8,""tensor_parallel"":1,""expert_parallel"":1,""data_parallel"":1,""seed"":48105,""num_request_repeats"":1}",gpqa,Qwen/Qwen3-14B,available,,231812471193600.0,16230820249600.0,985203002572800.0,1233246294016000.0,32768.0,2.597616621715456e+17,7545978880.0,456294400.0,1070550384640.0,28000000000.0,1233246294016000.0,2.597616621715456e+17,7545978880.0,28000000000.0,1.0,2.0,False
"{""task"":""gpqa"",""model_id"":""Qwen/Qwen3-14B"",""gpu_model"":""H100"",""num_gpus"":1,""max_num_seqs"":128,""tensor_parallel"":1,""expert_parallel"":1,""data_parallel"":1,""seed"":48105,""num_request_repeats"":1}",gpqa,Qwen/Qwen3-14B,available,,231812471193600.0,16230820249600.0,985203002572800.0,1233246294016000.0,32768.0,2.597616621715456e+17,7545978880.0,456294400.0,1070550384640.0,28000000000.0,1233246294016000.0,2.597616621715456e+17,7545978880.0,28000000000.0,1.0,2.0,False
"{""task"":""gpqa"",""model_id"":""Qwen/Qwen3-14B"",""gpu_model"":""H100"",""num_gpus"":1,""max_num_seqs"":16,""tensor_parallel"":1,""expert_parallel"":1,""data_parallel"":1,""seed"":48105,""num_request_repeats"":1}",gpqa,Qwen/Qwen3-14B,available,,231812471193600.0,16230820249600.0,985203002572800.0,1233246294016000.0,32768.0,2.597616621715456e+17,7545978880.0,456294400.0,1070550384640.0,28000000000.0,1233246294016000.0,2.597616621715456e+17,7545978880.0,28000000000.0,1.0,2.0,False
"{""task"":""gpqa"",""model_id"":""Qwen/Qwen3-14B"",""gpu_model"":""H100"",""num_gpus"":1,""max_num_seqs"":192,""tensor_parallel"":1,""expert_parallel"":1,""data_parallel"":1,""seed"":48105,""num_request_repeats"":1}",gpqa,Qwen/Qwen3-14B,available,,231812471193600.0,16230820249600.0,985203002572800.0,1233246294016000.0,32768.0,2.597616621715456e+17,7545978880.0,456294400.0,1070550384640.0,28000000000.0,1233246294016000.0,2.597616621715456e+17,7545978880.0,28000000000.0,1.0,2.0,False
"{""task"":""gpqa"",""model_id"":""Qwen/Qwen3-14B"",""gpu_model"":""H100"",""num_gpus"":1,""max_num_seqs"":192,""tensor_parallel"":1,""expert_parallel"":1,""data_parallel"":1,""seed"":48105,""num_request_repeats"":2}",gpqa,Qwen/Qwen3-14B,available,,463624942387200.0,32461640499200.0,1970406005145600.0,2466492588032000.0,32768.0,5.195233243430912e+17,15091957760.0,456294400.0,2141100769280.0,28000000000.0,2466492588032000.0,5.195233243430912e+17,15091957760.0,28000000000.0,1.0,2.0,False
"{""task"":""gpqa"",""model_id"":""Qwen/Qwen3-14B"",""gpu_model"":""H100"",""num_gpus"":1,""max_num_seqs"":256,""tensor_parallel"":1,""expert_parallel"":1,""data_parallel"":1,""seed"":48105,""num_request_repeats"":2}",gpqa,Qwen/Qwen3-14B,available,,463624942387200.0,32461640499200.0,1970406005145600.0,2466492588032000.0,32768.0,5.195233243430912e+17,15091957760.0,456294400.0,2141100769280.0,28000000000.0,2466492588032000.0,5.195233243430912e+17,15091957760.0,28000000000.0,1.0,2.0,False
"{""task"":""gpqa"",""model_id"":""Qwen/Qwen3-14B"",""gpu_model"":""H100"",""num_gpus"":1,""max_num_seqs"":32,""tensor_parallel"":1,""expert_parallel"":1,""data_parallel"":1,""seed"":48105,""num_request_repeats"":1}",gpqa,Qwen/Qwen3-14B,available,,231812471193600.0,16230820249600.0,985203002572800.0,1233246294016000.0,32768.0,2.597616621715456e+17,7545978880.0,456294400.0,1070550384640.0,28000000000.0,1233246294016000.0,2.597616621715456e+17,7545978880.0,28000000000.0,1.0,2.0,False
"{""task"":""gpqa"",""model_id"":""Qwen/Qwen3-14B"",""gpu_model"":""H100"",""num_gpus"":1,""max_num_seqs"":384,""tensor_parallel"":1,""expert_parallel"":1,""data_parallel"":1,""seed"":48105,""num_request_repeats"":3}",gpqa,Qwen/Qwen3-14B,available,,695437413580800.0,48692460748800.0,2955609007718400.0,3699738882048000.0,32768.0,7.792849865146368e+17,22637936640.0,456294400.0,3211651153920.0,28000000000.0,3699738882048000.0,7.792849865146368e+17,22637936640.0,28000000000.0,1.0,2.0,False
"{""task"":""gpqa"",""model_id"":""Qwen/Qwen3-14B"",""gpu_model"":""H100"",""num_gpus"":1,""max_num_seqs"":512,""tensor_parallel"":1,""expert_parallel"":1,""data_parallel"":1,""seed"":48105,""num_request_repeats"":3}",gpqa,Qwen/Qwen3-14B,available,,695437413580800.0,48692460748800.0,2955609007718400.0,3699738882048000.0,32768.0,7.792849865146368e+17,22637936640.0,456294400.0,3211651153920.0,28000000000.0,3699738882048000.0,7.792849865146368e+17,22637936640.0,28000000000.0,1.0,2.0,False
"{""task"":""gpqa"",""model_id"":""Qwen/Qwen3-14B"",""gpu_model"":""H100"",""num_gpus"":1,""max_num_seqs"":64,""tensor_parallel"":1,""expert_parallel"":1,""data_parallel"":1,""seed"":48105,""num_request_repeats"":1}",gpqa,Qwen/Qwen3-14B,available,,231812471193600.0,16230820249600.0,985203002572800.0,1233246294016000.0,32768.0,2.597616621715456e+17,7545978880.0,456294400.0,1070550384640.0,28000000000.0,1233246294016000.0,2.597616621715456e+17,7545978880.0,28000000000.0,1.0,2.0,False
"{""task"":""gpqa"",""model_id"":""Qwen/Qwen3-14B"",""gpu_model"":""H100"",""num_gpus"":1,""max_num_seqs"":8,""tensor_parallel"":1,""expert_parallel"":1,""data_parallel"":1,""seed"":48105,""num_request_repeats"":1}",gpqa,Qwen/Qwen3-14B,available,,231812471193600.0,16230820249600.0,985203002572800.0,1233246294016000.0,32768.0,2.597616621715456e+17,7545978880.0,456294400.0,1070550384640.0,28000000000.0,1233246294016000.0,2.597616621715456e+17,7545978880.0,28000000000.0,1.0,2.0,False
"{""task"":""gpqa"",""model_id"":""Qwen/Qwen3-14B"",""gpu_model"":""H100"",""num_gpus"":1,""max_num_seqs"":96,""tensor_parallel"":1,""expert_parallel"":1,""data_parallel"":1,""seed"":48105,""num_request_repeats"":1}",gpqa,Qwen/Qwen3-14B,available,,231812471193600.0,16230820249600.0,985203002572800.0,1233246294016000.0,32768.0,2.597616621715456e+17,7545978880.0,456294400.0,1070550384640.0,28000000000.0,1233246294016000.0,2.597616621715456e+17,7545978880.0,28000000000.0,1.0,2.0,False
"{""task"":""gpqa"",""model_id"":""Qwen/Qwen3-235B-A22B-Thinking-2507"",""gpu_model"":""B200"",""num_gpus"":4,""max_num_seqs"":128,""tensor_parallel"":1,""expert_parallel"":4,""data_parallel"":1,""seed"":48105,""num_request_repeats"":1}",gpqa,Qwen/Qwen3-235B-A22B-Thinking-2507,available,,622702259863552.0,61597781262336.0,1318663609122816.0,2002963650248704.0,32768.0,6.032738036356219e+17,8942759936.0,536530944.0,1257972936704.0,470000000000.0,500740912562176.0,1.5081845090890547e+17,2235689984.0,117500000000.0,4.0,2.0,False
"{""task"":""gpqa"",""model_id"":""Qwen/Qwen3-235B-A22B-Thinking-2507"",""gpu_model"":""B200"",""num_gpus"":4,""max_num_seqs"":16,""tensor_parallel"":1,""expert_parallel"":4,""data_parallel"":1,""seed"":48105,""num_request_repeats"":1}",gpqa,Qwen/Qwen3-235B-A22B-Thinking-2507,available,,622702259863552.0,61597781262336.0,1318663609122816.0,2002963650248704.0,32768.0,6.032738036356219e+17,8942759936.0,536530944.0,1257972936704.0,470000000000.0,500740912562176.0,1.5081845090890547e+17,2235689984.0,117500000000.0,4.0,2.0,False
"{""task"":""gpqa"",""model_id"":""Qwen/Qwen3-235B-A22B-Thinking-2507"",""gpu_model"":""B200"",""num_gpus"":4,""max_num_seqs"":256,""tensor_parallel"":1,""expert_parallel"":4,""data_parallel"":1,""seed"":48105,""num_request_repeats"":2}",gpqa,Qwen/Qwen3-235B-A22B-Thinking-2507,available,,1245404519727104.0,123195562524672.0,2637327218245632.0,4005927300497408.0,32768.0,1.2065476072712438e+18,17885519872.0,536530944.0,2515945873408.0,470000000000.0,1001481825124352.0,3.0163690181781094e+17,4471379968.0,117500000000.0,4.0,2.0,False
"{""task"":""gpqa"",""model_id"":""Qwen/Qwen3-235B-A22B-Thinking-2507"",""gpu_model"":""B200"",""num_gpus"":4,""max_num_seqs"":32,""tensor_parallel"":1,""expert_parallel"":4,""data_parallel"":1,""seed"":48105,""num_request_repeats"":1}",gpqa,Qwen/Qwen3-235B-A22B-Thinking-2507,available,,622702259863552.0,61597781262336.0,1318663609122816.0,2002963650248704.0,32768.0,6.032738036356219e+17,8942759936.0,536530944.0,1257972936704.0,470000000000.0,500740912562176.0,1.5081845090890547e+17,2235689984.0,117500000000.0,4.0,2.0,False
"{""task"":""gpqa"",""model_id"":""Qwen/Qwen3-235B-A22B-Thinking-2507"",""gpu_model"":""B200"",""num_gpus"":4,""max_num_seqs"":384,""tensor_parallel"":1,""expert_parallel"":4,""data_parallel"":1,""seed"":48105,""num_request_repeats"":3}",gpqa,Qwen/Qwen3-235B-A22B-Thinking-2507,available,,1868106779590656.0,184793343787008.0,3955990827368448.0,6008890950746112.0,32768.0,1.8098214109068657e+18,26828279808.0,536530944.0,3773918810112.0,470000000000.0,1502222737686528.0,4.524553527267164e+17,6707069952.0,117500000000.0,4.0,2.0,False
"{""task"":""gpqa"",""model_id"":""Qwen/Qwen3-235B-A22B-Thinking-2507"",""gpu_model"":""B200"",""num_gpus"":4,""max_num_seqs"":64,""tensor_parallel"":1,""expert_parallel"":4,""data_parallel"":1,""seed"":48105,""num_request_repeats"":1}",gpqa,Qwen/Qwen3-235B-A22B-Thinking-2507,available,,622702259863552.0,61597781262336.0,1318663609122816.0,2002963650248704.0,32768.0,6.032738036356219e+17,8942759936.0,536530944.0,1257972936704.0,470000000000.0,500740912562176.0,1.5081845090890547e+17,2235689984.0,117500000000.0,4.0,2.0,False
"{""task"":""gpqa"",""model_id"":""Qwen/Qwen3-235B-A22B-Thinking-2507"",""gpu_model"":""B200"",""num_gpus"":4,""max_num_seqs"":8,""tensor_parallel"":1,""expert_parallel"":4,""data_parallel"":1,""seed"":48105,""num_request_repeats"":1}",gpqa,Qwen/Qwen3-235B-A22B-Thinking-2507,available,,622702259863552.0,61597781262336.0,1318663609122816.0,2002963650248704.0,32768.0,6.032738036356219e+17,8942759936.0,536530944.0,1257972936704.0,470000000000.0,500740912562176.0,1.5081845090890547e+17,2235689984.0,117500000000.0,4.0,2.0,False
"{""task"":""gpqa"",""model_id"":""Qwen/Qwen3-235B-A22B-Thinking-2507"",""gpu_model"":""B200"",""num_gpus"":8,""max_num_seqs"":128,""tensor_parallel"":1,""expert_parallel"":8,""data_parallel"":1,""seed"":48105,""num_request_repeats"":1}",gpqa,Qwen/Qwen3-235B-A22B-Thinking-2507,available,,622702259863552.0,61597781262336.0,1318663609122816.0,2002963650248704.0,32768.0,6.032738036356219e+17,8942759936.0,536530944.0,1257972936704.0,470000000000.0,250370456281088.0,7.540922545445274e+16,1117844992.0,58750000000.0,8.0,2.0,False
"{""task"":""gpqa"",""model_id"":""Qwen/Qwen3-235B-A22B-Thinking-2507"",""gpu_model"":""B200"",""num_gpus"":8,""max_num_seqs"":16,""tensor_parallel"":1,""expert_parallel"":8,""data_parallel"":1,""seed"":48105,""num_request_repeats"":1}",gpqa,Qwen/Qwen3-235B-A22B-Thinking-2507,available,,622702259863552.0,61597781262336.0,1318663609122816.0,2002963650248704.0,32768.0,6.032738036356219e+17,8942759936.0,536530944.0,1257972936704.0,470000000000.0,250370456281088.0,7.540922545445274e+16,1117844992.0,58750000000.0,8.0,2.0,False
"{""task"":""gpqa"",""model_id"":""Qwen/Qwen3-235B-A22B-Thinking-2507"",""gpu_model"":""B200"",""num_gpus"":8,""max_num_seqs"":256,""tensor_parallel"":1,""expert_parallel"":8,""data_parallel"":1,""seed"":48105,""num_request_repeats"":2}",gpqa,Qwen/Qwen3-235B-A22B-Thinking-2507,available,,1245404519727104.0,123195562524672.0,2637327218245632.0,4005927300497408.0,32768.0,1.2065476072712438e+18,17885519872.0,536530944.0,2515945873408.0,470000000000.0,500740912562176.0,1.5081845090890547e+17,2235689984.0,58750000000.0,8.0,2.0,False
"{""task"":""gpqa"",""model_id"":""Qwen/Qwen3-235B-A22B-Thinking-2507"",""gpu_model"":""B200"",""num_gpus"":8,""max_num_seqs"":32,""tensor_parallel"":1,""expert_parallel"":8,""data_parallel"":1,""seed"":48105,""num_request_repeats"":1}",gpqa,Qwen/Qwen3-235B-A22B-Thinking-2507,available,,622702259863552.0,61597781262336.0,1318663609122816.0,2002963650248704.0,32768.0,6.032738036356219e+17,8942759936.0,536530944.0,1257972936704.0,470000000000.0,250370456281088.0,7.540922545445274e+16,1117844992.0,58750000000.0,8.0,2.0,False
"{""task"":""gpqa"",""model_id"":""Qwen/Qwen3-235B-A22B-Thinking-2507"",""gpu_model"":""B200"",""num_gpus"":8,""max_num_seqs"":384,""tensor_parallel"":1,""expert_parallel"":8,""data_parallel"":1,""seed"":48105,""num_request_repeats"":3}",gpqa,Qwen/Qwen3-235B-A22B-Thinking-2507,available,,1868106779590656.0,184793343787008.0,3955990827368448.0,6008890950746112.0,32768.0,1.8098214109068657e+18,26828279808.0,536530944.0,3773918810112.0,470000000000.0,751111368843264.0,2.262276763633582e+17,3353534976.0,58750000000.0,8.0,2.0,False
"{""task"":""gpqa"",""model_id"":""Qwen/Qwen3-235B-A22B-Thinking-2507"",""gpu_model"":""B200"",""num_gpus"":8,""max_num_seqs"":512,""tensor_parallel"":1,""expert_parallel"":8,""data_parallel"":1,""seed"":48105,""num_request_repeats"":3}",gpqa,Qwen/Qwen3-235B-A22B-Thinking-2507,available,,1868106779590656.0,184793343787008.0,3955990827368448.0,6008890950746112.0,32768.0,1.8098214109068657e+18,26828279808.0,536530944.0,3773918810112.0,470000000000.0,751111368843264.0,2.262276763633582e+17,3353534976.0,58750000000.0,8.0,2.0,False
"{""task"":""gpqa"",""model_id"":""Qwen/Qwen3-235B-A22B-Thinking-2507"",""gpu_model"":""B200"",""num_gpus"":8,""max_num_seqs"":64,""tensor_parallel"":1,""expert_parallel"":8,""data_parallel"":1,""seed"":48105,""num_request_repeats"":1}",gpqa,Qwen/Qwen3-235B-A22B-Thinking-2507,available,,622702259863552.0,61597781262336.0,1318663609122816.0,2002963650248704.0,32768.0,6.032738036356219e+17,8942759936.0,536530944.0,1257972936704.0,470000000000.0,250370456281088.0,7.540922545445274e+16,1117844992.0,58750000000.0,8.0,2.0,False
"{""task"":""gpqa"",""model_id"":""Qwen/Qwen3-235B-A22B-Thinking-2507"",""gpu_model"":""B200"",""num_gpus"":8,""max_num_seqs"":768,""tensor_parallel"":1,""expert_parallel"":8,""data_parallel"":1,""seed"":48105,""num_request_repeats"":5}",gpqa,Qwen/Qwen3-235B-A22B-Thinking-2507,available,,3113511299317760.0,307988906311680.0,6593318045614080.0,1.001481825124352e+16,32768.0,3.0163690181781094e+18,44713799680.0,536530944.0,6289864683520.0,470000000000.0,1251852281405440.0,3.770461272722637e+17,5589224960.0,58750000000.0,8.0,2.0,False
"{""task"":""gpqa"",""model_id"":""Qwen/Qwen3-235B-A22B-Thinking-2507"",""gpu_model"":""B200"",""num_gpus"":8,""max_num_seqs"":8,""tensor_parallel"":1,""expert_parallel"":8,""data_parallel"":1,""seed"":48105,""num_request_repeats"":1}",gpqa,Qwen/Qwen3-235B-A22B-Thinking-2507,available,,622702259863552.0,61597781262336.0,1318663609122816.0,2002963650248704.0,32768.0,6.032738036356219e+17,8942759936.0,536530944.0,1257972936704.0,470000000000.0,250370456281088.0,7.540922545445274e+16,1117844992.0,58750000000.0,8.0,2.0,False
"{""task"":""gpqa"",""model_id"":""Qwen/Qwen3-235B-A22B-Thinking-2507"",""gpu_model"":""H100"",""num_gpus"":8,""max_num_seqs"":128,""tensor_parallel"":1,""expert_parallel"":8,""data_parallel"":1,""seed"":48105,""num_request_repeats"":1}",gpqa,Qwen/Qwen3-235B-A22B-Thinking-2507,available,,622702259863552.0,61597781262336.0,1318663609122816.0,2002963650248704.0,32768.0,6.032738036356219e+17,8942759936.0,536530944.0,1257972936704.0,470000000000.0,250370456281088.0,7.540922545445274e+16,1117844992.0,58750000000.0,8.0,2.0,False
"{""task"":""gpqa"",""model_id"":""Qwen/Qwen3-235B-A22B-Thinking-2507"",""gpu_model"":""H100"",""num_gpus"":8,""max_num_seqs"":16,""tensor_parallel"":1,""expert_parallel"":8,""data_parallel"":1,""seed"":48105,""num_request_repeats"":1}",gpqa,Qwen/Qwen3-235B-A22B-Thinking-2507,available,,622702259863552.0,61597781262336.0,1318663609122816.0,2002963650248704.0,32768.0,6.032738036356219e+17,8942759936.0,536530944.0,1257972936704.0,470000000000.0,250370456281088.0,7.540922545445274e+16,1117844992.0,58750000000.0,8.0,2.0,False
"{""task"":""gpqa"",""model_id"":""Qwen/Qwen3-235B-A22B-Thinking-2507"",""gpu_model"":""H100"",""num_gpus"":8,""max_num_seqs"":192,""tensor_parallel"":1,""expert_parallel"":8,""data_parallel"":1,""seed"":48105,""num_request_repeats"":2}",gpqa,Qwen/Qwen3-235B-A22B-Thinking-2507,available,,1245404519727104.0,123195562524672.0,2637327218245632.0,4005927300497408.0,32768.0,1.2065476072712438e+18,17885519872.0,536530944.0,2515945873408.0,470000000000.0,500740912562176.0,1.5081845090890547e+17,2235689984.0,58750000000.0,8.0,2.0,False
"{""task"":""gpqa"",""model_id"":""Qwen/Qwen3-235B-A22B-Thinking-2507"",""gpu_model"":""H100"",""num_gpus"":8,""max_num_seqs"":256,""tensor_parallel"":1,""expert_parallel"":8,""data_parallel"":1,""seed"":48105,""num_request_repeats"":2}",gpqa,Qwen/Qwen3-235B-A22B-Thinking-2507,available,,1245404519727104.0,123195562524672.0,2637327218245632.0,4005927300497408.0,32768.0,1.2065476072712438e+18,17885519872.0,536530944.0,2515945873408.0,470000000000.0,500740912562176.0,1.5081845090890547e+17,2235689984.0,58750000000.0,8.0,2.0,False
"{""task"":""gpqa"",""model_id"":""Qwen/Qwen3-235B-A22B-Thinking-2507"",""gpu_model"":""H100"",""num_gpus"":8,""max_num_seqs"":32,""tensor_parallel"":1,""expert_parallel"":8,""data_parallel"":1,""seed"":48105,""num_request_repeats"":1}",gpqa,Qwen/Qwen3-235B-A22B-Thinking-2507,available,,622702259863552.0,61597781262336.0,1318663609122816.0,2002963650248704.0,32768.0,6.032738036356219e+17,8942759936.0,536530944.0,1257972936704.0,470000000000.0,250370456281088.0,7.540922545445274e+16,1117844992.0,58750000000.0,8.0,2.0,False
"{""task"":""gpqa"",""model_id"":""Qwen/Qwen3-235B-A22B-Thinking-2507"",""gpu_model"":""H100"",""num_gpus"":8,""max_num_seqs"":384,""tensor_parallel"":1,""expert_parallel"":8,""data_parallel"":1,""seed"":48105,""num_request_repeats"":3}",gpqa,Qwen/Qwen3-235B-A22B-Thinking-2507,available,,1868106779590656.0,184793343787008.0,3955990827368448.0,6008890950746112.0,32768.0,1.8098214109068657e+18,26828279808.0,536530944.0,3773918810112.0,470000000000.0,751111368843264.0,2.262276763633582e+17,3353534976.0,58750000000.0,8.0,2.0,False
"{""task"":""gpqa"",""model_id"":""Qwen/Qwen3-235B-A22B-Thinking-2507"",""gpu_model"":""H100"",""num_gpus"":8,""max_num_seqs"":512,""tensor_parallel"":1,""expert_parallel"":8,""data_parallel"":1,""seed"":48105,""num_request_repeats"":3}",gpqa,Qwen/Qwen3-235B-A22B-Thinking-2507,available,,1868106779590656.0,184793343787008.0,3955990827368448.0,6008890950746112.0,32768.0,1.8098214109068657e+18,26828279808.0,536530944.0,3773918810112.0,470000000000.0,751111368843264.0,2.262276763633582e+17,3353534976.0,58750000000.0,8.0,2.0,False
"{""task"":""gpqa"",""model_id"":""Qwen/Qwen3-235B-A22B-Thinking-2507"",""gpu_model"":""H100"",""num_gpus"":8,""max_num_seqs"":64,""tensor_parallel"":1,""expert_parallel"":8,""data_parallel"":1,""seed"":48105,""num_request_repeats"":1}",gpqa,Qwen/Qwen3-235B-A22B-Thinking-2507,available,,622702259863552.0,61597781262336.0,1318663609122816.0,2002963650248704.0,32768.0,6.032738036356219e+17,8942759936.0,536530944.0,1257972936704.0,470000000000.0,250370456281088.0,7.540922545445274e+16,1117844992.0,58750000000.0,8.0,2.0,False
"{""task"":""gpqa"",""model_id"":""Qwen/Qwen3-235B-A22B-Thinking-2507"",""gpu_model"":""H100"",""num_gpus"":8,""max_num_seqs"":8,""tensor_parallel"":1,""expert_parallel"":8,""data_parallel"":1,""seed"":48105,""num_request_repeats"":1}",gpqa,Qwen/Qwen3-235B-A22B-Thinking-2507,available,,622702259863552.0,61597781262336.0,1318663609122816.0,2002963650248704.0,32768.0,6.032738036356219e+17,8942759936.0,536530944.0,1257972936704.0,470000000000.0,250370456281088.0,7.540922545445274e+16,1117844992.0,58750000000.0,8.0,2.0,False
"{""task"":""gpqa"",""model_id"":""Qwen/Qwen3-235B-A22B-Thinking-2507"",""gpu_model"":""H100"",""num_gpus"":8,""max_num_seqs"":96,""tensor_parallel"":1,""expert_parallel"":8,""data_parallel"":1,""seed"":48105,""num_request_repeats"":1}",gpqa,Qwen/Qwen3-235B-A22B-Thinking-2507,available,,622702259863552.0,61597781262336.0,1318663609122816.0,2002963650248704.0,32768.0,6.032738036356219e+17,8942759936.0,536530944.0,1257972936704.0,470000000000.0,250370456281088.0,7.540922545445274e+16,1117844992.0,58750000000.0,8.0,2.0,False
"{""task"":""gpqa"",""model_id"":""Qwen/Qwen3-235B-A22B-Thinking-2507-FP8"",""gpu_model"":""B200"",""num_gpus"":2,""max_num_seqs"":1024,""tensor_parallel"":1,""expert_parallel"":2,""data_parallel"":1,""seed"":48105,""num_request_repeats"":6}",gpqa,Qwen/Qwen3-235B-A22B-Thinking-2507-FP8,available,,3736213559181312.0,369586687574016.0,7911981654736896.0,1.2017781901492224e+16,32768.0,3.6196428218137313e+18,53656559616.0,536530944.0,7547837620224.0,235000000000.0,6008890950746112.0,1.8098214109068657e+18,26828279808.0,117500000000.0,2.0,2.0,False
"{""task"":""gpqa"",""model_id"":""Qwen/Qwen3-235B-A22B-Thinking-2507-FP8"",""gpu_model"":""B200"",""num_gpus"":2,""max_num_seqs"":128,""tensor_parallel"":1,""expert_parallel"":2,""data_parallel"":1,""seed"":48105,""num_request_repeats"":1}",gpqa,Qwen/Qwen3-235B-A22B-Thinking-2507-FP8,available,,622702259863552.0,61597781262336.0,1318663609122816.0,2002963650248704.0,32768.0,6.032738036356219e+17,8942759936.0,536530944.0,1257972936704.0,235000000000.0,1001481825124352.0,3.0163690181781094e+17,4471379968.0,117500000000.0,2.0,2.0,False
"{""task"":""gpqa"",""model_id"":""Qwen/Qwen3-235B-A22B-Thinking-2507-FP8"",""gpu_model"":""B200"",""num_gpus"":2,""max_num_seqs"":16,""tensor_parallel"":1,""expert_parallel"":2,""data_parallel"":1,""seed"":48105,""num_request_repeats"":1}",gpqa,Qwen/Qwen3-235B-A22B-Thinking-2507-FP8,available,,622702259863552.0,61597781262336.0,1318663609122816.0,2002963650248704.0,32768.0,6.032738036356219e+17,8942759936.0,536530944.0,1257972936704.0,235000000000.0,1001481825124352.0,3.0163690181781094e+17,4471379968.0,117500000000.0,2.0,2.0,False
"{""task"":""gpqa"",""model_id"":""Qwen/Qwen3-235B-A22B-Thinking-2507-FP8"",""gpu_model"":""B200"",""num_gpus"":2,""max_num_seqs"":256,""tensor_parallel"":1,""expert_parallel"":2,""data_parallel"":1,""seed"":48105,""num_request_repeats"":2}",gpqa,Qwen/Qwen3-235B-A22B-Thinking-2507-FP8,available,,1245404519727104.0,123195562524672.0,2637327218245632.0,4005927300497408.0,32768.0,1.2065476072712438e+18,17885519872.0,536530944.0,2515945873408.0,235000000000.0,2002963650248704.0,6.032738036356219e+17,8942759936.0,117500000000.0,2.0,2.0,False
"{""task"":""gpqa"",""model_id"":""Qwen/Qwen3-235B-A22B-Thinking-2507-FP8"",""gpu_model"":""B200"",""num_gpus"":2,""max_num_seqs"":32,""tensor_parallel"":1,""expert_parallel"":2,""data_parallel"":1,""seed"":48105,""num_request_repeats"":1}",gpqa,Qwen/Qwen3-235B-A22B-Thinking-2507-FP8,available,,622702259863552.0,61597781262336.0,1318663609122816.0,2002963650248704.0,32768.0,6.032738036356219e+17,8942759936.0,536530944.0,1257972936704.0,235000000000.0,1001481825124352.0,3.0163690181781094e+17,4471379968.0,117500000000.0,2.0,2.0,False
"{""task"":""gpqa"",""model_id"":""Qwen/Qwen3-235B-A22B-Thinking-2507-FP8"",""gpu_model"":""B200"",""num_gpus"":2,""max_num_seqs"":384,""tensor_parallel"":1,""expert_parallel"":2,""data_parallel"":1,""seed"":48105,""num_request_repeats"":3}",gpqa,Qwen/Qwen3-235B-A22B-Thinking-2507-FP8,available,,1868106779590656.0,184793343787008.0,3955990827368448.0,6008890950746112.0,32768.0,1.8098214109068657e+18,26828279808.0,536530944.0,3773918810112.0,235000000000.0,3004445475373056.0,9.049107054534328e+17,13414139904.0,117500000000.0,2.0,2.0,False
"{""task"":""gpqa"",""model_id"":""Qwen/Qwen3-235B-A22B-Thinking-2507-FP8"",""gpu_model"":""B200"",""num_gpus"":2,""max_num_seqs"":64,""tensor_parallel"":1,""expert_parallel"":2,""data_parallel"":1,""seed"":48105,""num_request_repeats"":1}",gpqa,Qwen/Qwen3-235B-A22B-Thinking-2507-FP8,available,,622702259863552.0,61597781262336.0,1318663609122816.0,2002963650248704.0,32768.0,6.032738036356219e+17,8942759936.0,536530944.0,1257972936704.0,235000000000.0,1001481825124352.0,3.0163690181781094e+17,4471379968.0,117500000000.0,2.0,2.0,False
"{""task"":""gpqa"",""model_id"":""Qwen/Qwen3-235B-A22B-Thinking-2507-FP8"",""gpu_model"":""B200"",""num_gpus"":2,""max_num_seqs"":8,""tensor_parallel"":1,""expert_parallel"":2,""data_parallel"":1,""seed"":48105,""num_request_repeats"":1}",gpqa,Qwen/Qwen3-235B-A22B-Thinking-2507-FP8,available,,622702259863552.0,61597781262336.0,1318663609122816.0,2002963650248704.0,32768.0,6.032738036356219e+17,8942759936.0,536530944.0,1257972936704.0,235000000000.0,1001481825124352.0,3.0163690181781094e+17,4471379968.0,117500000000.0,2.0,2.0,False
"{""task"":""gpqa"",""model_id"":""Qwen/Qwen3-235B-A22B-Thinking-2507-FP8"",""gpu_model"":""B200"",""num_gpus"":4,""max_num_seqs"":1024,""tensor_parallel"":1,""expert_parallel"":4,""data_parallel"":1,""seed"":48105,""num_request_repeats"":6}",gpqa,Qwen/Qwen3-235B-A22B-Thinking-2507-FP8,available,,3736213559181312.0,369586687574016.0,7911981654736896.0,1.2017781901492224e+16,32768.0,3.6196428218137313e+18,53656559616.0,536530944.0,7547837620224.0,235000000000.0,3004445475373056.0,9.049107054534328e+17,13414139904.0,58750000000.0,4.0,2.0,False
"{""task"":""gpqa"",""model_id"":""Qwen/Qwen3-235B-A22B-Thinking-2507-FP8"",""gpu_model"":""B200"",""num_gpus"":4,""max_num_seqs"":128,""tensor_parallel"":1,""expert_parallel"":4,""data_parallel"":1,""seed"":48105,""num_request_repeats"":1}",gpqa,Qwen/Qwen3-235B-A22B-Thinking-2507-FP8,available,,622702259863552.0,61597781262336.0,1318663609122816.0,2002963650248704.0,32768.0,6.032738036356219e+17,8942759936.0,536530944.0,1257972936704.0,235000000000.0,500740912562176.0,1.5081845090890547e+17,2235689984.0,58750000000.0,4.0,2.0,False
"{""task"":""gpqa"",""model_id"":""Qwen/Qwen3-235B-A22B-Thinking-2507-FP8"",""gpu_model"":""B200"",""num_gpus"":4,""max_num_seqs"":16,""tensor_parallel"":1,""expert_parallel"":4,""data_parallel"":1,""seed"":48105,""num_request_repeats"":1}",gpqa,Qwen/Qwen3-235B-A22B-Thinking-2507-FP8,available,,622702259863552.0,61597781262336.0,1318663609122816.0,2002963650248704.0,32768.0,6.032738036356219e+17,8942759936.0,536530944.0,1257972936704.0,235000000000.0,500740912562176.0,1.5081845090890547e+17,2235689984.0,58750000000.0,4.0,2.0,False
"{""task"":""gpqa"",""model_id"":""Qwen/Qwen3-235B-A22B-Thinking-2507-FP8"",""gpu_model"":""B200"",""num_gpus"":4,""max_num_seqs"":256,""tensor_parallel"":1,""expert_parallel"":4,""data_parallel"":1,""seed"":48105,""num_request_repeats"":2}",gpqa,Qwen/Qwen3-235B-A22B-Thinking-2507-FP8,available,,1245404519727104.0,123195562524672.0,2637327218245632.0,4005927300497408.0,32768.0,1.2065476072712438e+18,17885519872.0,536530944.0,2515945873408.0,235000000000.0,1001481825124352.0,3.0163690181781094e+17,4471379968.0,58750000000.0,4.0,2.0,False
"{""task"":""gpqa"",""model_id"":""Qwen/Qwen3-235B-A22B-Thinking-2507-FP8"",""gpu_model"":""B200"",""num_gpus"":4,""max_num_seqs"":32,""tensor_parallel"":1,""expert_parallel"":4,""data_parallel"":1,""seed"":48105,""num_request_repeats"":1}",gpqa,Qwen/Qwen3-235B-A22B-Thinking-2507-FP8,available,,622702259863552.0,61597781262336.0,1318663609122816.0,2002963650248704.0,32768.0,6.032738036356219e+17,8942759936.0,536530944.0,1257972936704.0,235000000000.0,500740912562176.0,1.5081845090890547e+17,2235689984.0,58750000000.0,4.0,2.0,False
"{""task"":""gpqa"",""model_id"":""Qwen/Qwen3-235B-A22B-Thinking-2507-FP8"",""gpu_model"":""B200"",""num_gpus"":4,""max_num_seqs"":384,""tensor_parallel"":1,""expert_parallel"":4,""data_parallel"":1,""seed"":48105,""num_request_repeats"":3}",gpqa,Qwen/Qwen3-235B-A22B-Thinking-2507-FP8,available,,1868106779590656.0,184793343787008.0,3955990827368448.0,6008890950746112.0,32768.0,1.8098214109068657e+18,26828279808.0,536530944.0,3773918810112.0,235000000000.0,1502222737686528.0,4.524553527267164e+17,6707069952.0,58750000000.0,4.0,2.0,False
"{""task"":""gpqa"",""model_id"":""Qwen/Qwen3-235B-A22B-Thinking-2507-FP8"",""gpu_model"":""B200"",""num_gpus"":4,""max_num_seqs"":512,""tensor_parallel"":1,""expert_parallel"":4,""data_parallel"":1,""seed"":48105,""num_request_repeats"":3}",gpqa,Qwen/Qwen3-235B-A22B-Thinking-2507-FP8,available,,1868106779590656.0,184793343787008.0,3955990827368448.0,6008890950746112.0,32768.0,1.8098214109068657e+18,26828279808.0,536530944.0,3773918810112.0,235000000000.0,1502222737686528.0,4.524553527267164e+17,6707069952.0,58750000000.0,4.0,2.0,False
"{""task"":""gpqa"",""model_id"":""Qwen/Qwen3-235B-A22B-Thinking-2507-FP8"",""gpu_model"":""B200"",""num_gpus"":4,""max_num_seqs"":64,""tensor_parallel"":1,""expert_parallel"":4,""data_parallel"":1,""seed"":48105,""num_request_repeats"":1}",gpqa,Qwen/Qwen3-235B-A22B-Thinking-2507-FP8,available,,622702259863552.0,61597781262336.0,1318663609122816.0,2002963650248704.0,32768.0,6.032738036356219e+17,8942759936.0,536530944.0,1257972936704.0,235000000000.0,500740912562176.0,1.5081845090890547e+17,2235689984.0,58750000000.0,4.0,2.0,False
"{""task"":""gpqa"",""model_id"":""Qwen/Qwen3-235B-A22B-Thinking-2507-FP8"",""gpu_model"":""B200"",""num_gpus"":4,""max_num_seqs"":8,""tensor_parallel"":1,""expert_parallel"":4,""data_parallel"":1,""seed"":48105,""num_request_repeats"":1}",gpqa,Qwen/Qwen3-235B-A22B-Thinking-2507-FP8,available,,622702259863552.0,61597781262336.0,1318663609122816.0,2002963650248704.0,32768.0,6.032738036356219e+17,8942759936.0,536530944.0,1257972936704.0,235000000000.0,500740912562176.0,1.5081845090890547e+17,2235689984.0,58750000000.0,4.0,2.0,False
"{""task"":""gpqa"",""model_id"":""Qwen/Qwen3-235B-A22B-Thinking-2507-FP8"",""gpu_model"":""H100"",""num_gpus"":4,""max_num_seqs"":16,""tensor_parallel"":1,""expert_parallel"":4,""data_parallel"":1,""seed"":48105,""num_request_repeats"":1}",gpqa,Qwen/Qwen3-235B-A22B-Thinking-2507-FP8,available,,622702259863552.0,61597781262336.0,1318663609122816.0,2002963650248704.0,32768.0,6.032738036356219e+17,8942759936.0,536530944.0,1257972936704.0,235000000000.0,500740912562176.0,1.5081845090890547e+17,2235689984.0,58750000000.0,4.0,2.0,False
"{""task"":""gpqa"",""model_id"":""Qwen/Qwen3-235B-A22B-Thinking-2507-FP8"",""gpu_model"":""H100"",""num_gpus"":4,""max_num_seqs"":32,""tensor_parallel"":1,""expert_parallel"":4,""data_parallel"":1,""seed"":48105,""num_request_repeats"":1}",gpqa,Qwen/Qwen3-235B-A22B-Thinking-2507-FP8,available,,622702259863552.0,61597781262336.0,1318663609122816.0,2002963650248704.0,32768.0,6.032738036356219e+17,8942759936.0,536530944.0,1257972936704.0,235000000000.0,500740912562176.0,1.5081845090890547e+17,2235689984.0,58750000000.0,4.0,2.0,False
"{""task"":""gpqa"",""model_id"":""Qwen/Qwen3-235B-A22B-Thinking-2507-FP8"",""gpu_model"":""H100"",""num_gpus"":4,""max_num_seqs"":64,""tensor_parallel"":1,""expert_parallel"":4,""data_parallel"":1,""seed"":48105,""num_request_repeats"":1}",gpqa,Qwen/Qwen3-235B-A22B-Thinking-2507-FP8,available,,622702259863552.0,61597781262336.0,1318663609122816.0,2002963650248704.0,32768.0,6.032738036356219e+17,8942759936.0,536530944.0,1257972936704.0,235000000000.0,500740912562176.0,1.5081845090890547e+17,2235689984.0,58750000000.0,4.0,2.0,False
"{""task"":""gpqa"",""model_id"":""Qwen/Qwen3-235B-A22B-Thinking-2507-FP8"",""gpu_model"":""H100"",""num_gpus"":4,""max_num_seqs"":8,""tensor_parallel"":1,""expert_parallel"":4,""data_parallel"":1,""seed"":48105,""num_request_repeats"":1}",gpqa,Qwen/Qwen3-235B-A22B-Thinking-2507-FP8,available,,622702259863552.0,61597781262336.0,1318663609122816.0,2002963650248704.0,32768.0,6.032738036356219e+17,8942759936.0,536530944.0,1257972936704.0,235000000000.0,500740912562176.0,1.5081845090890547e+17,2235689984.0,58750000000.0,4.0,2.0,False
"{""task"":""gpqa"",""model_id"":""Qwen/Qwen3-235B-A22B-Thinking-2507-FP8"",""gpu_model"":""H100"",""num_gpus"":8,""max_num_seqs"":128,""tensor_parallel"":1,""expert_parallel"":8,""data_parallel"":1,""seed"":48105,""num_request_repeats"":1}",gpqa,Qwen/Qwen3-235B-A22B-Thinking-2507-FP8,available,,622702259863552.0,61597781262336.0,1318663609122816.0,2002963650248704.0,32768.0,6.032738036356219e+17,8942759936.0,536530944.0,1257972936704.0,235000000000.0,250370456281088.0,7.540922545445274e+16,1117844992.0,29375000000.0,8.0,2.0,False
"{""task"":""gpqa"",""model_id"":""Qwen/Qwen3-235B-A22B-Thinking-2507-FP8"",""gpu_model"":""H100"",""num_gpus"":8,""max_num_seqs"":16,""tensor_parallel"":1,""expert_parallel"":8,""data_parallel"":1,""seed"":48105,""num_request_repeats"":1}",gpqa,Qwen/Qwen3-235B-A22B-Thinking-2507-FP8,available,,622702259863552.0,61597781262336.0,1318663609122816.0,2002963650248704.0,32768.0,6.032738036356219e+17,8942759936.0,536530944.0,1257972936704.0,235000000000.0,250370456281088.0,7.540922545445274e+16,1117844992.0,29375000000.0,8.0,2.0,False
"{""task"":""gpqa"",""model_id"":""Qwen/Qwen3-235B-A22B-Thinking-2507-FP8"",""gpu_model"":""H100"",""num_gpus"":8,""max_num_seqs"":192,""tensor_parallel"":1,""expert_parallel"":8,""data_parallel"":1,""seed"":48105,""num_request_repeats"":2}",gpqa,Qwen/Qwen3-235B-A22B-Thinking-2507-FP8,available,,1245404519727104.0,123195562524672.0,2637327218245632.0,4005927300497408.0,32768.0,1.2065476072712438e+18,17885519872.0,536530944.0,2515945873408.0,235000000000.0,500740912562176.0,1.5081845090890547e+17,2235689984.0,29375000000.0,8.0,2.0,False
"{""task"":""gpqa"",""model_id"":""Qwen/Qwen3-235B-A22B-Thinking-2507-FP8"",""gpu_model"":""H100"",""num_gpus"":8,""max_num_seqs"":256,""tensor_parallel"":1,""expert_parallel"":8,""data_parallel"":1,""seed"":48105,""num_request_repeats"":2}",gpqa,Qwen/Qwen3-235B-A22B-Thinking-2507-FP8,available,,1245404519727104.0,123195562524672.0,2637327218245632.0,4005927300497408.0,32768.0,1.2065476072712438e+18,17885519872.0,536530944.0,2515945873408.0,235000000000.0,500740912562176.0,1.5081845090890547e+17,2235689984.0,29375000000.0,8.0,2.0,False
"{""task"":""gpqa"",""model_id"":""Qwen/Qwen3-235B-A22B-Thinking-2507-FP8"",""gpu_model"":""H100"",""num_gpus"":8,""max_num_seqs"":32,""tensor_parallel"":1,""expert_parallel"":8,""data_parallel"":1,""seed"":48105,""num_request_repeats"":1}",gpqa,Qwen/Qwen3-235B-A22B-Thinking-2507-FP8,available,,622702259863552.0,61597781262336.0,1318663609122816.0,2002963650248704.0,32768.0,6.032738036356219e+17,8942759936.0,536530944.0,1257972936704.0,235000000000.0,250370456281088.0,7.540922545445274e+16,1117844992.0,29375000000.0,8.0,2.0,False
"{""task"":""gpqa"",""model_id"":""Qwen/Qwen3-235B-A22B-Thinking-2507-FP8"",""gpu_model"":""H100"",""num_gpus"":8,""max_num_seqs"":64,""tensor_parallel"":1,""expert_parallel"":8,""data_parallel"":1,""seed"":48105,""num_request_repeats"":1}",gpqa,Qwen/Qwen3-235B-A22B-Thinking-2507-FP8,available,,622702259863552.0,61597781262336.0,1318663609122816.0,2002963650248704.0,32768.0,6.032738036356219e+17,8942759936.0,536530944.0,1257972936704.0,235000000000.0,250370456281088.0,7.540922545445274e+16,1117844992.0,29375000000.0,8.0,2.0,False
"{""task"":""gpqa"",""model_id"":""Qwen/Qwen3-235B-A22B-Thinking-2507-FP8"",""gpu_model"":""H100"",""num_gpus"":8,""max_num_seqs"":8,""tensor_parallel"":1,""expert_parallel"":8,""data_parallel"":1,""seed"":48105,""num_request_repeats"":1}",gpqa,Qwen/Qwen3-235B-A22B-Thinking-2507-FP8,available,,622702259863552.0,61597781262336.0,1318663609122816.0,2002963650248704.0,32768.0,6.032738036356219e+17,8942759936.0,536530944.0,1257972936704.0,235000000000.0,250370456281088.0,7.540922545445274e+16,1117844992.0,29375000000.0,8.0,2.0,False
"{""task"":""gpqa"",""model_id"":""Qwen/Qwen3-235B-A22B-Thinking-2507-FP8"",""gpu_model"":""H100"",""num_gpus"":8,""max_num_seqs"":96,""tensor_parallel"":1,""expert_parallel"":8,""data_parallel"":1,""seed"":48105,""num_request_repeats"":1}",gpqa,Qwen/Qwen3-235B-A22B-Thinking-2507-FP8,available,,622702259863552.0,61597781262336.0,1318663609122816.0,2002963650248704.0,32768.0,6.032738036356219e+17,8942759936.0,536530944.0,1257972936704.0,235000000000.0,250370456281088.0,7.540922545445274e+16,1117844992.0,29375000000.0,8.0,2.0,False
"{""task"":""gpqa"",""model_id"":""Qwen/Qwen3-30B-A3B-Thinking-2507"",""gpu_model"":""B200"",""num_gpus"":1,""max_num_seqs"":1024,""tensor_parallel"":1,""expert_parallel"":1,""data_parallel"":1,""seed"":48105,""num_request_repeats"":6}",gpqa,Qwen/Qwen3-30B-A3B-Thinking-2507,available,,505020105621504.0,94362558529536.0,1010040211243008.0,1609422875394048.0,32768.0,7.20393833765929e+17,27399094272.0,273973248.0,3854214955008.0,60000000000.0,1609422875394048.0,7.20393833765929e+17,27399094272.0,60000000000.0,1.0,2.0,False
"{""task"":""gpqa"",""model_id"":""Qwen/Qwen3-30B-A3B-Thinking-2507"",""gpu_model"":""B200"",""num_gpus"":1,""max_num_seqs"":128,""tensor_parallel"":1,""expert_parallel"":1,""data_parallel"":1,""seed"":48105,""num_request_repeats"":1}",gpqa,Qwen/Qwen3-30B-A3B-Thinking-2507,available,,84170017603584.0,15727093088256.0,168340035207168.0,268237145899008.0,32768.0,1.2006563896098816e+17,4566515712.0,273973248.0,642369159168.0,60000000000.0,268237145899008.0,1.2006563896098816e+17,4566515712.0,60000000000.0,1.0,2.0,False
"{""task"":""gpqa"",""model_id"":""Qwen/Qwen3-30B-A3B-Thinking-2507"",""gpu_model"":""B200"",""num_gpus"":1,""max_num_seqs"":16,""tensor_parallel"":1,""expert_parallel"":1,""data_parallel"":1,""seed"":48105,""num_request_repeats"":1}",gpqa,Qwen/Qwen3-30B-A3B-Thinking-2507,available,,84170017603584.0,15727093088256.0,168340035207168.0,268237145899008.0,32768.0,1.2006563896098816e+17,4566515712.0,273973248.0,642369159168.0,60000000000.0,268237145899008.0,1.2006563896098816e+17,4566515712.0,60000000000.0,1.0,2.0,False
"{""task"":""gpqa"",""model_id"":""Qwen/Qwen3-30B-A3B-Thinking-2507"",""gpu_model"":""B200"",""num_gpus"":1,""max_num_seqs"":256,""tensor_parallel"":1,""expert_parallel"":1,""data_parallel"":1,""seed"":48105,""num_request_repeats"":2}",gpqa,Qwen/Qwen3-30B-A3B-Thinking-2507,available,,168340035207168.0,31454186176512.0,336680070414336.0,536474291798016.0,32768.0,2.4013127792197632e+17,9133031424.0,273973248.0,1284738318336.0,60000000000.0,536474291798016.0,2.4013127792197632e+17,9133031424.0,60000000000.0,1.0,2.0,False
"{""task"":""gpqa"",""model_id"":""Qwen/Qwen3-30B-A3B-Thinking-2507"",""gpu_model"":""B200"",""num_gpus"":1,""max_num_seqs"":32,""tensor_parallel"":1,""expert_parallel"":1,""data_parallel"":1,""seed"":48105,""num_request_repeats"":1}",gpqa,Qwen/Qwen3-30B-A3B-Thinking-2507,available,,84170017603584.0,15727093088256.0,168340035207168.0,268237145899008.0,32768.0,1.2006563896098816e+17,4566515712.0,273973248.0,642369159168.0,60000000000.0,268237145899008.0,1.2006563896098816e+17,4566515712.0,60000000000.0,1.0,2.0,False
"{""task"":""gpqa"",""model_id"":""Qwen/Qwen3-30B-A3B-Thinking-2507"",""gpu_model"":""B200"",""num_gpus"":1,""max_num_seqs"":512,""tensor_parallel"":1,""expert_parallel"":1,""data_parallel"":1,""seed"":48105,""num_request_repeats"":3}",gpqa,Qwen/Qwen3-30B-A3B-Thinking-2507,available,,252510052810752.0,47181279264768.0,505020105621504.0,804711437697024.0,32768.0,3.601969168829645e+17,13699547136.0,273973248.0,1927107477504.0,60000000000.0,804711437697024.0,3.601969168829645e+17,13699547136.0,60000000000.0,1.0,2.0,False
"{""task"":""gpqa"",""model_id"":""Qwen/Qwen3-30B-A3B-Thinking-2507"",""gpu_model"":""B200"",""num_gpus"":1,""max_num_seqs"":64,""tensor_parallel"":1,""expert_parallel"":1,""data_parallel"":1,""seed"":48105,""num_request_repeats"":1}",gpqa,Qwen/Qwen3-30B-A3B-Thinking-2507,available,,84170017603584.0,15727093088256.0,168340035207168.0,268237145899008.0,32768.0,1.2006563896098816e+17,4566515712.0,273973248.0,642369159168.0,60000000000.0,268237145899008.0,1.2006563896098816e+17,4566515712.0,60000000000.0,1.0,2.0,False
"{""task"":""gpqa"",""model_id"":""Qwen/Qwen3-30B-A3B-Thinking-2507"",""gpu_model"":""B200"",""num_gpus"":1,""max_num_seqs"":8,""tensor_parallel"":1,""expert_parallel"":1,""data_parallel"":1,""seed"":48105,""num_request_repeats"":1}",gpqa,Qwen/Qwen3-30B-A3B-Thinking-2507,available,,84170017603584.0,15727093088256.0,168340035207168.0,268237145899008.0,32768.0,1.2006563896098816e+17,4566515712.0,273973248.0,642369159168.0,60000000000.0,268237145899008.0,1.2006563896098816e+17,4566515712.0,60000000000.0,1.0,2.0,False
"{""task"":""gpqa"",""model_id"":""Qwen/Qwen3-30B-A3B-Thinking-2507"",""gpu_model"":""H100"",""num_gpus"":1,""max_num_seqs"":128,""tensor_parallel"":1,""expert_parallel"":1,""data_parallel"":1,""seed"":48105,""num_request_repeats"":1}",gpqa,Qwen/Qwen3-30B-A3B-Thinking-2507,available,,84170017603584.0,15727093088256.0,168340035207168.0,268237145899008.0,32768.0,1.2006563896098816e+17,4566515712.0,273973248.0,642369159168.0,60000000000.0,268237145899008.0,1.2006563896098816e+17,4566515712.0,60000000000.0,1.0,2.0,False
"{""task"":""gpqa"",""model_id"":""Qwen/Qwen3-30B-A3B-Thinking-2507"",""gpu_model"":""H100"",""num_gpus"":1,""max_num_seqs"":16,""tensor_parallel"":1,""expert_parallel"":1,""data_parallel"":1,""seed"":48105,""num_request_repeats"":1}",gpqa,Qwen/Qwen3-30B-A3B-Thinking-2507,available,,84170017603584.0,15727093088256.0,168340035207168.0,268237145899008.0,32768.0,1.2006563896098816e+17,4566515712.0,273973248.0,642369159168.0,60000000000.0,268237145899008.0,1.2006563896098816e+17,4566515712.0,60000000000.0,1.0,2.0,False
"{""task"":""gpqa"",""model_id"":""Qwen/Qwen3-30B-A3B-Thinking-2507"",""gpu_model"":""H100"",""num_gpus"":1,""max_num_seqs"":192,""tensor_parallel"":1,""expert_parallel"":1,""data_parallel"":1,""seed"":48105,""num_request_repeats"":2}",gpqa,Qwen/Qwen3-30B-A3B-Thinking-2507,available,,168340035207168.0,31454186176512.0,336680070414336.0,536474291798016.0,32768.0,2.4013127792197632e+17,9133031424.0,273973248.0,1284738318336.0,60000000000.0,536474291798016.0,2.4013127792197632e+17,9133031424.0,60000000000.0,1.0,2.0,False
"{""task"":""gpqa"",""model_id"":""Qwen/Qwen3-30B-A3B-Thinking-2507"",""gpu_model"":""H100"",""num_gpus"":1,""max_num_seqs"":256,""tensor_parallel"":1,""expert_parallel"":1,""data_parallel"":1,""seed"":48105,""num_request_repeats"":2}",gpqa,Qwen/Qwen3-30B-A3B-Thinking-2507,available,,168340035207168.0,31454186176512.0,336680070414336.0,536474291798016.0,32768.0,2.4013127792197632e+17,9133031424.0,273973248.0,1284738318336.0,60000000000.0,536474291798016.0,2.4013127792197632e+17,9133031424.0,60000000000.0,1.0,2.0,False
"{""task"":""gpqa"",""model_id"":""Qwen/Qwen3-30B-A3B-Thinking-2507"",""gpu_model"":""H100"",""num_gpus"":1,""max_num_seqs"":32,""tensor_parallel"":1,""expert_parallel"":1,""data_parallel"":1,""seed"":48105,""num_request_repeats"":1}",gpqa,Qwen/Qwen3-30B-A3B-Thinking-2507,available,,84170017603584.0,15727093088256.0,168340035207168.0,268237145899008.0,32768.0,1.2006563896098816e+17,4566515712.0,273973248.0,642369159168.0,60000000000.0,268237145899008.0,1.2006563896098816e+17,4566515712.0,60000000000.0,1.0,2.0,False
"{""task"":""gpqa"",""model_id"":""Qwen/Qwen3-30B-A3B-Thinking-2507"",""gpu_model"":""H100"",""num_gpus"":1,""max_num_seqs"":384,""tensor_parallel"":1,""expert_parallel"":1,""data_parallel"":1,""seed"":48105,""num_request_repeats"":3}",gpqa,Qwen/Qwen3-30B-A3B-Thinking-2507,available,,252510052810752.0,47181279264768.0,505020105621504.0,804711437697024.0,32768.0,3.601969168829645e+17,13699547136.0,273973248.0,1927107477504.0,60000000000.0,804711437697024.0,3.601969168829645e+17,13699547136.0,60000000000.0,1.0,2.0,False
"{""task"":""gpqa"",""model_id"":""Qwen/Qwen3-30B-A3B-Thinking-2507"",""gpu_model"":""H100"",""num_gpus"":1,""max_num_seqs"":512,""tensor_parallel"":1,""expert_parallel"":1,""data_parallel"":1,""seed"":48105,""num_request_repeats"":3}",gpqa,Qwen/Qwen3-30B-A3B-Thinking-2507,available,,252510052810752.0,47181279264768.0,505020105621504.0,804711437697024.0,32768.0,3.601969168829645e+17,13699547136.0,273973248.0,1927107477504.0,60000000000.0,804711437697024.0,3.601969168829645e+17,13699547136.0,60000000000.0,1.0,2.0,False
"{""task"":""gpqa"",""model_id"":""Qwen/Qwen3-30B-A3B-Thinking-2507"",""gpu_model"":""H100"",""num_gpus"":1,""max_num_seqs"":64,""tensor_parallel"":1,""expert_parallel"":1,""data_parallel"":1,""seed"":48105,""num_request_repeats"":1}",gpqa,Qwen/Qwen3-30B-A3B-Thinking-2507,available,,84170017603584.0,15727093088256.0,168340035207168.0,268237145899008.0,32768.0,1.2006563896098816e+17,4566515712.0,273973248.0,642369159168.0,60000000000.0,268237145899008.0,1.2006563896098816e+17,4566515712.0,60000000000.0,1.0,2.0,False
"{""task"":""gpqa"",""model_id"":""Qwen/Qwen3-30B-A3B-Thinking-2507"",""gpu_model"":""H100"",""num_gpus"":1,""max_num_seqs"":8,""tensor_parallel"":1,""expert_parallel"":1,""data_parallel"":1,""seed"":48105,""num_request_repeats"":1}",gpqa,Qwen/Qwen3-30B-A3B-Thinking-2507,available,,84170017603584.0,15727093088256.0,168340035207168.0,268237145899008.0,32768.0,1.2006563896098816e+17,4566515712.0,273973248.0,642369159168.0,60000000000.0,268237145899008.0,1.2006563896098816e+17,4566515712.0,60000000000.0,1.0,2.0,False
"{""task"":""gpqa"",""model_id"":""Qwen/Qwen3-30B-A3B-Thinking-2507"",""gpu_model"":""H100"",""num_gpus"":1,""max_num_seqs"":96,""tensor_parallel"":1,""expert_parallel"":1,""data_parallel"":1,""seed"":48105,""num_request_repeats"":1}",gpqa,Qwen/Qwen3-30B-A3B-Thinking-2507,available,,84170017603584.0,15727093088256.0,168340035207168.0,268237145899008.0,32768.0,1.2006563896098816e+17,4566515712.0,273973248.0,642369159168.0,60000000000.0,268237145899008.0,1.2006563896098816e+17,4566515712.0,60000000000.0,1.0,2.0,False
"{""task"":""gpqa"",""model_id"":""Qwen/Qwen3-30B-A3B-Thinking-2507"",""gpu_model"":""H100"",""num_gpus"":2,""max_num_seqs"":128,""tensor_parallel"":1,""expert_parallel"":2,""data_parallel"":1,""seed"":48105,""num_request_repeats"":1}",gpqa,Qwen/Qwen3-30B-A3B-Thinking-2507,available,,84170017603584.0,15727093088256.0,168340035207168.0,268237145899008.0,32768.0,1.2006563896098816e+17,4566515712.0,273973248.0,642369159168.0,60000000000.0,134118572949504.0,6.003281948049408e+16,2283257856.0,30000000000.0,2.0,2.0,False
"{""task"":""gpqa"",""model_id"":""Qwen/Qwen3-30B-A3B-Thinking-2507"",""gpu_model"":""H100"",""num_gpus"":2,""max_num_seqs"":16,""tensor_parallel"":1,""expert_parallel"":2,""data_parallel"":1,""seed"":48105,""num_request_repeats"":1}",gpqa,Qwen/Qwen3-30B-A3B-Thinking-2507,available,,84170017603584.0,15727093088256.0,168340035207168.0,268237145899008.0,32768.0,1.2006563896098816e+17,4566515712.0,273973248.0,642369159168.0,60000000000.0,134118572949504.0,6.003281948049408e+16,2283257856.0,30000000000.0,2.0,2.0,False
"{""task"":""gpqa"",""model_id"":""Qwen/Qwen3-30B-A3B-Thinking-2507"",""gpu_model"":""H100"",""num_gpus"":2,""max_num_seqs"":192,""tensor_parallel"":1,""expert_parallel"":2,""data_parallel"":1,""seed"":48105,""num_request_repeats"":2}",gpqa,Qwen/Qwen3-30B-A3B-Thinking-2507,available,,168340035207168.0,31454186176512.0,336680070414336.0,536474291798016.0,32768.0,2.4013127792197632e+17,9133031424.0,273973248.0,1284738318336.0,60000000000.0,268237145899008.0,1.2006563896098816e+17,4566515712.0,30000000000.0,2.0,2.0,False
"{""task"":""gpqa"",""model_id"":""Qwen/Qwen3-30B-A3B-Thinking-2507"",""gpu_model"":""H100"",""num_gpus"":2,""max_num_seqs"":256,""tensor_parallel"":1,""expert_parallel"":2,""data_parallel"":1,""seed"":48105,""num_request_repeats"":2}",gpqa,Qwen/Qwen3-30B-A3B-Thinking-2507,available,,168340035207168.0,31454186176512.0,336680070414336.0,536474291798016.0,32768.0,2.4013127792197632e+17,9133031424.0,273973248.0,1284738318336.0,60000000000.0,268237145899008.0,1.2006563896098816e+17,4566515712.0,30000000000.0,2.0,2.0,False
"{""task"":""gpqa"",""model_id"":""Qwen/Qwen3-30B-A3B-Thinking-2507"",""gpu_model"":""H100"",""num_gpus"":2,""max_num_seqs"":32,""tensor_parallel"":1,""expert_parallel"":2,""data_parallel"":1,""seed"":48105,""num_request_repeats"":1}",gpqa,Qwen/Qwen3-30B-A3B-Thinking-2507,available,,84170017603584.0,15727093088256.0,168340035207168.0,268237145899008.0,32768.0,1.2006563896098816e+17,4566515712.0,273973248.0,642369159168.0,60000000000.0,134118572949504.0,6.003281948049408e+16,2283257856.0,30000000000.0,2.0,2.0,False
"{""task"":""gpqa"",""model_id"":""Qwen/Qwen3-30B-A3B-Thinking-2507"",""gpu_model"":""H100"",""num_gpus"":2,""max_num_seqs"":384,""tensor_parallel"":1,""expert_parallel"":2,""data_parallel"":1,""seed"":48105,""num_request_repeats"":3}",gpqa,Qwen/Qwen3-30B-A3B-Thinking-2507,available,,252510052810752.0,47181279264768.0,505020105621504.0,804711437697024.0,32768.0,3.601969168829645e+17,13699547136.0,273973248.0,1927107477504.0,60000000000.0,402355718848512.0,1.8009845844148224e+17,6849773568.0,30000000000.0,2.0,2.0,False
"{""task"":""gpqa"",""model_id"":""Qwen/Qwen3-30B-A3B-Thinking-2507"",""gpu_model"":""H100"",""num_gpus"":2,""max_num_seqs"":512,""tensor_parallel"":1,""expert_parallel"":2,""data_parallel"":1,""seed"":48105,""num_request_repeats"":3}",gpqa,Qwen/Qwen3-30B-A3B-Thinking-2507,available,,252510052810752.0,47181279264768.0,505020105621504.0,804711437697024.0,32768.0,3.601969168829645e+17,13699547136.0,273973248.0,1927107477504.0,60000000000.0,402355718848512.0,1.8009845844148224e+17,6849773568.0,30000000000.0,2.0,2.0,False
"{""task"":""gpqa"",""model_id"":""Qwen/Qwen3-30B-A3B-Thinking-2507"",""gpu_model"":""H100"",""num_gpus"":2,""max_num_seqs"":64,""tensor_parallel"":1,""expert_parallel"":2,""data_parallel"":1,""seed"":48105,""num_request_repeats"":1}",gpqa,Qwen/Qwen3-30B-A3B-Thinking-2507,available,,84170017603584.0,15727093088256.0,168340035207168.0,268237145899008.0,32768.0,1.2006563896098816e+17,4566515712.0,273973248.0,642369159168.0,60000000000.0,134118572949504.0,6.003281948049408e+16,2283257856.0,30000000000.0,2.0,2.0,False
"{""task"":""gpqa"",""model_id"":""Qwen/Qwen3-30B-A3B-Thinking-2507"",""gpu_model"":""H100"",""num_gpus"":2,""max_num_seqs"":8,""tensor_parallel"":1,""expert_parallel"":2,""data_parallel"":1,""seed"":48105,""num_request_repeats"":1}",gpqa,Qwen/Qwen3-30B-A3B-Thinking-2507,available,,84170017603584.0,15727093088256.0,168340035207168.0,268237145899008.0,32768.0,1.2006563896098816e+17,4566515712.0,273973248.0,642369159168.0,60000000000.0,134118572949504.0,6.003281948049408e+16,2283257856.0,30000000000.0,2.0,2.0,False
"{""task"":""gpqa"",""model_id"":""Qwen/Qwen3-30B-A3B-Thinking-2507"",""gpu_model"":""H100"",""num_gpus"":2,""max_num_seqs"":96,""tensor_parallel"":1,""expert_parallel"":2,""data_parallel"":1,""seed"":48105,""num_request_repeats"":1}",gpqa,Qwen/Qwen3-30B-A3B-Thinking-2507,available,,84170017603584.0,15727093088256.0,168340035207168.0,268237145899008.0,32768.0,1.2006563896098816e+17,4566515712.0,273973248.0,642369159168.0,60000000000.0,134118572949504.0,6.003281948049408e+16,2283257856.0,30000000000.0,2.0,2.0,False
"{""task"":""gpqa"",""model_id"":""Qwen/Qwen3-32B"",""gpu_model"":""B200"",""num_gpus"":1,""max_num_seqs"":128,""tensor_parallel"":1,""expert_parallel"":1,""data_parallel"":1,""seed"":48105,""num_request_repeats"":1}",gpqa,Qwen/Qwen3-32B,available,,556349930864640.0,41550899838976.0,2318124711936000.0,2916025542639616.0,32768.0,6.310281400004116e+17,12073566208.0,730071040.0,1712880615424.0,64000000000.0,2916025542639616.0,6.310281400004116e+17,12073566208.0,64000000000.0,1.0,2.0,False
"{""task"":""gpqa"",""model_id"":""Qwen/Qwen3-32B"",""gpu_model"":""B200"",""num_gpus"":1,""max_num_seqs"":16,""tensor_parallel"":1,""expert_parallel"":1,""data_parallel"":1,""seed"":48105,""num_request_repeats"":1}",gpqa,Qwen/Qwen3-32B,available,,556349930864640.0,41550899838976.0,2318124711936000.0,2916025542639616.0,32768.0,6.310281400004116e+17,12073566208.0,730071040.0,1712880615424.0,64000000000.0,2916025542639616.0,6.310281400004116e+17,12073566208.0,64000000000.0,1.0,2.0,False
"{""task"":""gpqa"",""model_id"":""Qwen/Qwen3-32B"",""gpu_model"":""B200"",""num_gpus"":1,""max_num_seqs"":256,""tensor_parallel"":1,""expert_parallel"":1,""data_parallel"":1,""seed"":48105,""num_request_repeats"":2}",gpqa,Qwen/Qwen3-32B,available,,1112699861729280.0,83101799677952.0,4636249423872000.0,5832051085279232.0,32768.0,1.2620562800008233e+18,24147132416.0,730071040.0,3425761230848.0,64000000000.0,5832051085279232.0,1.2620562800008233e+18,24147132416.0,64000000000.0,1.0,2.0,False
"{""task"":""gpqa"",""model_id"":""Qwen/Qwen3-32B"",""gpu_model"":""B200"",""num_gpus"":1,""max_num_seqs"":32,""tensor_parallel"":1,""expert_parallel"":1,""data_parallel"":1,""seed"":48105,""num_request_repeats"":1}",gpqa,Qwen/Qwen3-32B,available,,556349930864640.0,41550899838976.0,2318124711936000.0,2916025542639616.0,32768.0,6.310281400004116e+17,12073566208.0,730071040.0,1712880615424.0,64000000000.0,2916025542639616.0,6.310281400004116e+17,12073566208.0,64000000000.0,1.0,2.0,False
"{""task"":""gpqa"",""model_id"":""Qwen/Qwen3-32B"",""gpu_model"":""B200"",""num_gpus"":1,""max_num_seqs"":64,""tensor_parallel"":1,""expert_parallel"":1,""data_parallel"":1,""seed"":48105,""num_request_repeats"":1}",gpqa,Qwen/Qwen3-32B,available,,556349930864640.0,41550899838976.0,2318124711936000.0,2916025542639616.0,32768.0,6.310281400004116e+17,12073566208.0,730071040.0,1712880615424.0,64000000000.0,2916025542639616.0,6.310281400004116e+17,12073566208.0,64000000000.0,1.0,2.0,False
"{""task"":""gpqa"",""model_id"":""Qwen/Qwen3-32B"",""gpu_model"":""B200"",""num_gpus"":1,""max_num_seqs"":8,""tensor_parallel"":1,""expert_parallel"":1,""data_parallel"":1,""seed"":48105,""num_request_repeats"":1}",gpqa,Qwen/Qwen3-32B,available,,556349930864640.0,41550899838976.0,2318124711936000.0,2916025542639616.0,32768.0,6.310281400004116e+17,12073566208.0,730071040.0,1712880615424.0,64000000000.0,2916025542639616.0,6.310281400004116e+17,12073566208.0,64000000000.0,1.0,2.0,False
"{""task"":""gpqa"",""model_id"":""Qwen/Qwen3-32B"",""gpu_model"":""H100"",""num_gpus"":2,""max_num_seqs"":128,""tensor_parallel"":2,""expert_parallel"":1,""data_parallel"":1,""seed"":48105,""num_request_repeats"":1}",gpqa,Qwen/Qwen3-32B,available,,556349930864640.0,41550899838976.0,2318124711936000.0,2916025542639616.0,32768.0,6.310281400004116e+17,12073566208.0,730071040.0,1712880615424.0,64000000000.0,1458012771319808.0,3.155140700002058e+17,6036783104.0,32000000000.0,2.0,2.0,False
"{""task"":""gpqa"",""model_id"":""Qwen/Qwen3-32B"",""gpu_model"":""H100"",""num_gpus"":2,""max_num_seqs"":16,""tensor_parallel"":2,""expert_parallel"":1,""data_parallel"":1,""seed"":48105,""num_request_repeats"":1}",gpqa,Qwen/Qwen3-32B,available,,556349930864640.0,41550899838976.0,2318124711936000.0,2916025542639616.0,32768.0,6.310281400004116e+17,12073566208.0,730071040.0,1712880615424.0,64000000000.0,1458012771319808.0,3.155140700002058e+17,6036783104.0,32000000000.0,2.0,2.0,False
"{""task"":""gpqa"",""model_id"":""Qwen/Qwen3-32B"",""gpu_model"":""H100"",""num_gpus"":2,""max_num_seqs"":192,""tensor_parallel"":2,""expert_parallel"":1,""data_parallel"":1,""seed"":48105,""num_request_repeats"":2}",gpqa,Qwen/Qwen3-32B,available,,1112699861729280.0,83101799677952.0,4636249423872000.0,5832051085279232.0,32768.0,1.2620562800008233e+18,24147132416.0,730071040.0,3425761230848.0,64000000000.0,2916025542639616.0,6.310281400004116e+17,12073566208.0,32000000000.0,2.0,2.0,False
"{""task"":""gpqa"",""model_id"":""Qwen/Qwen3-32B"",""gpu_model"":""H100"",""num_gpus"":2,""max_num_seqs"":256,""tensor_parallel"":2,""expert_parallel"":1,""data_parallel"":1,""seed"":48105,""num_request_repeats"":2}",gpqa,Qwen/Qwen3-32B,available,,1112699861729280.0,83101799677952.0,4636249423872000.0,5832051085279232.0,32768.0,1.2620562800008233e+18,24147132416.0,730071040.0,3425761230848.0,64000000000.0,2916025542639616.0,6.310281400004116e+17,12073566208.0,32000000000.0,2.0,2.0,False
"{""task"":""gpqa"",""model_id"":""Qwen/Qwen3-32B"",""gpu_model"":""H100"",""num_gpus"":2,""max_num_seqs"":32,""tensor_parallel"":2,""expert_parallel"":1,""data_parallel"":1,""seed"":48105,""num_request_repeats"":1}",gpqa,Qwen/Qwen3-32B,available,,556349930864640.0,41550899838976.0,2318124711936000.0,2916025542639616.0,32768.0,6.310281400004116e+17,12073566208.0,730071040.0,1712880615424.0,64000000000.0,1458012771319808.0,3.155140700002058e+17,6036783104.0,32000000000.0,2.0,2.0,False
"{""task"":""gpqa"",""model_id"":""Qwen/Qwen3-32B"",""gpu_model"":""H100"",""num_gpus"":2,""max_num_seqs"":384,""tensor_parallel"":2,""expert_parallel"":1,""data_parallel"":1,""seed"":48105,""num_request_repeats"":3}",gpqa,Qwen/Qwen3-32B,available,,1669049792593920.0,124652699516928.0,6954374135808000.0,8748076627918848.0,32768.0,1.893084420001235e+18,36220698624.0,730071040.0,5138641846272.0,64000000000.0,4374038313959424.0,9.465422100006175e+17,18110349312.0,32000000000.0,2.0,2.0,False
"{""task"":""gpqa"",""model_id"":""Qwen/Qwen3-32B"",""gpu_model"":""H100"",""num_gpus"":2,""max_num_seqs"":512,""tensor_parallel"":2,""expert_parallel"":1,""data_parallel"":1,""seed"":48105,""num_request_repeats"":3}",gpqa,Qwen/Qwen3-32B,available,,1669049792593920.0,124652699516928.0,6954374135808000.0,8748076627918848.0,32768.0,1.893084420001235e+18,36220698624.0,730071040.0,5138641846272.0,64000000000.0,4374038313959424.0,9.465422100006175e+17,18110349312.0,32000000000.0,2.0,2.0,False
"{""task"":""gpqa"",""model_id"":""Qwen/Qwen3-32B"",""gpu_model"":""H100"",""num_gpus"":2,""max_num_seqs"":64,""tensor_parallel"":2,""expert_parallel"":1,""data_parallel"":1,""seed"":48105,""num_request_repeats"":1}",gpqa,Qwen/Qwen3-32B,available,,556349930864640.0,41550899838976.0,2318124711936000.0,2916025542639616.0,32768.0,6.310281400004116e+17,12073566208.0,730071040.0,1712880615424.0,64000000000.0,1458012771319808.0,3.155140700002058e+17,6036783104.0,32000000000.0,2.0,2.0,False
"{""task"":""gpqa"",""model_id"":""Qwen/Qwen3-32B"",""gpu_model"":""H100"",""num_gpus"":2,""max_num_seqs"":8,""tensor_parallel"":2,""expert_parallel"":1,""data_parallel"":1,""seed"":48105,""num_request_repeats"":1}",gpqa,Qwen/Qwen3-32B,available,,556349930864640.0,41550899838976.0,2318124711936000.0,2916025542639616.0,32768.0,6.310281400004116e+17,12073566208.0,730071040.0,1712880615424.0,64000000000.0,1458012771319808.0,3.155140700002058e+17,6036783104.0,32000000000.0,2.0,2.0,False
"{""task"":""gpqa"",""model_id"":""Qwen/Qwen3-32B"",""gpu_model"":""H100"",""num_gpus"":2,""max_num_seqs"":96,""tensor_parallel"":2,""expert_parallel"":1,""data_parallel"":1,""seed"":48105,""num_request_repeats"":1}",gpqa,Qwen/Qwen3-32B,available,,556349930864640.0,41550899838976.0,2318124711936000.0,2916025542639616.0,32768.0,6.310281400004116e+17,12073566208.0,730071040.0,1712880615424.0,64000000000.0,1458012771319808.0,3.155140700002058e+17,6036783104.0,32000000000.0,2.0,2.0,False
"{""task"":""gpqa"",""model_id"":""Qwen/Qwen3-8B"",""gpu_model"":""B200"",""num_gpus"":1,""max_num_seqs"":128,""tensor_parallel"":1,""expert_parallel"":1,""data_parallel"":1,""seed"":48105,""num_request_repeats"":1}",gpqa,Qwen/Qwen3-8B,available,,139087482716160.0,11686190579712.0,500714937778176.0,651488611074048.0,32768.0,1.537197915116667e+17,6791380992.0,410664960.0,963495346176.0,16000000000.0,651488611074048.0,1.537197915116667e+17,6791380992.0,16000000000.0,1.0,2.0,False
"{""task"":""gpqa"",""model_id"":""Qwen/Qwen3-8B"",""gpu_model"":""B200"",""num_gpus"":1,""max_num_seqs"":16,""tensor_parallel"":1,""expert_parallel"":1,""data_parallel"":1,""seed"":48105,""num_request_repeats"":1}",gpqa,Qwen/Qwen3-8B,available,,139087482716160.0,11686190579712.0,500714937778176.0,651488611074048.0,32768.0,1.537197915116667e+17,6791380992.0,410664960.0,963495346176.0,16000000000.0,651488611074048.0,1.537197915116667e+17,6791380992.0,16000000000.0,1.0,2.0,False
"{""task"":""gpqa"",""model_id"":""Qwen/Qwen3-8B"",""gpu_model"":""B200"",""num_gpus"":1,""max_num_seqs"":256,""tensor_parallel"":1,""expert_parallel"":1,""data_parallel"":1,""seed"":48105,""num_request_repeats"":2}",gpqa,Qwen/Qwen3-8B,available,,278174965432320.0,23372381159424.0,1001429875556352.0,1302977222148096.0,32768.0,3.074395830233334e+17,13582761984.0,410664960.0,1926990692352.0,16000000000.0,1302977222148096.0,3.074395830233334e+17,13582761984.0,16000000000.0,1.0,2.0,False
"{""task"":""gpqa"",""model_id"":""Qwen/Qwen3-8B"",""gpu_model"":""B200"",""num_gpus"":1,""max_num_seqs"":32,""tensor_parallel"":1,""expert_parallel"":1,""data_parallel"":1,""seed"":48105,""num_request_repeats"":1}",gpqa,Qwen/Qwen3-8B,available,,139087482716160.0,11686190579712.0,500714937778176.0,651488611074048.0,32768.0,1.537197915116667e+17,6791380992.0,410664960.0,963495346176.0,16000000000.0,651488611074048.0,1.537197915116667e+17,6791380992.0,16000000000.0,1.0,2.0,False
"{""task"":""gpqa"",""model_id"":""Qwen/Qwen3-8B"",""gpu_model"":""B200"",""num_gpus"":1,""max_num_seqs"":64,""tensor_parallel"":1,""expert_parallel"":1,""data_parallel"":1,""seed"":48105,""num_request_repeats"":1}",gpqa,Qwen/Qwen3-8B,available,,139087482716160.0,11686190579712.0,500714937778176.0,651488611074048.0,32768.0,1.537197915116667e+17,6791380992.0,410664960.0,963495346176.0,16000000000.0,651488611074048.0,1.537197915116667e+17,6791380992.0,16000000000.0,1.0,2.0,False
"{""task"":""gpqa"",""model_id"":""Qwen/Qwen3-8B"",""gpu_model"":""B200"",""num_gpus"":1,""max_num_seqs"":8,""tensor_parallel"":1,""expert_parallel"":1,""data_parallel"":1,""seed"":48105,""num_request_repeats"":1}",gpqa,Qwen/Qwen3-8B,available,,139087482716160.0,11686190579712.0,500714937778176.0,651488611074048.0,32768.0,1.537197915116667e+17,6791380992.0,410664960.0,963495346176.0,16000000000.0,651488611074048.0,1.537197915116667e+17,6791380992.0,16000000000.0,1.0,2.0,False
"{""task"":""gpqa"",""model_id"":""Qwen/Qwen3-8B"",""gpu_model"":""H100"",""num_gpus"":1,""max_num_seqs"":128,""tensor_parallel"":1,""expert_parallel"":1,""data_parallel"":1,""seed"":48105,""num_request_repeats"":1}",gpqa,Qwen/Qwen3-8B,available,,139087482716160.0,11686190579712.0,500714937778176.0,651488611074048.0,32768.0,1.537197915116667e+17,6791380992.0,410664960.0,963495346176.0,16000000000.0,651488611074048.0,1.537197915116667e+17,6791380992.0,16000000000.0,1.0,2.0,False
"{""task"":""gpqa"",""model_id"":""Qwen/Qwen3-8B"",""gpu_model"":""H100"",""num_gpus"":1,""max_num_seqs"":16,""tensor_parallel"":1,""expert_parallel"":1,""data_parallel"":1,""seed"":48105,""num_request_repeats"":1}",gpqa,Qwen/Qwen3-8B,available,,139087482716160.0,11686190579712.0,500714937778176.0,651488611074048.0,32768.0,1.537197915116667e+17,6791380992.0,410664960.0,963495346176.0,16000000000.0,651488611074048.0,1.537197915116667e+17,6791380992.0,16000000000.0,1.0,2.0,False
"{""task"":""gpqa"",""model_id"":""Qwen/Qwen3-8B"",""gpu_model"":""H100"",""num_gpus"":1,""max_num_seqs"":192,""tensor_parallel"":1,""expert_parallel"":1,""data_parallel"":1,""seed"":48105,""num_request_repeats"":2}",gpqa,Qwen/Qwen3-8B,available,,278174965432320.0,23372381159424.0,1001429875556352.0,1302977222148096.0,32768.0,3.074395830233334e+17,13582761984.0,410664960.0,1926990692352.0,16000000000.0,1302977222148096.0,3.074395830233334e+17,13582761984.0,16000000000.0,1.0,2.0,False
"{""task"":""gpqa"",""model_id"":""Qwen/Qwen3-8B"",""gpu_model"":""H100"",""num_gpus"":1,""max_num_seqs"":256,""tensor_parallel"":1,""expert_parallel"":1,""data_parallel"":1,""seed"":48105,""num_request_repeats"":2}",gpqa,Qwen/Qwen3-8B,available,,278174965432320.0,23372381159424.0,1001429875556352.0,1302977222148096.0,32768.0,3.074395830233334e+17,13582761984.0,410664960.0,1926990692352.0,16000000000.0,1302977222148096.0,3.074395830233334e+17,13582761984.0,16000000000.0,1.0,2.0,False
"{""task"":""gpqa"",""model_id"":""Qwen/Qwen3-8B"",""gpu_model"":""H100"",""num_gpus"":1,""max_num_seqs"":32,""tensor_parallel"":1,""expert_parallel"":1,""data_parallel"":1,""seed"":48105,""num_request_repeats"":1}",gpqa,Qwen/Qwen3-8B,available,,139087482716160.0,11686190579712.0,500714937778176.0,651488611074048.0,32768.0,1.537197915116667e+17,6791380992.0,410664960.0,963495346176.0,16000000000.0,651488611074048.0,1.537197915116667e+17,6791380992.0,16000000000.0,1.0,2.0,False
"{""task"":""gpqa"",""model_id"":""Qwen/Qwen3-8B"",""gpu_model"":""H100"",""num_gpus"":1,""max_num_seqs"":384,""tensor_parallel"":1,""expert_parallel"":1,""data_parallel"":1,""seed"":48105,""num_request_repeats"":3}",gpqa,Qwen/Qwen3-8B,available,,417262448148480.0,35058571739136.0,1502144813334528.0,1954465833222144.0,32768.0,4.6115937453500006e+17,20374142976.0,410664960.0,2890486038528.0,16000000000.0,1954465833222144.0,4.6115937453500006e+17,20374142976.0,16000000000.0,1.0,2.0,False
"{""task"":""gpqa"",""model_id"":""Qwen/Qwen3-8B"",""gpu_model"":""H100"",""num_gpus"":1,""max_num_seqs"":512,""tensor_parallel"":1,""expert_parallel"":1,""data_parallel"":1,""seed"":48105,""num_request_repeats"":3}",gpqa,Qwen/Qwen3-8B,available,,417262448148480.0,35058571739136.0,1502144813334528.0,1954465833222144.0,32768.0,4.6115937453500006e+17,20374142976.0,410664960.0,2890486038528.0,16000000000.0,1954465833222144.0,4.6115937453500006e+17,20374142976.0,16000000000.0,1.0,2.0,False
"{""task"":""gpqa"",""model_id"":""Qwen/Qwen3-8B"",""gpu_model"":""H100"",""num_gpus"":1,""max_num_seqs"":64,""tensor_parallel"":1,""expert_parallel"":1,""data_parallel"":1,""seed"":48105,""num_request_repeats"":1}",gpqa,Qwen/Qwen3-8B,available,,139087482716160.0,11686190579712.0,500714937778176.0,651488611074048.0,32768.0,1.537197915116667e+17,6791380992.0,410664960.0,963495346176.0,16000000000.0,651488611074048.0,1.537197915116667e+17,6791380992.0,16000000000.0,1.0,2.0,False
"{""task"":""gpqa"",""model_id"":""Qwen/Qwen3-8B"",""gpu_model"":""H100"",""num_gpus"":1,""max_num_seqs"":8,""tensor_parallel"":1,""expert_parallel"":1,""data_parallel"":1,""seed"":48105,""num_request_repeats"":1}",gpqa,Qwen/Qwen3-8B,available,,139087482716160.0,11686190579712.0,500714937778176.0,651488611074048.0,32768.0,1.537197915116667e+17,6791380992.0,410664960.0,963495346176.0,16000000000.0,651488611074048.0,1.537197915116667e+17,6791380992.0,16000000000.0,1.0,2.0,False
"{""task"":""gpqa"",""model_id"":""Qwen/Qwen3-8B"",""gpu_model"":""H100"",""num_gpus"":1,""max_num_seqs"":96,""tensor_parallel"":1,""expert_parallel"":1,""data_parallel"":1,""seed"":48105,""num_request_repeats"":1}",gpqa,Qwen/Qwen3-8B,available,,139087482716160.0,11686190579712.0,500714937778176.0,651488611074048.0,32768.0,1.537197915116667e+17,6791380992.0,410664960.0,963495346176.0,16000000000.0,651488611074048.0,1.537197915116667e+17,6791380992.0,16000000000.0,1.0,2.0,False
"{""task"":""gpqa"",""model_id"":""deepseek-ai/DeepSeek-R1-0528"",""gpu_model"":""B200"",""num_gpus"":8,""max_num_seqs"":128,""tensor_parallel"":1,""expert_parallel"":8,""data_parallel"":1,""seed"":48105,""num_request_repeats"":1}",gpqa,deepseek-ai/DeepSeek-R1-0528,unsupported,unsupported_attention_variant: mla,,,,,,,,,,,,,,,,,
"{""task"":""gpqa"",""model_id"":""deepseek-ai/DeepSeek-R1-0528"",""gpu_model"":""B200"",""num_gpus"":8,""max_num_seqs"":16,""tensor_parallel"":1,""expert_parallel"":8,""data_parallel"":1,""seed"":48105,""num_request_repeats"":1}",gpqa,deepseek-ai/DeepSeek-R1-0528,unsupported,unsupported_attention_variant: mla,,,,,,,,,,,,,,,,,
"{""task"":""gpqa"",""model_id"":""deepseek-ai/DeepSeek-R1-0528"",""gpu_model"":""B200"",""num_gpus"":8,""max_num_seqs"":256,""tensor_parallel"":1,""expert_parallel"":8,""data_parallel"":1,""seed"":48105,""num_request_repeats"":2}",gpqa,deepseek-ai/DeepSeek-R1-0528,unsupported,unsupported_attention_variant: mla,,,,,,,,,,,,,,,,,
"{""task"":""gpqa"",""model_id"":""deepseek-ai/DeepSeek-R1-0528"",""gpu_model"":""B200"",""num_gpus"":8,""max_num_seqs"":32,""tensor_parallel"":1,""expert_parallel"":8,""data_parallel"":1,""seed"":48105,""num_request_repeats"":1}",gpqa,deepseek-ai/DeepSeek-R1-0528,unsupported,unsupported_attention_variant: mla,,,,,,,,,,,,,,,,,
"{""task"":""gpqa"",""model_id"":""deepseek-ai/DeepSeek-R1-0528"",""gpu_model"":""B200"",""num_gpus"":8,""max_num_seqs"":64,""tensor_parallel"":1,""expert_parallel"":8,""data_parallel"":1,""seed"":48105,""num_request_repeats"":1}",gpqa,deepseek-ai/DeepSeek-R1-0528,unsupported,unsupported_attention_variant: mla,,,,,,,,,,,,,,,,,
"{""task"":""gpqa"",""model_id"":""deepseek-ai/DeepSeek-R1-0528"",""gpu_model"":""B200"",""num_gpus"":8,""max_num_seqs"":8,""tensor_parallel"":1,""expert_parallel"":8,""data_parallel"":1,""seed"":48105,""num_request_repeats"":1}",gpqa,deepseek-ai/DeepSeek-R1-0528,unsupported,unsupported_attention_variant: mla,,,,,,,,,,,,,,,,,
"{""task"":""gpqa"",""model_id"":""deepseek-ai/DeepSeek-V3.1"",""gpu_model"":""B200"",""num_gpus"":8,""max_num_seqs"":128,""tensor_parallel"":1,""expert_parallel"":8,""data_parallel"":1,""seed"":48105,""num_request_repeats"":1}",gpqa,deepseek-ai/DeepSeek-V3.1,unsupported,unsupported_attention_variant: mla,,,,,,,,,,,,,,,,,
"{""task"":""gpqa"",""model_id"":""deepseek-ai/DeepSeek-V3.1"",""gpu_model"":""B200"",""num_gpus"":8,""max_num_seqs"":16,""tensor_parallel"":1,""expert_parallel"":8,""data_parallel"":1,""seed"":48105,""num_request_repeats"":1}",gpqa,deepseek-ai/DeepSeek-V3.1,unsupported,unsupported_attention_variant: mla,,,,,,,,,,,,,,,,,
"{""task"":""gpqa"",""model_id"":""deepseek-ai/DeepSeek-V3.1"",""gpu_model"":""B200"",""num_gpus"":8,""max_num_seqs"":256,""tensor_parallel"":1,""expert_parallel"":8,""data_parallel"":1,""seed"":48105,""num_request_repeats"":2}",gpqa,deepseek-ai/DeepSeek-V3.1,unsupported,unsupported_attention_variant: mla,,,,,,,,,,,,,,,,,
"{""task"":""gpqa"",""model_id"":""deepseek-ai/DeepSeek-V3.1"",""gpu_model"":""B200"",""num_gpus"":8,""max_num_seqs"":32,""tensor_parallel"":1,""expert_parallel"":8,""data_parallel"":1,""seed"":48105,""num_request_repeats"":1}",gpqa,deepseek-ai/DeepSeek-V3.1,unsupported,unsupported_attention_variant: mla,,,,,,,,,,,,,,,,,
"{""task"":""gpqa"",""model_id"":""deepseek-ai/DeepSeek-V3.1"",""gpu_model"":""B200"",""num_gpus"":8,""max_num_seqs"":64,""tensor_parallel"":1,""expert_parallel"":8,""data_parallel"":1,""seed"":48105,""num_request_repeats"":1}",gpqa,deepseek-ai/DeepSeek-V3.1,unsupported,unsupported_attention_variant: mla,,,,,,,,,,,,,,,,,
"{""task"":""gpqa"",""model_id"":""deepseek-ai/DeepSeek-V3.1"",""gpu_model"":""B200"",""num_gpus"":8,""max_num_seqs"":8,""tensor_parallel"":1,""expert_parallel"":8,""data_parallel"":1,""seed"":48105,""num_request_repeats"":1}",gpqa,deepseek-ai/DeepSeek-V3.1,unsupported,unsupported_attention_variant: mla,,,,,,,,,,,,,,,,,
"{""task"":""gpqa"",""model_id"":""nvidia/NVIDIA-Nemotron-Nano-12B-v2"",""gpu_model"":""B200"",""num_gpus"":1,""max_num_seqs"":128,""tensor_parallel"":1,""expert_parallel"":1,""data_parallel"":1,""seed"":48105,""num_request_repeats"":1}",gpqa,nvidia/NVIDIA-Nemotron-Nano-12B-v2,unsupported,unsupported_attention_variant: hybrid,,,,,,,,,,,,,,,,,
"{""task"":""gpqa"",""model_id"":""nvidia/NVIDIA-Nemotron-Nano-12B-v2"",""gpu_model"":""B200"",""num_gpus"":1,""max_num_seqs"":16,""tensor_parallel"":1,""expert_parallel"":1,""data_parallel"":1,""seed"":48105,""num_request_repeats"":1}",gpqa,nvidia/NVIDIA-Nemotron-Nano-12B-v2,unsupported,unsupported_attention_variant: hybrid,,,,,,,,,,,,,,,,,
"{""task"":""gpqa"",""model_id"":""nvidia/NVIDIA-Nemotron-Nano-12B-v2"",""gpu_model"":""B200"",""num_gpus"":1,""max_num_seqs"":256,""tensor_parallel"":1,""expert_parallel"":1,""data_parallel"":1,""seed"":48105,""num_request_repeats"":2}",gpqa,nvidia/NVIDIA-Nemotron-Nano-12B-v2,unsupported,unsupported_attention_variant: hybrid,,,,,,,,,,,,,,,,,
"{""task"":""gpqa"",""model_id"":""nvidia/NVIDIA-Nemotron-Nano-12B-v2"",""gpu_model"":""B200"",""num_gpus"":1,""max_num_seqs"":32,""tensor_parallel"":1,""expert_parallel"":1,""data_parallel"":1,""seed"":48105,""num_request_repeats"":1}",gpqa,nvidia/NVIDIA-Nemotron-Nano-12B-v2,unsupported,unsupported_attention_variant: hybrid,,,,,,,,,,,,,,,,,
"{""task"":""gpqa"",""model_id"":""nvidia/NVIDIA-Nemotron-Nano-12B-v2"",""gpu_model"":""B200"",""num_gpus"":1,""max_num_seqs"":64,""tensor_parallel"":1,""expert_parallel"":1,""data_parallel"":1,""seed"":48105,""num_request_repeats"":1}",gpqa,nvidia/NVIDIA-Nemotron-Nano-12B-v2,unsupported,unsupported_attention_variant: hybrid,,,,,,,,,,,,,,,,,
"{""task"":""gpqa"",""model_id"":""nvidia/NVIDIA-Nemotron-Nano-12B-v2"",""gpu_model"":""B200"",""num_gpus"":1,""max_num_seqs"":8,""tensor_parallel"":1,""expert_parallel"":1,""data_parallel"":1,""seed"":48105,""num_request_repeats"":1}",gpqa,nvidia/NVIDIA-Nemotron-Nano-12B-v2,unsupported,unsupported_attention_variant: hybrid,,,,,,,,,,,,,,,,,
"{""task"":""gpqa"",""model_id"":""nvidia/NVIDIA-Nemotron-Nano-12B-v2"",""gpu_model"":""H100"",""num_gpus"":1,""max_num_seqs"":128,""tensor_parallel"":1,""expert_parallel"":1,""data_parallel"":1,""seed"":48105,""num_request_repeats"":1}",gpqa,nvidia/NVIDIA-Nemotron-Nano-12B-v2,unsupported,unsupported_attention_variant: hybrid,,,,,,,,,,,,,,,,,
"{""task"":""gpqa"",""model_id"":""nvidia/NVIDIA-Nemotron-Nano-12B-v2"",""gpu_model"":""H100"",""num_gpus"":1,""max_num_seqs"":16,""tensor_parallel"":1,""expert_parallel"":1,""data_parallel"":1,""seed"":48105,""num_request_repeats"":1}",gpqa,nvidia/NVIDIA-Nemotron-Nano-12B-v2,unsupported,unsupported_attention_variant: hybrid,,,,,,,,,,,,,,,,,
"{""task"":""gpqa"",""model_id"":""nvidia/NVIDIA-Nemotron-Nano-12B-v2"",""gpu_model"":""H100"",""num_gpus"":1,""max_num_seqs"":192,""tensor_parallel"":1,""expert_parallel"":1,""data_parallel"":1,""seed"":48105,""num_request_repeats"":1}",gpqa,nvidia/NVIDIA-Nemotron-Nano-12B-v2,unsupported,unsupported_attention_variant: hybrid,,,,,,,,,,,,,,,,,
"{""task"":""gpqa"",""model_id"":""nvidia/NVIDIA-Nemotron-Nano-12B-v2"",""gpu_model"":""H100"",""num_gpus"":1,""max_num_seqs"":256,""tensor_parallel"":1,""expert_parallel"":1,""data_parallel"":1,""seed"":48105,""num_request_repeats"":2}",gpqa,nvidia/NVIDIA-Nemotron-Nano-12B-v2,unsupported,unsupported_attention_variant: hybrid,,,,,,,,,,,,,,,,,
"{""task"":""gpqa"",""model_id"":""nvidia/NVIDIA-Nemotron-Nano-12B-v2"",""gpu_model"":""H100"",""num_gpus"":1,""max_num_seqs"":32,""tensor_parallel"":1,""expert_parallel"":1,""data_parallel"":1,""seed"":48105,""num_request_repeats"":1}",gpqa,nvidia/NVIDIA-Nemotron-Nano-12B-v2,unsupported,unsupported_attention_variant: hybrid,,,,,,,,,,,,,,,,,
"{""task"":""gpqa"",""model_id"":""nvidia/NVIDIA-Nemotron-Nano-12B-v2"",""gpu_model"":""H100"",""num_gpus"":1,""max_num_seqs"":384,""tensor_parallel"":1,""expert_parallel"":1,""data_parallel"":1,""seed"":48105,""num_request_repeats"":3}",gpqa,nvidia/NVIDIA-Nemotron-Nano-12B-v2,unsupported,unsupported_attention_variant: hybrid,,,,,,,,,,,,,,,,,
"{""task"":""gpqa"",""model_id"":""nvidia/NVIDIA-Nemotron-Nano-12B-v2"",""gpu_model"":""H100"",""num_gpus"":1,""max_num_seqs"":64,""tensor_parallel"":1,""expert_parallel"":1,""data_parallel"":1,""seed"":48105,""num_request_repeats"":1}",gpqa,nvidia/NVIDIA-Nemotron-Nano-12B-v2,unsupported,unsupported_attention_variant: hybrid,,,,,,,,,,,,,,,,,
"{""task"":""gpqa"",""model_id"":""nvidia/NVIDIA-Nemotron-Nano-12B-v2"",""gpu_model"":""H100"",""num_gpus"":1,""max_num_seqs"":8,""tensor_parallel"":1,""expert_parallel"":1,""data_parallel"":1,""seed"":48105,""num_request_repeats"":1}",gpqa,nvidia/NVIDIA-Nemotron-Nano-12B-v2,unsupported,unsupported_attention_variant: hybrid,,,,,,,,,,,,,,,,,
"{""task"":""gpqa"",""model_id"":""nvidia/NVIDIA-Nemotron-Nano-12B-v2"",""gpu_model"":""H100"",""num_gpus"":1,""max_num_seqs"":96,""tensor_parallel"":1,""expert_parallel"":1,""data_parallel"":1,""seed"":48105,""num_request_repeats"":1}",gpqa,nvidia/NVIDIA-Nemotron-Nano-12B-v2,unsupported,unsupported_attention_variant: hybrid,,,,,,,,,,,,,,,,,
"{""task"":""gpqa"",""model_id"":""nvidia/NVIDIA-Nemotron-Nano-9B-v2"",""gpu_model"":""B200"",""num_gpus"":1,""max_num_seqs"":128,""tensor_parallel"":1,""expert_parallel"":1,""data_parallel"":1,""seed"":48105,""num_request_repeats"":1}",gpqa,nvidia/NVIDIA-Nemotron-Nano-9B-v2,unsupported,unsupported_attention_variant: hybrid,,,,,,,,,,,,,,,,,
"{""task"":""gpqa"",""model_id"":""nvidia/NVIDIA-Nemotron-Nano-9B-v2"",""gpu_model"":""B200"",""num_gpus"":1,""max_num_seqs"":16,""tensor_parallel"":1,""expert_parallel"":1,""data_parallel"":1,""seed"":48105,""num_request_repeats"":1}",gpqa,nvidia/NVIDIA-Nemotron-Nano-9B-v2,unsupported,unsupported_attention_variant: hybrid,,,,,,,,,,,,,,,,,
"{""task"":""gpqa"",""model_id"":""nvidia/NVIDIA-Nemotron-Nano-9B-v2"",""gpu_model"":""B200"",""num_gpus"":1,""max_num_seqs"":256,""tensor_parallel"":1,""expert_parallel"":1,""data_parallel"":1,""seed"":48105,""num_request_repeats"":2}",gpqa,nvidia/NVIDIA-Nemotron-Nano-9B-v2,unsupported,unsupported_attention_variant: hybrid,,,,,,,,,,,,,,,,,
"{""task"":""gpqa"",""model_id"":""nvidia/NVIDIA-Nemotron-Nano-9B-v2"",""gpu_model"":""B200"",""num_gpus"":1,""max_num_seqs"":32,""tensor_parallel"":1,""expert_parallel"":1,""data_parallel"":1,""seed"":48105,""num_request_repeats"":1}",gpqa,nvidia/NVIDIA-Nemotron-Nano-9B-v2,unsupported,unsupported_attention_variant: hybrid,,,,,,,,,,,,,,,,,
"{""task"":""gpqa"",""model_id"":""nvidia/NVIDIA-Nemotron-Nano-9B-v2"",""gpu_model"":""B200"",""num_gpus"":1,""max_num_seqs"":512,""tensor_parallel"":1,""expert_parallel"":1,""data_parallel"":1,""seed"":48105,""num_request_repeats"":3}",gpqa,nvidia/NVIDIA-Nemotron-Nano-9B-v2,unsupported,unsupported_attention_variant: hybrid,,,,,,,,,,,,,,,,,
"{""task"":""gpqa"",""model_id"":""nvidia/NVIDIA-Nemotron-Nano-9B-v2"",""gpu_model"":""B200"",""num_gpus"":1,""max_num_seqs"":64,""tensor_parallel"":1,""expert_parallel"":1,""data_parallel"":1,""seed"":48105,""num_request_repeats"":1}",gpqa,nvidia/NVIDIA-Nemotron-Nano-9B-v2,unsupported,unsupported_attention_variant: hybrid,,,,,,,,,,,,,,,,,
"{""task"":""gpqa"",""model_id"":""nvidia/NVIDIA-Nemotron-Nano-9B-v2"",""gpu_model"":""B200"",""num_gpus"":1,""max_num_seqs"":8,""tensor_parallel"":1,""expert_parallel"":1,""data_parallel"":1,""seed"":48105,""num_request_repeats"":1}",gpqa,nvidia/NVIDIA-Nemotron-Nano-9B-v2,unsupported,unsupported_attention_variant: hybrid,,,,,,,,,,,,,,,,,
"{""task"":""gpqa"",""model_id"":""nvidia/NVIDIA-Nemotron-Nano-9B-v2"",""gpu_model"":""H100"",""num_gpus"":1,""max_num_seqs"":128,""tensor_parallel"":1,""expert_parallel"":1,""data_parallel"":1,""seed"":48105,""num_request_repeats"":1}",gpqa,nvidia/NVIDIA-Nemotron-Nano-9B-v2,unsupported,unsupported_attention_variant: hybrid,,,,,,,,,,,,,,,,,
"{""task"":""gpqa"",""model_id"":""nvidia/NVIDIA-Nemotron-Nano-9B-v2"",""gpu_model"":""H100"",""num_gpus"":1,""max_num_seqs"":16,""tensor_parallel"":1,""expert_parallel"":1,""data_parallel"":1,""seed"":48105,""num_request_repeats"":1}",gpqa,nvidia/NVIDIA-Nemotron-Nano-9B-v2,unsupported,unsupported_attention_variant: hybrid,,,,,,,,,,,,,,,,,
"{""task"":""gpqa"",""model_id"":""nvidia/NVIDIA-Nemotron-Nano-9B-v2"",""gpu_model"":""H100"",""num_gpus"":1,""max_num_seqs"":192,""tensor_parallel"":1,""expert_parallel"":1,""data_parallel"":1,""seed"":48105,""num_request_repeats"":2}",gpqa,nvidia/NVIDIA-Nemotron-Nano-9B-v2,unsupported,unsupported_attention_variant: hybrid,,,,,,,,,,,,,,,,,
"{""task"":""gpqa"",""model_id"":""nvidia/NVIDIA-Nemotron-Nano-9B-v2"",""gpu_model"":""H100"",""num_gpus"":1,""max_num_seqs"":256,""tensor_parallel"":1,""expert_parallel"":1,""data_parallel"":1,""seed"":48105,""num_request_repeats"":2}",gpqa,nvidia/NVIDIA-Nemotron-Nano-9B-v2,unsupported,unsupported_attention_variant: hybrid,,,,,,,,,,,,,,,,,
"{""task"":""gpqa"",""model_id"":""nvidia/NVIDIA-Nemotron-Nano-9B-v2"",""gpu_model"":""H100"",""num_gpus"":1,""max_num_seqs"":32,""tensor_parallel"":1,""expert_parallel"":1,""data_parallel"":1,""seed"":48105,""num_request_repeats"":1}",gpqa,nvidia/NVIDIA-Nemotron-Nano-9B-v2,unsupported,unsupported_attention_variant: hybrid,,,,,,,,,,,,,,,,,
"{""task"":""gpqa"",""model_id"":""nvidia/NVIDIA-Nemotron-Nano-9B-v2"",""gpu_model"":""H100"",""num_gpus"":1,""max_num_seqs"":384,""tensor_parallel"":1,""expert_parallel"":1,""data_parallel"":1,""seed"":48105,""num_request_repeats"":3}",gpqa,nvidia/NVIDIA-Nemotron-Nano-9B-v2,unsupported,unsupported_attention_variant: hybrid,,,,,,,,,,,,,,,,,
"{""task"":""gpqa"",""model_id"":""nvidia/NVIDIA-Nemotron-Nano-9B-v2"",""gpu_model"":""H100"",""num_gpus"":1,""max_num_seqs"":64,""tensor_parallel"":1,""expert_parallel"":1,""data_parallel"":1,""seed"":48105,""num_request_repeats"":1}",gpqa,nvidia/NVIDIA-Nemotron-Nano-9B-v2,unsupported,unsupported_attention_variant: hybrid,,,,,,,,,,,,,,,,,
"{""task"":""gpqa"",""model_id"":""nvidia/NVIDIA-Nemotron-Nano-9B-v2"",""gpu_model"":""H100"",""num_gpus"":1,""max_num_seqs"":8,""tensor_parallel"":1,""expert_parallel"":1,""data_parallel"":1,""seed"":48105,""num_request_repeats"":1}",gpqa,nvidia/NVIDIA-Nemotron-Nano-9B-v2,unsupported,unsupported_attention_variant: hybrid,,,,,,,,,,,,,,,,,
"{""task"":""gpqa"",""model_id"":""nvidia/NVIDIA-Nemotron-Nano-9B-v2"",""gpu_model"":""H100"",""num_gpus"":1,""max_num_seqs"":96,""tensor_parallel"":1,""expert_parallel"":1,""data_parallel"":1,""seed"":48105,""num_request_repeats"":1}",gpqa,nvidia/NVIDIA-Nemotron-Nano-9B-v2,unsupported,unsupported_attention_variant: hybrid,,,,,,,,,,,,,,,,,
"{""task"":""gpqa"",""model_id"":""openai/gpt-oss-120b"",""gpu_model"":""B200"",""num_gpus"":1,""max_num_seqs"":1024,""tensor_parallel"":1,""expert_parallel"":1,""data_parallel"":1,""seed"":48105,""num_request_repeats"":6}",gpqa,openai/gpt-oss-120b,missing,effective_workload_unresolved: unresolved_vllm_harmony_path: v0.11.1 bypasses the Hugging Face chat template and the container-resolved openai-harmony version is not recorded,,,,,,,,,,,,,,,,,
"{""task"":""gpqa"",""model_id"":""openai/gpt-oss-120b"",""gpu_model"":""B200"",""num_gpus"":1,""max_num_seqs"":128,""tensor_parallel"":1,""expert_parallel"":1,""data_parallel"":1,""seed"":48105,""num_request_repeats"":2}",gpqa,openai/gpt-oss-120b,missing,effective_workload_unresolved: unresolved_vllm_harmony_path: v0.11.1 bypasses the Hugging Face chat template and the container-resolved openai-harmony version is not recorded,,,,,,,,,,,,,,,,,
"{""task"":""gpqa"",""model_id"":""openai/gpt-oss-120b"",""gpu_model"":""B200"",""num_gpus"":1,""max_num_seqs"":16,""tensor_parallel"":1,""expert_parallel"":1,""data_parallel"":1,""seed"":48105,""num_request_repeats"":1}",gpqa,openai/gpt-oss-120b,missing,effective_workload_unresolved: unresolved_vllm_harmony_path: v0.11.1 bypasses the Hugging Face chat template and the container-resolved openai-harmony version is not recorded,,,,,,,,,,,,,,,,,
"{""task"":""gpqa"",""model_id"":""openai/gpt-oss-120b"",""gpu_model"":""B200"",""num_gpus"":1,""max_num_seqs"":2048,""tensor_parallel"":1,""expert_parallel"":1,""data_parallel"":1,""seed"":48105,""num_request_repeats"":12}",gpqa,openai/gpt-oss-120b,missing,effective_workload_unresolved: unresolved_vllm_harmony_path: v0.11.1 bypasses the Hugging Face chat template and the container-resolved openai-harmony version is not recorded,,,,,,,,,,,,,,,,,
"{""task"":""gpqa"",""model_id"":""openai/gpt-oss-120b"",""gpu_model"":""B200"",""num_gpus"":1,""max_num_seqs"":256,""tensor_parallel"":1,""expert_parallel"":1,""data_parallel"":1,""seed"":48105,""num_request_repeats"":3}",gpqa,openai/gpt-oss-120b,missing,effective_workload_unresolved: unresolved_vllm_harmony_path: v0.11.1 bypasses the Hugging Face chat template and the container-resolved openai-harmony version is not recorded,,,,,,,,,,,,,,,,,
"{""task"":""gpqa"",""model_id"":""openai/gpt-oss-120b"",""gpu_model"":""B200"",""num_gpus"":1,""max_num_seqs"":3072,""tensor_parallel"":1,""expert_parallel"":1,""data_parallel"":1,""seed"":48105,""num_request_repeats"":18}",gpqa,openai/gpt-oss-120b,missing,effective_workload_unresolved: unresolved_vllm_harmony_path: v0.11.1 bypasses the Hugging Face chat template and the container-resolved openai-harmony version is not recorded,,,,,,,,,,,,,,,,,
"{""task"":""gpqa"",""model_id"":""openai/gpt-oss-120b"",""gpu_model"":""B200"",""num_gpus"":1,""max_num_seqs"":32,""tensor_parallel"":1,""expert_parallel"":1,""data_parallel"":1,""seed"":48105,""num_request_repeats"":1}",gpqa,openai/gpt-oss-120b,missing,effective_workload_unresolved: unresolved_vllm_harmony_path: v0.11.1 bypasses the Hugging Face chat template and the container-resolved openai-harmony version is not recorded,,,,,,,,,,,,,,,,,
"{""task"":""gpqa"",""model_id"":""openai/gpt-oss-120b"",""gpu_model"":""B200"",""num_gpus"":1,""max_num_seqs"":4096,""tensor_parallel"":1,""expert_parallel"":1,""data_parallel"":1,""seed"":48105,""num_request_repeats"":24}",gpqa,openai/gpt-oss-120b,missing,effective_workload_unresolved: unresolved_vllm_harmony_path: v0.11.1 bypasses the Hugging Face chat template and the container-resolved openai-harmony version is not recorded,,,,,,,,,,,,,,,,,
"{""task"":""gpqa"",""model_id"":""openai/gpt-oss-120b"",""gpu_model"":""B200"",""num_gpus"":1,""max_num_seqs"":512,""tensor_parallel"":1,""expert_parallel"":1,""data_parallel"":1,""seed"":48105,""num_request_repeats"":4}",gpqa,openai/gpt-oss-120b,missing,effective_workload_unresolved: unresolved_vllm_harmony_path: v0.11.1 bypasses the Hugging Face chat template and the container-resolved openai-harmony version is not recorded,,,,,,,,,,,,,,,,,
"{""task"":""gpqa"",""model_id"":""openai/gpt-oss-120b"",""gpu_model"":""B200"",""num_gpus"":1,""max_num_seqs"":64,""tensor_parallel"":1,""expert_parallel"":1,""data_parallel"":1,""seed"":48105,""num_request_repeats"":1}",gpqa,openai/gpt-oss-120b,missing,effective_workload_unresolved: unresolved_vllm_harmony_path: v0.11.1 bypasses the Hugging Face chat template and the container-resolved openai-harmony version is not recorded,,,,,,,,,,,,,,,,,
"{""task"":""gpqa"",""model_id"":""openai/gpt-oss-120b"",""gpu_model"":""B200"",""num_gpus"":1,""max_num_seqs"":8,""tensor_parallel"":1,""expert_parallel"":1,""data_parallel"":1,""seed"":48105,""num_request_repeats"":1}",gpqa,openai/gpt-oss-120b,missing,effective_workload_unresolved: unresolved_vllm_harmony_path: v0.11.1 bypasses the Hugging Face chat template and the container-resolved openai-harmony version is not recorded,,,,,,,,,,,,,,,,,
"{""task"":""gpqa"",""model_id"":""openai/gpt-oss-120b"",""gpu_model"":""B200"",""num_gpus"":2,""max_num_seqs"":1024,""tensor_parallel"":2,""expert_parallel"":1,""data_parallel"":1,""seed"":48105,""num_request_repeats"":7}",gpqa,openai/gpt-oss-120b,missing,effective_workload_unresolved: unresolved_vllm_harmony_path: v0.11.1 bypasses the Hugging Face chat template and the container-resolved openai-harmony version is not recorded,,,,,,,,,,,,,,,,,
"{""task"":""gpqa"",""model_id"":""openai/gpt-oss-120b"",""gpu_model"":""B200"",""num_gpus"":2,""max_num_seqs"":128,""tensor_parallel"":2,""expert_parallel"":1,""data_parallel"":1,""seed"":48105,""num_request_repeats"":2}",gpqa,openai/gpt-oss-120b,missing,effective_workload_unresolved: unresolved_vllm_harmony_path: v0.11.1 bypasses the Hugging Face chat template and the container-resolved openai-harmony version is not recorded,,,,,,,,,,,,,,,,,
"{""task"":""gpqa"",""model_id"":""openai/gpt-oss-120b"",""gpu_model"":""B200"",""num_gpus"":2,""max_num_seqs"":16,""tensor_parallel"":2,""expert_parallel"":1,""data_parallel"":1,""seed"":48105,""num_request_repeats"":1}",gpqa,openai/gpt-oss-120b,missing,effective_workload_unresolved: unresolved_vllm_harmony_path: v0.11.1 bypasses the Hugging Face chat template and the container-resolved openai-harmony version is not recorded,,,,,,,,,,,,,,,,,
"{""task"":""gpqa"",""model_id"":""openai/gpt-oss-120b"",""gpu_model"":""B200"",""num_gpus"":2,""max_num_seqs"":2048,""tensor_parallel"":2,""expert_parallel"":1,""data_parallel"":1,""seed"":48105,""num_request_repeats"":12}",gpqa,openai/gpt-oss-120b,missing,effective_workload_unresolved: unresolved_vllm_harmony_path: v0.11.1 bypasses the Hugging Face chat template and the container-resolved openai-harmony version is not recorded,,,,,,,,,,,,,,,,,
"{""task"":""gpqa"",""model_id"":""openai/gpt-oss-120b"",""gpu_model"":""B200"",""num_gpus"":2,""max_num_seqs"":256,""tensor_parallel"":2,""expert_parallel"":1,""data_parallel"":1,""seed"":48105,""num_request_repeats"":3}",gpqa,openai/gpt-oss-120b,missing,effective_workload_unresolved: unresolved_vllm_harmony_path: v0.11.1 bypasses the Hugging Face chat template and the container-resolved openai-harmony version is not recorded,,,,,,,,,,,,,,,,,
"{""task"":""gpqa"",""model_id"":""openai/gpt-oss-120b"",""gpu_model"":""B200"",""num_gpus"":2,""max_num_seqs"":3072,""tensor_parallel"":2,""expert_parallel"":1,""data_parallel"":1,""seed"":48105,""num_request_repeats"":18}",gpqa,openai/gpt-oss-120b,missing,effective_workload_unresolved: unresolved_vllm_harmony_path: v0.11.1 bypasses the Hugging Face chat template and the container-resolved openai-harmony version is not recorded,,,,,,,,,,,,,,,,,
"{""task"":""gpqa"",""model_id"":""openai/gpt-oss-120b"",""gpu_model"":""B200"",""num_gpus"":2,""max_num_seqs"":32,""tensor_parallel"":2,""expert_parallel"":1,""data_parallel"":1,""seed"":48105,""num_request_repeats"":1}",gpqa,openai/gpt-oss-120b,missing,effective_workload_unresolved: unresolved_vllm_harmony_path: v0.11.1 bypasses the Hugging Face chat template and the container-resolved openai-harmony version is not recorded,,,,,,,,,,,,,,,,,
"{""task"":""gpqa"",""model_id"":""openai/gpt-oss-120b"",""gpu_model"":""B200"",""num_gpus"":2,""max_num_seqs"":4096,""tensor_parallel"":2,""expert_parallel"":1,""data_parallel"":1,""seed"":48105,""num_request_repeats"":24}",gpqa,openai/gpt-oss-120b,missing,effective_workload_unresolved: unresolved_vllm_harmony_path: v0.11.1 bypasses the Hugging Face chat template and the container-resolved openai-harmony version is not recorded,,,,,,,,,,,,,,,,,
"{""task"":""gpqa"",""model_id"":""openai/gpt-oss-120b"",""gpu_model"":""B200"",""num_gpus"":2,""max_num_seqs"":512,""tensor_parallel"":2,""expert_parallel"":1,""data_parallel"":1,""seed"":48105,""num_request_repeats"":4}",gpqa,openai/gpt-oss-120b,missing,effective_workload_unresolved: unresolved_vllm_harmony_path: v0.11.1 bypasses the Hugging Face chat template and the container-resolved openai-harmony version is not recorded,,,,,,,,,,,,,,,,,
"{""task"":""gpqa"",""model_id"":""openai/gpt-oss-120b"",""gpu_model"":""B200"",""num_gpus"":2,""max_num_seqs"":64,""tensor_parallel"":2,""expert_parallel"":1,""data_parallel"":1,""seed"":48105,""num_request_repeats"":1}",gpqa,openai/gpt-oss-120b,missing,effective_workload_unresolved: unresolved_vllm_harmony_path: v0.11.1 bypasses the Hugging Face chat template and the container-resolved openai-harmony version is not recorded,,,,,,,,,,,,,,,,,
"{""task"":""gpqa"",""model_id"":""openai/gpt-oss-120b"",""gpu_model"":""B200"",""num_gpus"":2,""max_num_seqs"":8,""tensor_parallel"":2,""expert_parallel"":1,""data_parallel"":1,""seed"":48105,""num_request_repeats"":1}",gpqa,openai/gpt-oss-120b,missing,effective_workload_unresolved: unresolved_vllm_harmony_path: v0.11.1 bypasses the Hugging Face chat template and the container-resolved openai-harmony version is not recorded,,,,,,,,,,,,,,,,,
"{""task"":""gpqa"",""model_id"":""openai/gpt-oss-120b"",""gpu_model"":""H100"",""num_gpus"":1,""max_num_seqs"":128,""tensor_parallel"":1,""expert_parallel"":1,""data_parallel"":1,""seed"":48105,""num_request_repeats"":1}",gpqa,openai/gpt-oss-120b,missing,effective_workload_unresolved: unresolved_vllm_harmony_path: v0.11.1 bypasses the Hugging Face chat template and the container-resolved openai-harmony version is not recorded,,,,,,,,,,,,,,,,,
"{""task"":""gpqa"",""model_id"":""openai/gpt-oss-120b"",""gpu_model"":""H100"",""num_gpus"":1,""max_num_seqs"":16,""tensor_parallel"":1,""expert_parallel"":1,""data_parallel"":1,""seed"":48105,""num_request_repeats"":1}",gpqa,openai/gpt-oss-120b,missing,effective_workload_unresolved: unresolved_vllm_harmony_path: v0.11.1 bypasses the Hugging Face chat template and the container-resolved openai-harmony version is not recorded,,,,,,,,,,,,,,,,,
"{""task"":""gpqa"",""model_id"":""openai/gpt-oss-120b"",""gpu_model"":""H100"",""num_gpus"":1,""max_num_seqs"":192,""tensor_parallel"":1,""expert_parallel"":1,""data_parallel"":1,""seed"":48105,""num_request_repeats"":2}",gpqa,openai/gpt-oss-120b,missing,effective_workload_unresolved: unresolved_vllm_harmony_path: v0.11.1 bypasses the Hugging Face chat template and the container-resolved openai-harmony version is not recorded,,,,,,,,,,,,,,,,,
"{""task"":""gpqa"",""model_id"":""openai/gpt-oss-120b"",""gpu_model"":""H100"",""num_gpus"":1,""max_num_seqs"":256,""tensor_parallel"":1,""expert_parallel"":1,""data_parallel"":1,""seed"":48105,""num_request_repeats"":2}",gpqa,openai/gpt-oss-120b,missing,effective_workload_unresolved: unresolved_vllm_harmony_path: v0.11.1 bypasses the Hugging Face chat template and the container-resolved openai-harmony version is not recorded,,,,,,,,,,,,,,,,,
"{""task"":""gpqa"",""model_id"":""openai/gpt-oss-120b"",""gpu_model"":""H100"",""num_gpus"":1,""max_num_seqs"":32,""tensor_parallel"":1,""expert_parallel"":1,""data_parallel"":1,""seed"":48105,""num_request_repeats"":1}",gpqa,openai/gpt-oss-120b,missing,effective_workload_unresolved: unresolved_vllm_harmony_path: v0.11.1 bypasses the Hugging Face chat template and the container-resolved openai-harmony version is not recorded,,,,,,,,,,,,,,,,,
"{""task"":""gpqa"",""model_id"":""openai/gpt-oss-120b"",""gpu_model"":""H100"",""num_gpus"":1,""max_num_seqs"":64,""tensor_parallel"":1,""expert_parallel"":1,""data_parallel"":1,""seed"":48105,""num_request_repeats"":1}",gpqa,openai/gpt-oss-120b,missing,effective_workload_unresolved: unresolved_vllm_harmony_path: v0.11.1 bypasses the Hugging Face chat template and the container-resolved openai-harmony version is not recorded,,,,,,,,,,,,,,,,,
"{""task"":""gpqa"",""model_id"":""openai/gpt-oss-120b"",""gpu_model"":""H100"",""num_gpus"":1,""max_num_seqs"":8,""tensor_parallel"":1,""expert_parallel"":1,""data_parallel"":1,""seed"":48105,""num_request_repeats"":1}",gpqa,openai/gpt-oss-120b,missing,effective_workload_unresolved: unresolved_vllm_harmony_path: v0.11.1 bypasses the Hugging Face chat template and the container-resolved openai-harmony version is not recorded,,,,,,,,,,,,,,,,,
"{""task"":""gpqa"",""model_id"":""openai/gpt-oss-120b"",""gpu_model"":""H100"",""num_gpus"":1,""max_num_seqs"":96,""tensor_parallel"":1,""expert_parallel"":1,""data_parallel"":1,""seed"":48105,""num_request_repeats"":1}",gpqa,openai/gpt-oss-120b,missing,effective_workload_unresolved: unresolved_vllm_harmony_path: v0.11.1 bypasses the Hugging Face chat template and the container-resolved openai-harmony version is not recorded,,,,,,,,,,,,,,,,,
"{""task"":""gpqa"",""model_id"":""openai/gpt-oss-120b"",""gpu_model"":""H100"",""num_gpus"":2,""max_num_seqs"":1024,""tensor_parallel"":2,""expert_parallel"":1,""data_parallel"":1,""seed"":48105,""num_request_repeats"":6}",gpqa,openai/gpt-oss-120b,missing,effective_workload_unresolved: unresolved_vllm_harmony_path: v0.11.1 bypasses the Hugging Face chat template and the container-resolved openai-harmony version is not recorded,,,,,,,,,,,,,,,,,
"{""task"":""gpqa"",""model_id"":""openai/gpt-oss-120b"",""gpu_model"":""H100"",""num_gpus"":2,""max_num_seqs"":128,""tensor_parallel"":2,""expert_parallel"":1,""data_parallel"":1,""seed"":48105,""num_request_repeats"":1}",gpqa,openai/gpt-oss-120b,missing,effective_workload_unresolved: unresolved_vllm_harmony_path: v0.11.1 bypasses the Hugging Face chat template and the container-resolved openai-harmony version is not recorded,,,,,,,,,,,,,,,,,
"{""task"":""gpqa"",""model_id"":""openai/gpt-oss-120b"",""gpu_model"":""H100"",""num_gpus"":2,""max_num_seqs"":1536,""tensor_parallel"":2,""expert_parallel"":1,""data_parallel"":1,""seed"":48105,""num_request_repeats"":9}",gpqa,openai/gpt-oss-120b,missing,effective_workload_unresolved: unresolved_vllm_harmony_path: v0.11.1 bypasses the Hugging Face chat template and the container-resolved openai-harmony version is not recorded,,,,,,,,,,,,,,,,,
"{""task"":""gpqa"",""model_id"":""openai/gpt-oss-120b"",""gpu_model"":""H100"",""num_gpus"":2,""max_num_seqs"":16,""tensor_parallel"":2,""expert_parallel"":1,""data_parallel"":1,""seed"":48105,""num_request_repeats"":1}",gpqa,openai/gpt-oss-120b,missing,effective_workload_unresolved: unresolved_vllm_harmony_path: v0.11.1 bypasses the Hugging Face chat template and the container-resolved openai-harmony version is not recorded,,,,,,,,,,,,,,,,,
"{""task"":""gpqa"",""model_id"":""openai/gpt-oss-120b"",""gpu_model"":""H100"",""num_gpus"":2,""max_num_seqs"":192,""tensor_parallel"":2,""expert_parallel"":1,""data_parallel"":1,""seed"":48105,""num_request_repeats"":2}",gpqa,openai/gpt-oss-120b,missing,effective_workload_unresolved: unresolved_vllm_harmony_path: v0.11.1 bypasses the Hugging Face chat template and the container-resolved openai-harmony version is not recorded,,,,,,,,,,,,,,,,,
"{""task"":""gpqa"",""model_id"":""openai/gpt-oss-120b"",""gpu_model"":""H100"",""num_gpus"":2,""max_num_seqs"":2048,""tensor_parallel"":2,""expert_parallel"":1,""data_parallel"":1,""seed"":48105,""num_request_repeats"":12}",gpqa,openai/gpt-oss-120b,missing,effective_workload_unresolved: unresolved_vllm_harmony_path: v0.11.1 bypasses the Hugging Face chat template and the container-resolved openai-harmony version is not recorded,,,,,,,,,,,,,,,,,
"{""task"":""gpqa"",""model_id"":""openai/gpt-oss-120b"",""gpu_model"":""H100"",""num_gpus"":2,""max_num_seqs"":256,""tensor_parallel"":2,""expert_parallel"":1,""data_parallel"":1,""seed"":48105,""num_request_repeats"":2}",gpqa,openai/gpt-oss-120b,missing,effective_workload_unresolved: unresolved_vllm_harmony_path: v0.11.1 bypasses the Hugging Face chat template and the container-resolved openai-harmony version is not recorded,,,,,,,,,,,,,,,,,
"{""task"":""gpqa"",""model_id"":""openai/gpt-oss-120b"",""gpu_model"":""H100"",""num_gpus"":2,""max_num_seqs"":32,""tensor_parallel"":2,""expert_parallel"":1,""data_parallel"":1,""seed"":48105,""num_request_repeats"":1}",gpqa,openai/gpt-oss-120b,missing,effective_workload_unresolved: unresolved_vllm_harmony_path: v0.11.1 bypasses the Hugging Face chat template and the container-resolved openai-harmony version is not recorded,,,,,,,,,,,,,,,,,
"{""task"":""gpqa"",""model_id"":""openai/gpt-oss-120b"",""gpu_model"":""H100"",""num_gpus"":2,""max_num_seqs"":384,""tensor_parallel"":2,""expert_parallel"":1,""data_parallel"":1,""seed"":48105,""num_request_repeats"":3}",gpqa,openai/gpt-oss-120b,missing,effective_workload_unresolved: unresolved_vllm_harmony_path: v0.11.1 bypasses the Hugging Face chat template and the container-resolved openai-harmony version is not recorded,,,,,,,,,,,,,,,,,
"{""task"":""gpqa"",""model_id"":""openai/gpt-oss-120b"",""gpu_model"":""H100"",""num_gpus"":2,""max_num_seqs"":512,""tensor_parallel"":2,""expert_parallel"":1,""data_parallel"":1,""seed"":48105,""num_request_repeats"":4}",gpqa,openai/gpt-oss-120b,missing,effective_workload_unresolved: unresolved_vllm_harmony_path: v0.11.1 bypasses the Hugging Face chat template and the container-resolved openai-harmony version is not recorded,,,,,,,,,,,,,,,,,
"{""task"":""gpqa"",""model_id"":""openai/gpt-oss-120b"",""gpu_model"":""H100"",""num_gpus"":2,""max_num_seqs"":64,""tensor_parallel"":2,""expert_parallel"":1,""data_parallel"":1,""seed"":48105,""num_request_repeats"":1}",gpqa,openai/gpt-oss-120b,missing,effective_workload_unresolved: unresolved_vllm_harmony_path: v0.11.1 bypasses the Hugging Face chat template and the container-resolved openai-harmony version is not recorded,,,,,,,,,,,,,,,,,
"{""task"":""gpqa"",""model_id"":""openai/gpt-oss-120b"",""gpu_model"":""H100"",""num_gpus"":2,""max_num_seqs"":768,""tensor_parallel"":2,""expert_parallel"":1,""data_parallel"":1,""seed"":48105,""num_request_repeats"":5}",gpqa,openai/gpt-oss-120b,missing,effective_workload_unresolved: unresolved_vllm_harmony_path: v0.11.1 bypasses the Hugging Face chat template and the container-resolved openai-harmony version is not recorded,,,,,,,,,,,,,,,,,
"{""task"":""gpqa"",""model_id"":""openai/gpt-oss-120b"",""gpu_model"":""H100"",""num_gpus"":2,""max_num_seqs"":8,""tensor_parallel"":2,""expert_parallel"":1,""data_parallel"":1,""seed"":48105,""num_request_repeats"":1}",gpqa,openai/gpt-oss-120b,missing,effective_workload_unresolved: unresolved_vllm_harmony_path: v0.11.1 bypasses the Hugging Face chat template and the container-resolved openai-harmony version is not recorded,,,,,,,,,,,,,,,,,
"{""task"":""gpqa"",""model_id"":""openai/gpt-oss-120b"",""gpu_model"":""H100"",""num_gpus"":2,""max_num_seqs"":96,""tensor_parallel"":2,""expert_parallel"":1,""data_parallel"":1,""seed"":48105,""num_request_repeats"":1}",gpqa,openai/gpt-oss-120b,missing,effective_workload_unresolved: unresolved_vllm_harmony_path: v0.11.1 bypasses the Hugging Face chat template and the container-resolved openai-harmony version is not recorded,,,,,,,,,,,,,,,,,
"{""task"":""gpqa"",""model_id"":""openai/gpt-oss-20b"",""gpu_model"":""B200"",""num_gpus"":1,""max_num_seqs"":1024,""tensor_parallel"":1,""expert_parallel"":1,""data_parallel"":1,""seed"":48105,""num_request_repeats"":6}",gpqa,openai/gpt-oss-20b,missing,effective_workload_unresolved: unresolved_vllm_harmony_path: v0.11.1 bypasses the Hugging Face chat template and the container-resolved openai-harmony version is not recorded,,,,,,,,,,,,,,,,,
"{""task"":""gpqa"",""model_id"":""openai/gpt-oss-20b"",""gpu_model"":""B200"",""num_gpus"":1,""max_num_seqs"":128,""tensor_parallel"":1,""expert_parallel"":1,""data_parallel"":1,""seed"":48105,""num_request_repeats"":2}",gpqa,openai/gpt-oss-20b,missing,effective_workload_unresolved: unresolved_vllm_harmony_path: v0.11.1 bypasses the Hugging Face chat template and the container-resolved openai-harmony version is not recorded,,,,,,,,,,,,,,,,,
"{""task"":""gpqa"",""model_id"":""openai/gpt-oss-20b"",""gpu_model"":""B200"",""num_gpus"":1,""max_num_seqs"":16,""tensor_parallel"":1,""expert_parallel"":1,""data_parallel"":1,""seed"":48105,""num_request_repeats"":1}",gpqa,openai/gpt-oss-20b,missing,effective_workload_unresolved: unresolved_vllm_harmony_path: v0.11.1 bypasses the Hugging Face chat template and the container-resolved openai-harmony version is not recorded,,,,,,,,,,,,,,,,,
"{""task"":""gpqa"",""model_id"":""openai/gpt-oss-20b"",""gpu_model"":""B200"",""num_gpus"":1,""max_num_seqs"":2048,""tensor_parallel"":1,""expert_parallel"":1,""data_parallel"":1,""seed"":48105,""num_request_repeats"":11}",gpqa,openai/gpt-oss-20b,missing,effective_workload_unresolved: unresolved_vllm_harmony_path: v0.11.1 bypasses the Hugging Face chat template and the container-resolved openai-harmony version is not recorded,,,,,,,,,,,,,,,,,
"{""task"":""gpqa"",""model_id"":""openai/gpt-oss-20b"",""gpu_model"":""B200"",""num_gpus"":1,""max_num_seqs"":256,""tensor_parallel"":1,""expert_parallel"":1,""data_parallel"":1,""seed"":48105,""num_request_repeats"":3}",gpqa,openai/gpt-oss-20b,missing,effective_workload_unresolved: unresolved_vllm_harmony_path: v0.11.1 bypasses the Hugging Face chat template and the container-resolved openai-harmony version is not recorded,,,,,,,,,,,,,,,,,
"{""task"":""gpqa"",""model_id"":""openai/gpt-oss-20b"",""gpu_model"":""B200"",""num_gpus"":1,""max_num_seqs"":32,""tensor_parallel"":1,""expert_parallel"":1,""data_parallel"":1,""seed"":48105,""num_request_repeats"":1}",gpqa,openai/gpt-oss-20b,missing,effective_workload_unresolved: unresolved_vllm_harmony_path: v0.11.1 bypasses the Hugging Face chat template and the container-resolved openai-harmony version is not recorded,,,,,,,,,,,,,,,,,
"{""task"":""gpqa"",""model_id"":""openai/gpt-oss-20b"",""gpu_model"":""B200"",""num_gpus"":1,""max_num_seqs"":384,""tensor_parallel"":1,""expert_parallel"":1,""data_parallel"":1,""seed"":48105,""num_request_repeats"":3}",gpqa,openai/gpt-oss-20b,missing,effective_workload_unresolved: unresolved_vllm_harmony_path: v0.11.1 bypasses the Hugging Face chat template and the container-resolved openai-harmony version is not recorded,,,,,,,,,,,,,,,,,
"{""task"":""gpqa"",""model_id"":""openai/gpt-oss-20b"",""gpu_model"":""B200"",""num_gpus"":1,""max_num_seqs"":4096,""tensor_parallel"":1,""expert_parallel"":1,""data_parallel"":1,""seed"":48105,""num_request_repeats"":21}",gpqa,openai/gpt-oss-20b,missing,effective_workload_unresolved: unresolved_vllm_harmony_path: v0.11.1 bypasses the Hugging Face chat template and the container-resolved openai-harmony version is not recorded,,,,,,,,,,,,,,,,,
"{""task"":""gpqa"",""model_id"":""openai/gpt-oss-20b"",""gpu_model"":""B200"",""num_gpus"":1,""max_num_seqs"":512,""tensor_parallel"":1,""expert_parallel"":1,""data_parallel"":1,""seed"":48105,""num_request_repeats"":4}",gpqa,openai/gpt-oss-20b,missing,effective_workload_unresolved: unresolved_vllm_harmony_path: v0.11.1 bypasses the Hugging Face chat template and the container-resolved openai-harmony version is not recorded,,,,,,,,,,,,,,,,,
"{""task"":""gpqa"",""model_id"":""openai/gpt-oss-20b"",""gpu_model"":""B200"",""num_gpus"":1,""max_num_seqs"":64,""tensor_parallel"":1,""expert_parallel"":1,""data_parallel"":1,""seed"":48105,""num_request_repeats"":1}",gpqa,openai/gpt-oss-20b,missing,effective_workload_unresolved: unresolved_vllm_harmony_path: v0.11.1 bypasses the Hugging Face chat template and the container-resolved openai-harmony version is not recorded,,,,,,,,,,,,,,,,,
"{""task"":""gpqa"",""model_id"":""openai/gpt-oss-20b"",""gpu_model"":""B200"",""num_gpus"":1,""max_num_seqs"":8,""tensor_parallel"":1,""expert_parallel"":1,""data_parallel"":1,""seed"":48105,""num_request_repeats"":1}",gpqa,openai/gpt-oss-20b,missing,effective_workload_unresolved: unresolved_vllm_harmony_path: v0.11.1 bypasses the Hugging Face chat template and the container-resolved openai-harmony version is not recorded,,,,,,,,,,,,,,,,,
"{""task"":""gpqa"",""model_id"":""openai/gpt-oss-20b"",""gpu_model"":""H100"",""num_gpus"":1,""max_num_seqs"":1024,""tensor_parallel"":1,""expert_parallel"":1,""data_parallel"":1,""seed"":48105,""num_request_repeats"":6}",gpqa,openai/gpt-oss-20b,missing,effective_workload_unresolved: unresolved_vllm_harmony_path: v0.11.1 bypasses the Hugging Face chat template and the container-resolved openai-harmony version is not recorded,,,,,,,,,,,,,,,,,
"{""task"":""gpqa"",""model_id"":""openai/gpt-oss-20b"",""gpu_model"":""H100"",""num_gpus"":1,""max_num_seqs"":128,""tensor_parallel"":1,""expert_parallel"":1,""data_parallel"":1,""seed"":48105,""num_request_repeats"":2}",gpqa,openai/gpt-oss-20b,missing,effective_workload_unresolved: unresolved_vllm_harmony_path: v0.11.1 bypasses the Hugging Face chat template and the container-resolved openai-harmony version is not recorded,,,,,,,,,,,,,,,,,
"{""task"":""gpqa"",""model_id"":""openai/gpt-oss-20b"",""gpu_model"":""H100"",""num_gpus"":1,""max_num_seqs"":1536,""tensor_parallel"":1,""expert_parallel"":1,""data_parallel"":1,""seed"":48105,""num_request_repeats"":9}",gpqa,openai/gpt-oss-20b,missing,effective_workload_unresolved: unresolved_vllm_harmony_path: v0.11.1 bypasses the Hugging Face chat template and the container-resolved openai-harmony version is not recorded,,,,,,,,,,,,,,,,,
"{""task"":""gpqa"",""model_id"":""openai/gpt-oss-20b"",""gpu_model"":""H100"",""num_gpus"":1,""max_num_seqs"":16,""tensor_parallel"":1,""expert_parallel"":1,""data_parallel"":1,""seed"":48105,""num_request_repeats"":1}",gpqa,openai/gpt-oss-20b,missing,effective_workload_unresolved: unresolved_vllm_harmony_path: v0.11.1 bypasses the Hugging Face chat template and the container-resolved openai-harmony version is not recorded,,,,,,,,,,,,,,,,,
"{""task"":""gpqa"",""model_id"":""openai/gpt-oss-20b"",""gpu_model"":""H100"",""num_gpus"":1,""max_num_seqs"":192,""tensor_parallel"":1,""expert_parallel"":1,""data_parallel"":1,""seed"":48105,""num_request_repeats"":2}",gpqa,openai/gpt-oss-20b,missing,effective_workload_unresolved: unresolved_vllm_harmony_path: v0.11.1 bypasses the Hugging Face chat template and the container-resolved openai-harmony version is not recorded,,,,,,,,,,,,,,,,,
"{""task"":""gpqa"",""model_id"":""openai/gpt-oss-20b"",""gpu_model"":""H100"",""num_gpus"":1,""max_num_seqs"":2048,""tensor_parallel"":1,""expert_parallel"":1,""data_parallel"":1,""seed"":48105,""num_request_repeats"":12}",gpqa,openai/gpt-oss-20b,missing,effective_workload_unresolved: unresolved_vllm_harmony_path: v0.11.1 bypasses the Hugging Face chat template and the container-resolved openai-harmony version is not recorded,,,,,,,,,,,,,,,,,
"{""task"":""gpqa"",""model_id"":""openai/gpt-oss-20b"",""gpu_model"":""H100"",""num_gpus"":1,""max_num_seqs"":256,""tensor_parallel"":1,""expert_parallel"":1,""data_parallel"":1,""seed"":48105,""num_request_repeats"":2}",gpqa,openai/gpt-oss-20b,missing,effective_workload_unresolved: unresolved_vllm_harmony_path: v0.11.1 bypasses the Hugging Face chat template and the container-resolved openai-harmony version is not recorded,,,,,,,,,,,,,,,,,
"{""task"":""gpqa"",""model_id"":""openai/gpt-oss-20b"",""gpu_model"":""H100"",""num_gpus"":1,""max_num_seqs"":32,""tensor_parallel"":1,""expert_parallel"":1,""data_parallel"":1,""seed"":48105,""num_request_repeats"":1}",gpqa,openai/gpt-oss-20b,missing,effective_workload_unresolved: unresolved_vllm_harmony_path: v0.11.1 bypasses the Hugging Face chat template and the container-resolved openai-harmony version is not recorded,,,,,,,,,,,,,,,,,
"{""task"":""gpqa"",""model_id"":""openai/gpt-oss-20b"",""gpu_model"":""H100"",""num_gpus"":1,""max_num_seqs"":384,""tensor_parallel"":1,""expert_parallel"":1,""data_parallel"":1,""seed"":48105,""num_request_repeats"":3}",gpqa,openai/gpt-oss-20b,missing,effective_workload_unresolved: unresolved_vllm_harmony_path: v0.11.1 bypasses the Hugging Face chat template and the container-resolved openai-harmony version is not recorded,,,,,,,,,,,,,,,,,
"{""task"":""gpqa"",""model_id"":""openai/gpt-oss-20b"",""gpu_model"":""H100"",""num_gpus"":1,""max_num_seqs"":512,""tensor_parallel"":1,""expert_parallel"":1,""data_parallel"":1,""seed"":48105,""num_request_repeats"":3}",gpqa,openai/gpt-oss-20b,missing,effective_workload_unresolved: unresolved_vllm_harmony_path: v0.11.1 bypasses the Hugging Face chat template and the container-resolved openai-harmony version is not recorded,,,,,,,,,,,,,,,,,
"{""task"":""gpqa"",""model_id"":""openai/gpt-oss-20b"",""gpu_model"":""H100"",""num_gpus"":1,""max_num_seqs"":64,""tensor_parallel"":1,""expert_parallel"":1,""data_parallel"":1,""seed"":48105,""num_request_repeats"":1}",gpqa,openai/gpt-oss-20b,missing,effective_workload_unresolved: unresolved_vllm_harmony_path: v0.11.1 bypasses the Hugging Face chat template and the container-resolved openai-harmony version is not recorded,,,,,,,,,,,,,,,,,
"{""task"":""gpqa"",""model_id"":""openai/gpt-oss-20b"",""gpu_model"":""H100"",""num_gpus"":1,""max_num_seqs"":768,""tensor_parallel"":1,""expert_parallel"":1,""data_parallel"":1,""seed"":48105,""num_request_repeats"":5}",gpqa,openai/gpt-oss-20b,missing,effective_workload_unresolved: unresolved_vllm_harmony_path: v0.11.1 bypasses the Hugging Face chat template and the container-resolved openai-harmony version is not recorded,,,,,,,,,,,,,,,,,
"{""task"":""gpqa"",""model_id"":""openai/gpt-oss-20b"",""gpu_model"":""H100"",""num_gpus"":1,""max_num_seqs"":8,""tensor_parallel"":1,""expert_parallel"":1,""data_parallel"":1,""seed"":48105,""num_request_repeats"":1}",gpqa,openai/gpt-oss-20b,missing,effective_workload_unresolved: unresolved_vllm_harmony_path: v0.11.1 bypasses the Hugging Face chat template and the container-resolved openai-harmony version is not recorded,,,,,,,,,,,,,,,,,
"{""task"":""gpqa"",""model_id"":""openai/gpt-oss-20b"",""gpu_model"":""H100"",""num_gpus"":1,""max_num_seqs"":96,""tensor_parallel"":1,""expert_parallel"":1,""data_parallel"":1,""seed"":48105,""num_request_repeats"":1}",gpqa,openai/gpt-oss-20b,missing,effective_workload_unresolved: unresolved_vllm_harmony_path: v0.11.1 bypasses the Hugging Face chat template and the container-resolved openai-harmony version is not recorded,,,,,,,,,,,,,,,,,
"{""task"":""gpqa"",""model_id"":""openai/gpt-oss-20b"",""gpu_model"":""H100"",""num_gpus"":1,""max_num_seqs"":96,""tensor_parallel"":1,""expert_parallel"":1,""data_parallel"":1,""seed"":48105,""num_request_repeats"":2}",gpqa,openai/gpt-oss-20b,missing,effective_workload_unresolved: unresolved_vllm_harmony_path: v0.11.1 bypasses the Hugging Face chat template and the container-resolved openai-harmony version is not recorded,,,,,,,,,,,,,,,,,
"{""task"":""lm-arena-chat"",""model_id"":""Qwen/Qwen3-14B"",""gpu_model"":""B200"",""num_gpus"":1,""max_num_seqs"":1024,""tensor_parallel"":1,""expert_parallel"":1,""data_parallel"":1,""seed"":48105,""num_request_repeats"":2}",lm-arena-chat,Qwen/Qwen3-14B,available,,6951696492134400.0,3046314434560000.0,2.95447100915712e+16,3.95427210182656e+16,4096.0,2.403731932971008e+17,226292203520.0,1597767680.0,1600681738240.0,28000000000.0,3.95427210182656e+16,2.403731932971008e+17,226292203520.0,28000000000.0,1.0,2.0,False
"{""task"":""lm-arena-chat"",""model_id"":""Qwen/Qwen3-14B"",""gpu_model"":""B200"",""num_gpus"":1,""max_num_seqs"":128,""tensor_parallel"":1,""expert_parallel"":1,""data_parallel"":1,""seed"":48105,""num_request_repeats"":1}",lm-arena-chat,Qwen/Qwen3-14B,available,,3475848246067200.0,1523157217280000.0,1.47723550457856e+16,1.97713605091328e+16,4096.0,1.201865966485504e+17,113146101760.0,1597767680.0,800340869120.0,28000000000.0,1.97713605091328e+16,1.201865966485504e+17,113146101760.0,28000000000.0,1.0,2.0,False
"{""task"":""lm-arena-chat"",""model_id"":""Qwen/Qwen3-14B"",""gpu_model"":""B200"",""num_gpus"":1,""max_num_seqs"":16,""tensor_parallel"":1,""expert_parallel"":1,""data_parallel"":1,""seed"":48105,""num_request_repeats"":1}",lm-arena-chat,Qwen/Qwen3-14B,available,,3475848246067200.0,1523157217280000.0,1.47723550457856e+16,1.97713605091328e+16,4096.0,1.201865966485504e+17,113146101760.0,1597767680.0,800340869120.0,28000000000.0,1.97713605091328e+16,1.201865966485504e+17,113146101760.0,28000000000.0,1.0,2.0,False
"{""task"":""lm-arena-chat"",""model_id"":""Qwen/Qwen3-14B"",""gpu_model"":""B200"",""num_gpus"":1,""max_num_seqs"":2048,""tensor_parallel"":1,""expert_parallel"":1,""data_parallel"":1,""seed"":48105,""num_request_repeats"":3}",lm-arena-chat,Qwen/Qwen3-14B,available,,1.04275447382016e+16,4569471651840000.0,4.43170651373568e+16,5.93140815273984e+16,4096.0,3.605597899456512e+17,339438305280.0,1597767680.0,2401022607360.0,28000000000.0,5.93140815273984e+16,3.605597899456512e+17,339438305280.0,28000000000.0,1.0,2.0,False
"{""task"":""lm-arena-chat"",""model_id"":""Qwen/Qwen3-14B"",""gpu_model"":""B200"",""num_gpus"":1,""max_num_seqs"":256,""tensor_parallel"":1,""expert_parallel"":1,""data_parallel"":1,""seed"":48105,""num_request_repeats"":1}",lm-arena-chat,Qwen/Qwen3-14B,available,,3475848246067200.0,1523157217280000.0,1.47723550457856e+16,1.97713605091328e+16,4096.0,1.201865966485504e+17,113146101760.0,1597767680.0,800340869120.0,28000000000.0,1.97713605091328e+16,1.201865966485504e+17,113146101760.0,28000000000.0,1.0,2.0,False
"{""task"":""lm-arena-chat"",""model_id"":""Qwen/Qwen3-14B"",""gpu_model"":""B200"",""num_gpus"":1,""max_num_seqs"":32,""tensor_parallel"":1,""expert_parallel"":1,""data_parallel"":1,""seed"":48105,""num_request_repeats"":1}",lm-arena-chat,Qwen/Qwen3-14B,available,,3475848246067200.0,1523157217280000.0,1.47723550457856e+16,1.97713605091328e+16,4096.0,1.201865966485504e+17,113146101760.0,1597767680.0,800340869120.0,28000000000.0,1.97713605091328e+16,1.201865966485504e+17,113146101760.0,28000000000.0,1.0,2.0,False
"{""task"":""lm-arena-chat"",""model_id"":""Qwen/Qwen3-14B"",""gpu_model"":""B200"",""num_gpus"":1,""max_num_seqs"":4096,""tensor_parallel"":1,""expert_parallel"":1,""data_parallel"":1,""seed"":48105,""num_request_repeats"":7}",lm-arena-chat,Qwen/Qwen3-14B,available,,2.43309377224704e+16,1.066210052096e+16,1.034064853204992e+17,1.383995235639296e+17,4096.0,8.413061765398528e+17,792022712320.0,1597767680.0,5602386083840.0,28000000000.0,1.383995235639296e+17,8.413061765398528e+17,792022712320.0,28000000000.0,1.0,2.0,False
"{""task"":""lm-arena-chat"",""model_id"":""Qwen/Qwen3-14B"",""gpu_model"":""B200"",""num_gpus"":1,""max_num_seqs"":512,""tensor_parallel"":1,""expert_parallel"":1,""data_parallel"":1,""seed"":48105,""num_request_repeats"":2}",lm-arena-chat,Qwen/Qwen3-14B,available,,6951696492134400.0,3046314434560000.0,2.95447100915712e+16,3.95427210182656e+16,4096.0,2.403731932971008e+17,226292203520.0,1597767680.0,1600681738240.0,28000000000.0,3.95427210182656e+16,2.403731932971008e+17,226292203520.0,28000000000.0,1.0,2.0,False
"{""task"":""lm-arena-chat"",""model_id"":""Qwen/Qwen3-14B"",""gpu_model"":""B200"",""num_gpus"":1,""max_num_seqs"":64,""tensor_parallel"":1,""expert_parallel"":1,""data_parallel"":1,""seed"":48105,""num_request_repeats"":1}",lm-arena-chat,Qwen/Qwen3-14B,available,,3475848246067200.0,1523157217280000.0,1.47723550457856e+16,1.97713605091328e+16,4096.0,1.201865966485504e+17,113146101760.0,1597767680.0,800340869120.0,28000000000.0,1.97713605091328e+16,1.201865966485504e+17,113146101760.0,28000000000.0,1.0,2.0,False
"{""task"":""lm-arena-chat"",""model_id"":""Qwen/Qwen3-14B"",""gpu_model"":""B200"",""num_gpus"":1,""max_num_seqs"":8,""tensor_parallel"":1,""expert_parallel"":1,""data_parallel"":1,""seed"":48105,""num_request_repeats"":1}",lm-arena-chat,Qwen/Qwen3-14B,available,,3475848246067200.0,1523157217280000.0,1.47723550457856e+16,1.97713605091328e+16,4096.0,1.201865966485504e+17,113146101760.0,1597767680.0,800340869120.0,28000000000.0,1.97713605091328e+16,1.201865966485504e+17,113146101760.0,28000000000.0,1.0,2.0,False
"{""task"":""lm-arena-chat"",""model_id"":""Qwen/Qwen3-14B"",""gpu_model"":""H100"",""num_gpus"":1,""max_num_seqs"":128,""tensor_parallel"":1,""expert_parallel"":1,""data_parallel"":1,""seed"":48105,""num_request_repeats"":1}",lm-arena-chat,Qwen/Qwen3-14B,available,,3475848246067200.0,1523157217280000.0,1.47723550457856e+16,1.97713605091328e+16,4096.0,1.201865966485504e+17,113146101760.0,1597767680.0,800340869120.0,28000000000.0,1.97713605091328e+16,1.201865966485504e+17,113146101760.0,28000000000.0,1.0,2.0,False
"{""task"":""lm-arena-chat"",""model_id"":""Qwen/Qwen3-14B"",""gpu_model"":""H100"",""num_gpus"":1,""max_num_seqs"":16,""tensor_parallel"":1,""expert_parallel"":1,""data_parallel"":1,""seed"":48105,""num_request_repeats"":1}",lm-arena-chat,Qwen/Qwen3-14B,available,,3475848246067200.0,1523157217280000.0,1.47723550457856e+16,1.97713605091328e+16,4096.0,1.201865966485504e+17,113146101760.0,1597767680.0,800340869120.0,28000000000.0,1.97713605091328e+16,1.201865966485504e+17,113146101760.0,28000000000.0,1.0,2.0,False
"{""task"":""lm-arena-chat"",""model_id"":""Qwen/Qwen3-14B"",""gpu_model"":""H100"",""num_gpus"":1,""max_num_seqs"":192,""tensor_parallel"":1,""expert_parallel"":1,""data_parallel"":1,""seed"":48105,""num_request_repeats"":1}",lm-arena-chat,Qwen/Qwen3-14B,available,,3475848246067200.0,1523157217280000.0,1.47723550457856e+16,1.97713605091328e+16,4096.0,1.201865966485504e+17,113146101760.0,1597767680.0,800340869120.0,28000000000.0,1.97713605091328e+16,1.201865966485504e+17,113146101760.0,28000000000.0,1.0,2.0,False
"{""task"":""lm-arena-chat"",""model_id"":""Qwen/Qwen3-14B"",""gpu_model"":""H100"",""num_gpus"":1,""max_num_seqs"":256,""tensor_parallel"":1,""expert_parallel"":1,""data_parallel"":1,""seed"":48105,""num_request_repeats"":1}",lm-arena-chat,Qwen/Qwen3-14B,available,,3475848246067200.0,1523157217280000.0,1.47723550457856e+16,1.97713605091328e+16,4096.0,1.201865966485504e+17,113146101760.0,1597767680.0,800340869120.0,28000000000.0,1.97713605091328e+16,1.201865966485504e+17,113146101760.0,28000000000.0,1.0,2.0,False
"{""task"":""lm-arena-chat"",""model_id"":""Qwen/Qwen3-14B"",""gpu_model"":""H100"",""num_gpus"":1,""max_num_seqs"":32,""tensor_parallel"":1,""expert_parallel"":1,""data_parallel"":1,""seed"":48105,""num_request_repeats"":1}",lm-arena-chat,Qwen/Qwen3-14B,available,,3475848246067200.0,1523157217280000.0,1.47723550457856e+16,1.97713605091328e+16,4096.0,1.201865966485504e+17,113146101760.0,1597767680.0,800340869120.0,28000000000.0,1.97713605091328e+16,1.201865966485504e+17,113146101760.0,28000000000.0,1.0,2.0,False
"{""task"":""lm-arena-chat"",""model_id"":""Qwen/Qwen3-14B"",""gpu_model"":""H100"",""num_gpus"":1,""max_num_seqs"":384,""tensor_parallel"":1,""expert_parallel"":1,""data_parallel"":1,""seed"":48105,""num_request_repeats"":1}",lm-arena-chat,Qwen/Qwen3-14B,available,,3475848246067200.0,1523157217280000.0,1.47723550457856e+16,1.97713605091328e+16,4096.0,1.201865966485504e+17,113146101760.0,1597767680.0,800340869120.0,28000000000.0,1.97713605091328e+16,1.201865966485504e+17,113146101760.0,28000000000.0,1.0,2.0,False
"{""task"":""lm-arena-chat"",""model_id"":""Qwen/Qwen3-14B"",""gpu_model"":""H100"",""num_gpus"":1,""max_num_seqs"":512,""tensor_parallel"":1,""expert_parallel"":1,""data_parallel"":1,""seed"":48105,""num_request_repeats"":1}",lm-arena-chat,Qwen/Qwen3-14B,available,,3475848246067200.0,1523157217280000.0,1.47723550457856e+16,1.97713605091328e+16,4096.0,1.201865966485504e+17,113146101760.0,1597767680.0,800340869120.0,28000000000.0,1.97713605091328e+16,1.201865966485504e+17,113146101760.0,28000000000.0,1.0,2.0,False
"{""task"":""lm-arena-chat"",""model_id"":""Qwen/Qwen3-14B"",""gpu_model"":""H100"",""num_gpus"":1,""max_num_seqs"":64,""tensor_parallel"":1,""expert_parallel"":1,""data_parallel"":1,""seed"":48105,""num_request_repeats"":1}",lm-arena-chat,Qwen/Qwen3-14B,available,,3475848246067200.0,1523157217280000.0,1.47723550457856e+16,1.97713605091328e+16,4096.0,1.201865966485504e+17,113146101760.0,1597767680.0,800340869120.0,28000000000.0,1.97713605091328e+16,1.201865966485504e+17,113146101760.0,28000000000.0,1.0,2.0,False
"{""task"":""lm-arena-chat"",""model_id"":""Qwen/Qwen3-14B"",""gpu_model"":""H100"",""num_gpus"":1,""max_num_seqs"":8,""tensor_parallel"":1,""expert_parallel"":1,""data_parallel"":1,""seed"":48105,""num_request_repeats"":1}",lm-arena-chat,Qwen/Qwen3-14B,available,,3475848246067200.0,1523157217280000.0,1.47723550457856e+16,1.97713605091328e+16,4096.0,1.201865966485504e+17,113146101760.0,1597767680.0,800340869120.0,28000000000.0,1.97713605091328e+16,1.201865966485504e+17,113146101760.0,28000000000.0,1.0,2.0,False
"{""task"":""lm-arena-chat"",""model_id"":""Qwen/Qwen3-14B"",""gpu_model"":""H100"",""num_gpus"":1,""max_num_seqs"":96,""tensor_parallel"":1,""expert_parallel"":1,""data_parallel"":1,""seed"":48105,""num_request_repeats"":1}",lm-arena-chat,Qwen/Qwen3-14B,available,,3475848246067200.0,1523157217280000.0,1.47723550457856e+16,1.97713605091328e+16,4096.0,1.201865966485504e+17,113146101760.0,1597767680.0,800340869120.0,28000000000.0,1.97713605091328e+16,1.201865966485504e+17,113146101760.0,28000000000.0,1.0,2.0,False
"{""task"":""lm-arena-chat"",""model_id"":""Qwen/Qwen3-235B-A22B-Instruct-2507"",""gpu_model"":""B200"",""num_gpus"":4,""max_num_seqs"":1024,""tensor_parallel"":1,""expert_parallel"":4,""data_parallel"":1,""seed"":48105,""num_request_repeats"":2}",lm-arena-chat,Qwen/Qwen3-235B-A22B-Instruct-2507,available,,1.8404871266893824e+16,1.1420208858267648e+16,3.897502150636339e+16,6.880010163152486e+16,4096.0,4.208295301569577e+17,264316280832.0,1876606976.0,1879223984128.0,470000000000.0,1.7200025407881216e+16,1.0520738253923942e+17,66079070208.0,117500000000.0,4.0,2.0,False
"{""task"":""lm-arena-chat"",""model_id"":""Qwen/Qwen3-235B-A22B-Instruct-2507"",""gpu_model"":""B200"",""num_gpus"":4,""max_num_seqs"":128,""tensor_parallel"":1,""expert_parallel"":4,""data_parallel"":1,""seed"":48105,""num_request_repeats"":1}",lm-arena-chat,Qwen/Qwen3-235B-A22B-Instruct-2507,available,,9202435633446912.0,5710104429133824.0,1.9487510753181696e+16,3.440005081576243e+16,4096.0,2.1041476507847885e+17,132158140416.0,1876606976.0,939611992064.0,470000000000.0,8600012703940608.0,5.260369126961971e+16,33039535104.0,117500000000.0,4.0,2.0,False
"{""task"":""lm-arena-chat"",""model_id"":""Qwen/Qwen3-235B-A22B-Instruct-2507"",""gpu_model"":""B200"",""num_gpus"":4,""max_num_seqs"":1536,""tensor_parallel"":1,""expert_parallel"":4,""data_parallel"":1,""seed"":48105,""num_request_repeats"":3}",lm-arena-chat,Qwen/Qwen3-235B-A22B-Instruct-2507,available,,2.7607306900340736e+16,1.7130313287401472e+16,5.846253225954509e+16,1.032001524472873e+17,4096.0,6.312442952354365e+17,396474421248.0,1876606976.0,2818835976192.0,470000000000.0,2.5800038111821824e+16,1.5781107380885914e+17,99118605312.0,117500000000.0,4.0,2.0,False
"{""task"":""lm-arena-chat"",""model_id"":""Qwen/Qwen3-235B-A22B-Instruct-2507"",""gpu_model"":""B200"",""num_gpus"":4,""max_num_seqs"":16,""tensor_parallel"":1,""expert_parallel"":4,""data_parallel"":1,""seed"":48105,""num_request_repeats"":1}",lm-arena-chat,Qwen/Qwen3-235B-A22B-Instruct-2507,available,,9202435633446912.0,5710104429133824.0,1.9487510753181696e+16,3.440005081576243e+16,4096.0,2.1041476507847885e+17,132158140416.0,1876606976.0,939611992064.0,470000000000.0,8600012703940608.0,5.260369126961971e+16,33039535104.0,117500000000.0,4.0,2.0,False
"{""task"":""lm-arena-chat"",""model_id"":""Qwen/Qwen3-235B-A22B-Instruct-2507"",""gpu_model"":""B200"",""num_gpus"":4,""max_num_seqs"":2048,""tensor_parallel"":1,""expert_parallel"":4,""data_parallel"":1,""seed"":48105,""num_request_repeats"":3}",lm-arena-chat,Qwen/Qwen3-235B-A22B-Instruct-2507,available,,2.7607306900340736e+16,1.7130313287401472e+16,5.846253225954509e+16,1.032001524472873e+17,4096.0,6.312442952354365e+17,396474421248.0,1876606976.0,2818835976192.0,470000000000.0,2.5800038111821824e+16,1.5781107380885914e+17,99118605312.0,117500000000.0,4.0,2.0,False
"{""task"":""lm-arena-chat"",""model_id"":""Qwen/Qwen3-235B-A22B-Instruct-2507"",""gpu_model"":""B200"",""num_gpus"":4,""max_num_seqs"":256,""tensor_parallel"":1,""expert_parallel"":4,""data_parallel"":1,""seed"":48105,""num_request_repeats"":1}",lm-arena-chat,Qwen/Qwen3-235B-A22B-Instruct-2507,available,,9202435633446912.0,5710104429133824.0,1.9487510753181696e+16,3.440005081576243e+16,4096.0,2.1041476507847885e+17,132158140416.0,1876606976.0,939611992064.0,470000000000.0,8600012703940608.0,5.260369126961971e+16,33039535104.0,117500000000.0,4.0,2.0,False
"{""task"":""lm-arena-chat"",""model_id"":""Qwen/Qwen3-235B-A22B-Instruct-2507"",""gpu_model"":""B200"",""num_gpus"":4,""max_num_seqs"":3072,""tensor_parallel"":1,""expert_parallel"":4,""data_parallel"":1,""seed"":48105,""num_request_repeats"":4}",lm-arena-chat,Qwen/Qwen3-235B-A22B-Instruct-2507,available,,3.680974253378765e+16,2.2840417716535296e+16,7.795004301272678e+16,1.3760020326304973e+17,4096.0,8.416590603139154e+17,528632561664.0,1876606976.0,3758447968256.0,470000000000.0,3.440005081576243e+16,2.1041476507847885e+17,132158140416.0,117500000000.0,4.0,2.0,False
"{""task"":""lm-arena-chat"",""model_id"":""Qwen/Qwen3-235B-A22B-Instruct-2507"",""gpu_model"":""B200"",""num_gpus"":4,""max_num_seqs"":32,""tensor_parallel"":1,""expert_parallel"":4,""data_parallel"":1,""seed"":48105,""num_request_repeats"":1}",lm-arena-chat,Qwen/Qwen3-235B-A22B-Instruct-2507,available,,9202435633446912.0,5710104429133824.0,1.9487510753181696e+16,3.440005081576243e+16,4096.0,2.1041476507847885e+17,132158140416.0,1876606976.0,939611992064.0,470000000000.0,8600012703940608.0,5.260369126961971e+16,33039535104.0,117500000000.0,4.0,2.0,False
"{""task"":""lm-arena-chat"",""model_id"":""Qwen/Qwen3-235B-A22B-Instruct-2507"",""gpu_model"":""B200"",""num_gpus"":4,""max_num_seqs"":4096,""tensor_parallel"":1,""expert_parallel"":4,""data_parallel"":1,""seed"":48105,""num_request_repeats"":5}",lm-arena-chat,Qwen/Qwen3-235B-A22B-Instruct-2507,available,,4.601217816723456e+16,2.855052214566912e+16,9.743755376590848e+16,1.7200025407881216e+17,4096.0,1.0520738253923942e+18,660790702080.0,1876606976.0,4698059960320.0,470000000000.0,4.300006351970304e+16,2.6301845634809856e+17,165197675520.0,117500000000.0,4.0,2.0,False
"{""task"":""lm-arena-chat"",""model_id"":""Qwen/Qwen3-235B-A22B-Instruct-2507"",""gpu_model"":""B200"",""num_gpus"":4,""max_num_seqs"":512,""tensor_parallel"":1,""expert_parallel"":4,""data_parallel"":1,""seed"":48105,""num_request_repeats"":2}",lm-arena-chat,Qwen/Qwen3-235B-A22B-Instruct-2507,available,,1.8404871266893824e+16,1.1420208858267648e+16,3.897502150636339e+16,6.880010163152486e+16,4096.0,4.208295301569577e+17,264316280832.0,1876606976.0,1879223984128.0,470000000000.0,1.7200025407881216e+16,1.0520738253923942e+17,66079070208.0,117500000000.0,4.0,2.0,False
"{""task"":""lm-arena-chat"",""model_id"":""Qwen/Qwen3-235B-A22B-Instruct-2507"",""gpu_model"":""B200"",""num_gpus"":4,""max_num_seqs"":64,""tensor_parallel"":1,""expert_parallel"":4,""data_parallel"":1,""seed"":48105,""num_request_repeats"":1}",lm-arena-chat,Qwen/Qwen3-235B-A22B-Instruct-2507,available,,9202435633446912.0,5710104429133824.0,1.9487510753181696e+16,3.440005081576243e+16,4096.0,2.1041476507847885e+17,132158140416.0,1876606976.0,939611992064.0,470000000000.0,8600012703940608.0,5.260369126961971e+16,33039535104.0,117500000000.0,4.0,2.0,False
"{""task"":""lm-arena-chat"",""model_id"":""Qwen/Qwen3-235B-A22B-Instruct-2507"",""gpu_model"":""B200"",""num_gpus"":4,""max_num_seqs"":8,""tensor_parallel"":1,""expert_parallel"":4,""data_parallel"":1,""seed"":48105,""num_request_repeats"":1}",lm-arena-chat,Qwen/Qwen3-235B-A22B-Instruct-2507,available,,9202435633446912.0,5710104429133824.0,1.9487510753181696e+16,3.440005081576243e+16,4096.0,2.1041476507847885e+17,132158140416.0,1876606976.0,939611992064.0,470000000000.0,8600012703940608.0,5.260369126961971e+16,33039535104.0,117500000000.0,4.0,2.0,False
"{""task"":""lm-arena-chat"",""model_id"":""Qwen/Qwen3-235B-A22B-Instruct-2507"",""gpu_model"":""B200"",""num_gpus"":8,""max_num_seqs"":1024,""tensor_parallel"":1,""expert_parallel"":8,""data_parallel"":1,""seed"":48105,""num_request_repeats"":2}",lm-arena-chat,Qwen/Qwen3-235B-A22B-Instruct-2507,available,,1.8404871266893824e+16,1.1420208858267648e+16,3.897502150636339e+16,6.880010163152486e+16,4096.0,4.208295301569577e+17,264316280832.0,1876606976.0,1879223984128.0,470000000000.0,8600012703940608.0,5.260369126961971e+16,33039535104.0,58750000000.0,8.0,2.0,False
"{""task"":""lm-arena-chat"",""model_id"":""Qwen/Qwen3-235B-A22B-Instruct-2507"",""gpu_model"":""B200"",""num_gpus"":8,""max_num_seqs"":128,""tensor_parallel"":1,""expert_parallel"":8,""data_parallel"":1,""seed"":48105,""num_request_repeats"":1}",lm-arena-chat,Qwen/Qwen3-235B-A22B-Instruct-2507,available,,9202435633446912.0,5710104429133824.0,1.9487510753181696e+16,3.440005081576243e+16,4096.0,2.1041476507847885e+17,132158140416.0,1876606976.0,939611992064.0,470000000000.0,4300006351970304.0,2.6301845634809856e+16,16519767552.0,58750000000.0,8.0,2.0,False
"{""task"":""lm-arena-chat"",""model_id"":""Qwen/Qwen3-235B-A22B-Instruct-2507"",""gpu_model"":""B200"",""num_gpus"":8,""max_num_seqs"":1536,""tensor_parallel"":1,""expert_parallel"":8,""data_parallel"":1,""seed"":48105,""num_request_repeats"":3}",lm-arena-chat,Qwen/Qwen3-235B-A22B-Instruct-2507,available,,2.7607306900340736e+16,1.7130313287401472e+16,5.846253225954509e+16,1.032001524472873e+17,4096.0,6.312442952354365e+17,396474421248.0,1876606976.0,2818835976192.0,470000000000.0,1.2900019055910912e+16,7.890553690442957e+16,49559302656.0,58750000000.0,8.0,2.0,False
"{""task"":""lm-arena-chat"",""model_id"":""Qwen/Qwen3-235B-A22B-Instruct-2507"",""gpu_model"":""B200"",""num_gpus"":8,""max_num_seqs"":16,""tensor_parallel"":1,""expert_parallel"":8,""data_parallel"":1,""seed"":48105,""num_request_repeats"":1}",lm-arena-chat,Qwen/Qwen3-235B-A22B-Instruct-2507,available,,9202435633446912.0,5710104429133824.0,1.9487510753181696e+16,3.440005081576243e+16,4096.0,2.1041476507847885e+17,132158140416.0,1876606976.0,939611992064.0,470000000000.0,4300006351970304.0,2.6301845634809856e+16,16519767552.0,58750000000.0,8.0,2.0,False
"{""task"":""lm-arena-chat"",""model_id"":""Qwen/Qwen3-235B-A22B-Instruct-2507"",""gpu_model"":""B200"",""num_gpus"":8,""max_num_seqs"":2048,""tensor_parallel"":1,""expert_parallel"":8,""data_parallel"":1,""seed"":48105,""num_request_repeats"":3}",lm-arena-chat,Qwen/Qwen3-235B-A22B-Instruct-2507,available,,2.7607306900340736e+16,1.7130313287401472e+16,5.846253225954509e+16,1.032001524472873e+17,4096.0,6.312442952354365e+17,396474421248.0,1876606976.0,2818835976192.0,470000000000.0,1.2900019055910912e+16,7.890553690442957e+16,49559302656.0,58750000000.0,8.0,2.0,False
"{""task"":""lm-arena-chat"",""model_id"":""Qwen/Qwen3-235B-A22B-Instruct-2507"",""gpu_model"":""B200"",""num_gpus"":8,""max_num_seqs"":256,""tensor_parallel"":1,""expert_parallel"":8,""data_parallel"":1,""seed"":48105,""num_request_repeats"":1}",lm-arena-chat,Qwen/Qwen3-235B-A22B-Instruct-2507,available,,9202435633446912.0,5710104429133824.0,1.9487510753181696e+16,3.440005081576243e+16,4096.0,2.1041476507847885e+17,132158140416.0,1876606976.0,939611992064.0,470000000000.0,4300006351970304.0,2.6301845634809856e+16,16519767552.0,58750000000.0,8.0,2.0,False
"{""task"":""lm-arena-chat"",""model_id"":""Qwen/Qwen3-235B-A22B-Instruct-2507"",""gpu_model"":""B200"",""num_gpus"":8,""max_num_seqs"":32,""tensor_parallel"":1,""expert_parallel"":8,""data_parallel"":1,""seed"":48105,""num_request_repeats"":1}",lm-arena-chat,Qwen/Qwen3-235B-A22B-Instruct-2507,available,,9202435633446912.0,5710104429133824.0,1.9487510753181696e+16,3.440005081576243e+16,4096.0,2.1041476507847885e+17,132158140416.0,1876606976.0,939611992064.0,470000000000.0,4300006351970304.0,2.6301845634809856e+16,16519767552.0,58750000000.0,8.0,2.0,False
"{""task"":""lm-arena-chat"",""model_id"":""Qwen/Qwen3-235B-A22B-Instruct-2507"",""gpu_model"":""B200"",""num_gpus"":8,""max_num_seqs"":4096,""tensor_parallel"":1,""expert_parallel"":8,""data_parallel"":1,""seed"":48105,""num_request_repeats"":6}",lm-arena-chat,Qwen/Qwen3-235B-A22B-Instruct-2507,available,,5.521461380068147e+16,3.4260626574802944e+16,1.1692506451909018e+17,2.064003048945746e+17,4096.0,1.262488590470873e+18,792948842496.0,1876606976.0,5637671952384.0,470000000000.0,2.5800038111821824e+16,1.5781107380885914e+17,99118605312.0,58750000000.0,8.0,2.0,False
"{""task"":""lm-arena-chat"",""model_id"":""Qwen/Qwen3-235B-A22B-Instruct-2507"",""gpu_model"":""B200"",""num_gpus"":8,""max_num_seqs"":512,""tensor_parallel"":1,""expert_parallel"":8,""data_parallel"":1,""seed"":48105,""num_request_repeats"":2}",lm-arena-chat,Qwen/Qwen3-235B-A22B-Instruct-2507,available,,1.8404871266893824e+16,1.1420208858267648e+16,3.897502150636339e+16,6.880010163152486e+16,4096.0,4.208295301569577e+17,264316280832.0,1876606976.0,1879223984128.0,470000000000.0,8600012703940608.0,5.260369126961971e+16,33039535104.0,58750000000.0,8.0,2.0,False
"{""task"":""lm-arena-chat"",""model_id"":""Qwen/Qwen3-235B-A22B-Instruct-2507"",""gpu_model"":""B200"",""num_gpus"":8,""max_num_seqs"":64,""tensor_parallel"":1,""expert_parallel"":8,""data_parallel"":1,""seed"":48105,""num_request_repeats"":1}",lm-arena-chat,Qwen/Qwen3-235B-A22B-Instruct-2507,available,,9202435633446912.0,5710104429133824.0,1.9487510753181696e+16,3.440005081576243e+16,4096.0,2.1041476507847885e+17,132158140416.0,1876606976.0,939611992064.0,470000000000.0,4300006351970304.0,2.6301845634809856e+16,16519767552.0,58750000000.0,8.0,2.0,False
"{""task"":""lm-arena-chat"",""model_id"":""Qwen/Qwen3-235B-A22B-Instruct-2507"",""gpu_model"":""B200"",""num_gpus"":8,""max_num_seqs"":8,""tensor_parallel"":1,""expert_parallel"":8,""data_parallel"":1,""seed"":48105,""num_request_repeats"":1}",lm-arena-chat,Qwen/Qwen3-235B-A22B-Instruct-2507,available,,9202435633446912.0,5710104429133824.0,1.9487510753181696e+16,3.440005081576243e+16,4096.0,2.1041476507847885e+17,132158140416.0,1876606976.0,939611992064.0,470000000000.0,4300006351970304.0,2.6301845634809856e+16,16519767552.0,58750000000.0,8.0,2.0,False
"{""task"":""lm-arena-chat"",""model_id"":""Qwen/Qwen3-235B-A22B-Instruct-2507"",""gpu_model"":""H100"",""num_gpus"":8,""max_num_seqs"":128,""tensor_parallel"":1,""expert_parallel"":8,""data_parallel"":1,""seed"":48105,""num_request_repeats"":1}",lm-arena-chat,Qwen/Qwen3-235B-A22B-Instruct-2507,available,,9202435633446912.0,5710104429133824.0,1.9487510753181696e+16,3.440005081576243e+16,4096.0,2.1041476507847885e+17,132158140416.0,1876606976.0,939611992064.0,470000000000.0,4300006351970304.0,2.6301845634809856e+16,16519767552.0,58750000000.0,8.0,2.0,False
"{""task"":""lm-arena-chat"",""model_id"":""Qwen/Qwen3-235B-A22B-Instruct-2507"",""gpu_model"":""H100"",""num_gpus"":8,""max_num_seqs"":16,""tensor_parallel"":1,""expert_parallel"":8,""data_parallel"":1,""seed"":48105,""num_request_repeats"":1}",lm-arena-chat,Qwen/Qwen3-235B-A22B-Instruct-2507,available,,9202435633446912.0,5710104429133824.0,1.9487510753181696e+16,3.440005081576243e+16,4096.0,2.1041476507847885e+17,132158140416.0,1876606976.0,939611992064.0,470000000000.0,4300006351970304.0,2.6301845634809856e+16,16519767552.0,58750000000.0,8.0,2.0,False
"{""task"":""lm-arena-chat"",""model_id"":""Qwen/Qwen3-235B-A22B-Instruct-2507"",""gpu_model"":""H100"",""num_gpus"":8,""max_num_seqs"":192,""tensor_parallel"":1,""expert_parallel"":8,""data_parallel"":1,""seed"":48105,""num_request_repeats"":1}",lm-arena-chat,Qwen/Qwen3-235B-A22B-Instruct-2507,available,,9202435633446912.0,5710104429133824.0,1.9487510753181696e+16,3.440005081576243e+16,4096.0,2.1041476507847885e+17,132158140416.0,1876606976.0,939611992064.0,470000000000.0,4300006351970304.0,2.6301845634809856e+16,16519767552.0,58750000000.0,8.0,2.0,False
"{""task"":""lm-arena-chat"",""model_id"":""Qwen/Qwen3-235B-A22B-Instruct-2507"",""gpu_model"":""H100"",""num_gpus"":8,""max_num_seqs"":256,""tensor_parallel"":1,""expert_parallel"":8,""data_parallel"":1,""seed"":48105,""num_request_repeats"":1}",lm-arena-chat,Qwen/Qwen3-235B-A22B-Instruct-2507,available,,9202435633446912.0,5710104429133824.0,1.9487510753181696e+16,3.440005081576243e+16,4096.0,2.1041476507847885e+17,132158140416.0,1876606976.0,939611992064.0,470000000000.0,4300006351970304.0,2.6301845634809856e+16,16519767552.0,58750000000.0,8.0,2.0,False
"{""task"":""lm-arena-chat"",""model_id"":""Qwen/Qwen3-235B-A22B-Instruct-2507"",""gpu_model"":""H100"",""num_gpus"":8,""max_num_seqs"":32,""tensor_parallel"":1,""expert_parallel"":8,""data_parallel"":1,""seed"":48105,""num_request_repeats"":1}",lm-arena-chat,Qwen/Qwen3-235B-A22B-Instruct-2507,available,,9202435633446912.0,5710104429133824.0,1.9487510753181696e+16,3.440005081576243e+16,4096.0,2.1041476507847885e+17,132158140416.0,1876606976.0,939611992064.0,470000000000.0,4300006351970304.0,2.6301845634809856e+16,16519767552.0,58750000000.0,8.0,2.0,False
"{""task"":""lm-arena-chat"",""model_id"":""Qwen/Qwen3-235B-A22B-Instruct-2507"",""gpu_model"":""H100"",""num_gpus"":8,""max_num_seqs"":384,""tensor_parallel"":1,""expert_parallel"":8,""data_parallel"":1,""seed"":48105,""num_request_repeats"":1}",lm-arena-chat,Qwen/Qwen3-235B-A22B-Instruct-2507,available,,9202435633446912.0,5710104429133824.0,1.9487510753181696e+16,3.440005081576243e+16,4096.0,2.1041476507847885e+17,132158140416.0,1876606976.0,939611992064.0,470000000000.0,4300006351970304.0,2.6301845634809856e+16,16519767552.0,58750000000.0,8.0,2.0,False
"{""task"":""lm-arena-chat"",""model_id"":""Qwen/Qwen3-235B-A22B-Instruct-2507"",""gpu_model"":""H100"",""num_gpus"":8,""max_num_seqs"":512,""tensor_parallel"":1,""expert_parallel"":8,""data_parallel"":1,""seed"":48105,""num_request_repeats"":1}",lm-arena-chat,Qwen/Qwen3-235B-A22B-Instruct-2507,available,,9202435633446912.0,5710104429133824.0,1.9487510753181696e+16,3.440005081576243e+16,4096.0,2.1041476507847885e+17,132158140416.0,1876606976.0,939611992064.0,470000000000.0,4300006351970304.0,2.6301845634809856e+16,16519767552.0,58750000000.0,8.0,2.0,False
"{""task"":""lm-arena-chat"",""model_id"":""Qwen/Qwen3-235B-A22B-Instruct-2507"",""gpu_model"":""H100"",""num_gpus"":8,""max_num_seqs"":64,""tensor_parallel"":1,""expert_parallel"":8,""data_parallel"":1,""seed"":48105,""num_request_repeats"":1}",lm-arena-chat,Qwen/Qwen3-235B-A22B-Instruct-2507,available,,9202435633446912.0,5710104429133824.0,1.9487510753181696e+16,3.440005081576243e+16,4096.0,2.1041476507847885e+17,132158140416.0,1876606976.0,939611992064.0,470000000000.0,4300006351970304.0,2.6301845634809856e+16,16519767552.0,58750000000.0,8.0,2.0,False
"{""task"":""lm-arena-chat"",""model_id"":""Qwen/Qwen3-235B-A22B-Instruct-2507"",""gpu_model"":""H100"",""num_gpus"":8,""max_num_seqs"":8,""tensor_parallel"":1,""expert_parallel"":8,""data_parallel"":1,""seed"":48105,""num_request_repeats"":1}",lm-arena-chat,Qwen/Qwen3-235B-A22B-Instruct-2507,available,,9202435633446912.0,5710104429133824.0,1.9487510753181696e+16,3.440005081576243e+16,4096.0,2.1041476507847885e+17,132158140416.0,1876606976.0,939611992064.0,470000000000.0,4300006351970304.0,2.6301845634809856e+16,16519767552.0,58750000000.0,8.0,2.0,False
"{""task"":""lm-arena-chat"",""model_id"":""Qwen/Qwen3-235B-A22B-Instruct-2507"",""gpu_model"":""H100"",""num_gpus"":8,""max_num_seqs"":96,""tensor_parallel"":1,""expert_parallel"":8,""data_parallel"":1,""seed"":48105,""num_request_repeats"":1}",lm-arena-chat,Qwen/Qwen3-235B-A22B-Instruct-2507,available,,9202435633446912.0,5710104429133824.0,1.9487510753181696e+16,3.440005081576243e+16,4096.0,2.1041476507847885e+17,132158140416.0,1876606976.0,939611992064.0,470000000000.0,4300006351970304.0,2.6301845634809856e+16,16519767552.0,58750000000.0,8.0,2.0,False
"{""task"":""lm-arena-chat"",""model_id"":""Qwen/Qwen3-235B-A22B-Instruct-2507-FP8"",""gpu_model"":""B200"",""num_gpus"":2,""max_num_seqs"":128,""tensor_parallel"":1,""expert_parallel"":2,""data_parallel"":1,""seed"":48105,""num_request_repeats"":1}",lm-arena-chat,Qwen/Qwen3-235B-A22B-Instruct-2507-FP8,available,,9202435633446912.0,5710104429133824.0,1.9487510753181696e+16,3.440005081576243e+16,4096.0,2.1041476507847885e+17,132158140416.0,1876606976.0,939611992064.0,235000000000.0,1.7200025407881216e+16,1.0520738253923942e+17,66079070208.0,117500000000.0,2.0,2.0,False
"{""task"":""lm-arena-chat"",""model_id"":""Qwen/Qwen3-235B-A22B-Instruct-2507-FP8"",""gpu_model"":""B200"",""num_gpus"":2,""max_num_seqs"":16,""tensor_parallel"":1,""expert_parallel"":2,""data_parallel"":1,""seed"":48105,""num_request_repeats"":1}",lm-arena-chat,Qwen/Qwen3-235B-A22B-Instruct-2507-FP8,available,,9202435633446912.0,5710104429133824.0,1.9487510753181696e+16,3.440005081576243e+16,4096.0,2.1041476507847885e+17,132158140416.0,1876606976.0,939611992064.0,235000000000.0,1.7200025407881216e+16,1.0520738253923942e+17,66079070208.0,117500000000.0,2.0,2.0,False
"{""task"":""lm-arena-chat"",""model_id"":""Qwen/Qwen3-235B-A22B-Instruct-2507-FP8"",""gpu_model"":""B200"",""num_gpus"":2,""max_num_seqs"":256,""tensor_parallel"":1,""expert_parallel"":2,""data_parallel"":1,""seed"":48105,""num_request_repeats"":2}",lm-arena-chat,Qwen/Qwen3-235B-A22B-Instruct-2507-FP8,available,,1.8404871266893824e+16,1.1420208858267648e+16,3.897502150636339e+16,6.880010163152486e+16,4096.0,4.208295301569577e+17,264316280832.0,1876606976.0,1879223984128.0,235000000000.0,3.440005081576243e+16,2.1041476507847885e+17,132158140416.0,117500000000.0,2.0,2.0,False
"{""task"":""lm-arena-chat"",""model_id"":""Qwen/Qwen3-235B-A22B-Instruct-2507-FP8"",""gpu_model"":""B200"",""num_gpus"":2,""max_num_seqs"":32,""tensor_parallel"":1,""expert_parallel"":2,""data_parallel"":1,""seed"":48105,""num_request_repeats"":1}",lm-arena-chat,Qwen/Qwen3-235B-A22B-Instruct-2507-FP8,available,,9202435633446912.0,5710104429133824.0,1.9487510753181696e+16,3.440005081576243e+16,4096.0,2.1041476507847885e+17,132158140416.0,1876606976.0,939611992064.0,235000000000.0,1.7200025407881216e+16,1.0520738253923942e+17,66079070208.0,117500000000.0,2.0,2.0,False
"{""task"":""lm-arena-chat"",""model_id"":""Qwen/Qwen3-235B-A22B-Instruct-2507-FP8"",""gpu_model"":""B200"",""num_gpus"":2,""max_num_seqs"":512,""tensor_parallel"":1,""expert_parallel"":2,""data_parallel"":1,""seed"":48105,""num_request_repeats"":2}",lm-arena-chat,Qwen/Qwen3-235B-A22B-Instruct-2507-FP8,available,,1.8404871266893824e+16,1.1420208858267648e+16,3.897502150636339e+16,6.880010163152486e+16,4096.0,4.208295301569577e+17,264316280832.0,1876606976.0,1879223984128.0,235000000000.0,3.440005081576243e+16,2.1041476507847885e+17,132158140416.0,117500000000.0,2.0,2.0,False
"{""task"":""lm-arena-chat"",""model_id"":""Qwen/Qwen3-235B-A22B-Instruct-2507-FP8"",""gpu_model"":""B200"",""num_gpus"":2,""max_num_seqs"":512,""tensor_parallel"":1,""expert_parallel"":2,""data_parallel"":1,""seed"":48105,""num_request_repeats"":3}",lm-arena-chat,Qwen/Qwen3-235B-A22B-Instruct-2507-FP8,available,,2.7607306900340736e+16,1.7130313287401472e+16,5.846253225954509e+16,1.032001524472873e+17,4096.0,6.312442952354365e+17,396474421248.0,1876606976.0,2818835976192.0,235000000000.0,5.160007622364365e+16,3.156221476177183e+17,198237210624.0,117500000000.0,2.0,2.0,False
"{""task"":""lm-arena-chat"",""model_id"":""Qwen/Qwen3-235B-A22B-Instruct-2507-FP8"",""gpu_model"":""B200"",""num_gpus"":2,""max_num_seqs"":64,""tensor_parallel"":1,""expert_parallel"":2,""data_parallel"":1,""seed"":48105,""num_request_repeats"":1}",lm-arena-chat,Qwen/Qwen3-235B-A22B-Instruct-2507-FP8,available,,9202435633446912.0,5710104429133824.0,1.9487510753181696e+16,3.440005081576243e+16,4096.0,2.1041476507847885e+17,132158140416.0,1876606976.0,939611992064.0,235000000000.0,1.7200025407881216e+16,1.0520738253923942e+17,66079070208.0,117500000000.0,2.0,2.0,False
"{""task"":""lm-arena-chat"",""model_id"":""Qwen/Qwen3-235B-A22B-Instruct-2507-FP8"",""gpu_model"":""B200"",""num_gpus"":2,""max_num_seqs"":8,""tensor_parallel"":1,""expert_parallel"":2,""data_parallel"":1,""seed"":48105,""num_request_repeats"":1}",lm-arena-chat,Qwen/Qwen3-235B-A22B-Instruct-2507-FP8,available,,9202435633446912.0,5710104429133824.0,1.9487510753181696e+16,3.440005081576243e+16,4096.0,2.1041476507847885e+17,132158140416.0,1876606976.0,939611992064.0,235000000000.0,1.7200025407881216e+16,1.0520738253923942e+17,66079070208.0,117500000000.0,2.0,2.0,False
"{""task"":""lm-arena-chat"",""model_id"":""Qwen/Qwen3-235B-A22B-Instruct-2507-FP8"",""gpu_model"":""H100"",""num_gpus"":4,""max_num_seqs"":128,""tensor_parallel"":1,""expert_parallel"":4,""data_parallel"":1,""seed"":48105,""num_request_repeats"":1}",lm-arena-chat,Qwen/Qwen3-235B-A22B-Instruct-2507-FP8,available,,9202435633446912.0,5710104429133824.0,1.9487510753181696e+16,3.440005081576243e+16,4096.0,2.1041476507847885e+17,132158140416.0,1876606976.0,939611992064.0,235000000000.0,8600012703940608.0,5.260369126961971e+16,33039535104.0,58750000000.0,4.0,2.0,False
"{""task"":""lm-arena-chat"",""model_id"":""Qwen/Qwen3-235B-A22B-Instruct-2507-FP8"",""gpu_model"":""H100"",""num_gpus"":4,""max_num_seqs"":16,""tensor_parallel"":1,""expert_parallel"":4,""data_parallel"":1,""seed"":48105,""num_request_repeats"":1}",lm-arena-chat,Qwen/Qwen3-235B-A22B-Instruct-2507-FP8,available,,9202435633446912.0,5710104429133824.0,1.9487510753181696e+16,3.440005081576243e+16,4096.0,2.1041476507847885e+17,132158140416.0,1876606976.0,939611992064.0,235000000000.0,8600012703940608.0,5.260369126961971e+16,33039535104.0,58750000000.0,4.0,2.0,False
"{""task"":""lm-arena-chat"",""model_id"":""Qwen/Qwen3-235B-A22B-Instruct-2507-FP8"",""gpu_model"":""H100"",""num_gpus"":4,""max_num_seqs"":192,""tensor_parallel"":1,""expert_parallel"":4,""data_parallel"":1,""seed"":48105,""num_request_repeats"":1}",lm-arena-chat,Qwen/Qwen3-235B-A22B-Instruct-2507-FP8,available,,9202435633446912.0,5710104429133824.0,1.9487510753181696e+16,3.440005081576243e+16,4096.0,2.1041476507847885e+17,132158140416.0,1876606976.0,939611992064.0,235000000000.0,8600012703940608.0,5.260369126961971e+16,33039535104.0,58750000000.0,4.0,2.0,False
"{""task"":""lm-arena-chat"",""model_id"":""Qwen/Qwen3-235B-A22B-Instruct-2507-FP8"",""gpu_model"":""H100"",""num_gpus"":4,""max_num_seqs"":256,""tensor_parallel"":1,""expert_parallel"":4,""data_parallel"":1,""seed"":48105,""num_request_repeats"":1}",lm-arena-chat,Qwen/Qwen3-235B-A22B-Instruct-2507-FP8,available,,9202435633446912.0,5710104429133824.0,1.9487510753181696e+16,3.440005081576243e+16,4096.0,2.1041476507847885e+17,132158140416.0,1876606976.0,939611992064.0,235000000000.0,8600012703940608.0,5.260369126961971e+16,33039535104.0,58750000000.0,4.0,2.0,False
"{""task"":""lm-arena-chat"",""model_id"":""Qwen/Qwen3-235B-A22B-Instruct-2507-FP8"",""gpu_model"":""H100"",""num_gpus"":4,""max_num_seqs"":32,""tensor_parallel"":1,""expert_parallel"":4,""data_parallel"":1,""seed"":48105,""num_request_repeats"":1}",lm-arena-chat,Qwen/Qwen3-235B-A22B-Instruct-2507-FP8,available,,9202435633446912.0,5710104429133824.0,1.9487510753181696e+16,3.440005081576243e+16,4096.0,2.1041476507847885e+17,132158140416.0,1876606976.0,939611992064.0,235000000000.0,8600012703940608.0,5.260369126961971e+16,33039535104.0,58750000000.0,4.0,2.0,False
"{""task"":""lm-arena-chat"",""model_id"":""Qwen/Qwen3-235B-A22B-Instruct-2507-FP8"",""gpu_model"":""H100"",""num_gpus"":4,""max_num_seqs"":384,""tensor_parallel"":1,""expert_parallel"":4,""data_parallel"":1,""seed"":48105,""num_request_repeats"":1}",lm-arena-chat,Qwen/Qwen3-235B-A22B-Instruct-2507-FP8,available,,9202435633446912.0,5710104429133824.0,1.9487510753181696e+16,3.440005081576243e+16,4096.0,2.1041476507847885e+17,132158140416.0,1876606976.0,939611992064.0,235000000000.0,8600012703940608.0,5.260369126961971e+16,33039535104.0,58750000000.0,4.0,2.0,False
"{""task"":""lm-arena-chat"",""model_id"":""Qwen/Qwen3-235B-A22B-Instruct-2507-FP8"",""gpu_model"":""H100"",""num_gpus"":4,""max_num_seqs"":512,""tensor_parallel"":1,""expert_parallel"":4,""data_parallel"":1,""seed"":48105,""num_request_repeats"":1}",lm-arena-chat,Qwen/Qwen3-235B-A22B-Instruct-2507-FP8,available,,9202435633446912.0,5710104429133824.0,1.9487510753181696e+16,3.440005081576243e+16,4096.0,2.1041476507847885e+17,132158140416.0,1876606976.0,939611992064.0,235000000000.0,8600012703940608.0,5.260369126961971e+16,33039535104.0,58750000000.0,4.0,2.0,False
"{""task"":""lm-arena-chat"",""model_id"":""Qwen/Qwen3-235B-A22B-Instruct-2507-FP8"",""gpu_model"":""H100"",""num_gpus"":4,""max_num_seqs"":64,""tensor_parallel"":1,""expert_parallel"":4,""data_parallel"":1,""seed"":48105,""num_request_repeats"":1}",lm-arena-chat,Qwen/Qwen3-235B-A22B-Instruct-2507-FP8,available,,9202435633446912.0,5710104429133824.0,1.9487510753181696e+16,3.440005081576243e+16,4096.0,2.1041476507847885e+17,132158140416.0,1876606976.0,939611992064.0,235000000000.0,8600012703940608.0,5.260369126961971e+16,33039535104.0,58750000000.0,4.0,2.0,False
"{""task"":""lm-arena-chat"",""model_id"":""Qwen/Qwen3-235B-A22B-Instruct-2507-FP8"",""gpu_model"":""H100"",""num_gpus"":4,""max_num_seqs"":8,""tensor_parallel"":1,""expert_parallel"":4,""data_parallel"":1,""seed"":48105,""num_request_repeats"":1}",lm-arena-chat,Qwen/Qwen3-235B-A22B-Instruct-2507-FP8,available,,9202435633446912.0,5710104429133824.0,1.9487510753181696e+16,3.440005081576243e+16,4096.0,2.1041476507847885e+17,132158140416.0,1876606976.0,939611992064.0,235000000000.0,8600012703940608.0,5.260369126961971e+16,33039535104.0,58750000000.0,4.0,2.0,False
"{""task"":""lm-arena-chat"",""model_id"":""Qwen/Qwen3-235B-A22B-Instruct-2507-FP8"",""gpu_model"":""H100"",""num_gpus"":4,""max_num_seqs"":96,""tensor_parallel"":1,""expert_parallel"":4,""data_parallel"":1,""seed"":48105,""num_request_repeats"":1}",lm-arena-chat,Qwen/Qwen3-235B-A22B-Instruct-2507-FP8,available,,9202435633446912.0,5710104429133824.0,1.9487510753181696e+16,3.440005081576243e+16,4096.0,2.1041476507847885e+17,132158140416.0,1876606976.0,939611992064.0,235000000000.0,8600012703940608.0,5.260369126961971e+16,33039535104.0,58750000000.0,4.0,2.0,False
"{""task"":""lm-arena-chat"",""model_id"":""Qwen/Qwen3-235B-A22B-Instruct-2507-FP8"",""gpu_model"":""H100"",""num_gpus"":8,""max_num_seqs"":128,""tensor_parallel"":1,""expert_parallel"":8,""data_parallel"":1,""seed"":48105,""num_request_repeats"":1}",lm-arena-chat,Qwen/Qwen3-235B-A22B-Instruct-2507-FP8,available,,9202435633446912.0,5710104429133824.0,1.9487510753181696e+16,3.440005081576243e+16,4096.0,2.1041476507847885e+17,132158140416.0,1876606976.0,939611992064.0,235000000000.0,4300006351970304.0,2.6301845634809856e+16,16519767552.0,29375000000.0,8.0,2.0,False
"{""task"":""lm-arena-chat"",""model_id"":""Qwen/Qwen3-235B-A22B-Instruct-2507-FP8"",""gpu_model"":""H100"",""num_gpus"":8,""max_num_seqs"":16,""tensor_parallel"":1,""expert_parallel"":8,""data_parallel"":1,""seed"":48105,""num_request_repeats"":1}",lm-arena-chat,Qwen/Qwen3-235B-A22B-Instruct-2507-FP8,available,,9202435633446912.0,5710104429133824.0,1.9487510753181696e+16,3.440005081576243e+16,4096.0,2.1041476507847885e+17,132158140416.0,1876606976.0,939611992064.0,235000000000.0,4300006351970304.0,2.6301845634809856e+16,16519767552.0,29375000000.0,8.0,2.0,False
"{""task"":""lm-arena-chat"",""model_id"":""Qwen/Qwen3-235B-A22B-Instruct-2507-FP8"",""gpu_model"":""H100"",""num_gpus"":8,""max_num_seqs"":192,""tensor_parallel"":1,""expert_parallel"":8,""data_parallel"":1,""seed"":48105,""num_request_repeats"":1}",lm-arena-chat,Qwen/Qwen3-235B-A22B-Instruct-2507-FP8,available,,9202435633446912.0,5710104429133824.0,1.9487510753181696e+16,3.440005081576243e+16,4096.0,2.1041476507847885e+17,132158140416.0,1876606976.0,939611992064.0,235000000000.0,4300006351970304.0,2.6301845634809856e+16,16519767552.0,29375000000.0,8.0,2.0,False
"{""task"":""lm-arena-chat"",""model_id"":""Qwen/Qwen3-235B-A22B-Instruct-2507-FP8"",""gpu_model"":""H100"",""num_gpus"":8,""max_num_seqs"":256,""tensor_parallel"":1,""expert_parallel"":8,""data_parallel"":1,""seed"":48105,""num_request_repeats"":1}",lm-arena-chat,Qwen/Qwen3-235B-A22B-Instruct-2507-FP8,available,,9202435633446912.0,5710104429133824.0,1.9487510753181696e+16,3.440005081576243e+16,4096.0,2.1041476507847885e+17,132158140416.0,1876606976.0,939611992064.0,235000000000.0,4300006351970304.0,2.6301845634809856e+16,16519767552.0,29375000000.0,8.0,2.0,False
"{""task"":""lm-arena-chat"",""model_id"":""Qwen/Qwen3-235B-A22B-Instruct-2507-FP8"",""gpu_model"":""H100"",""num_gpus"":8,""max_num_seqs"":32,""tensor_parallel"":1,""expert_parallel"":8,""data_parallel"":1,""seed"":48105,""num_request_repeats"":1}",lm-arena-chat,Qwen/Qwen3-235B-A22B-Instruct-2507-FP8,available,,9202435633446912.0,5710104429133824.0,1.9487510753181696e+16,3.440005081576243e+16,4096.0,2.1041476507847885e+17,132158140416.0,1876606976.0,939611992064.0,235000000000.0,4300006351970304.0,2.6301845634809856e+16,16519767552.0,29375000000.0,8.0,2.0,False
"{""task"":""lm-arena-chat"",""model_id"":""Qwen/Qwen3-235B-A22B-Instruct-2507-FP8"",""gpu_model"":""H100"",""num_gpus"":8,""max_num_seqs"":384,""tensor_parallel"":1,""expert_parallel"":8,""data_parallel"":1,""seed"":48105,""num_request_repeats"":1}",lm-arena-chat,Qwen/Qwen3-235B-A22B-Instruct-2507-FP8,available,,9202435633446912.0,5710104429133824.0,1.9487510753181696e+16,3.440005081576243e+16,4096.0,2.1041476507847885e+17,132158140416.0,1876606976.0,939611992064.0,235000000000.0,4300006351970304.0,2.6301845634809856e+16,16519767552.0,29375000000.0,8.0,2.0,False
"{""task"":""lm-arena-chat"",""model_id"":""Qwen/Qwen3-235B-A22B-Instruct-2507-FP8"",""gpu_model"":""H100"",""num_gpus"":8,""max_num_seqs"":512,""tensor_parallel"":1,""expert_parallel"":8,""data_parallel"":1,""seed"":48105,""num_request_repeats"":1}",lm-arena-chat,Qwen/Qwen3-235B-A22B-Instruct-2507-FP8,available,,9202435633446912.0,5710104429133824.0,1.9487510753181696e+16,3.440005081576243e+16,4096.0,2.1041476507847885e+17,132158140416.0,1876606976.0,939611992064.0,235000000000.0,4300006351970304.0,2.6301845634809856e+16,16519767552.0,29375000000.0,8.0,2.0,False
"{""task"":""lm-arena-chat"",""model_id"":""Qwen/Qwen3-235B-A22B-Instruct-2507-FP8"",""gpu_model"":""H100"",""num_gpus"":8,""max_num_seqs"":64,""tensor_parallel"":1,""expert_parallel"":8,""data_parallel"":1,""seed"":48105,""num_request_repeats"":1}",lm-arena-chat,Qwen/Qwen3-235B-A22B-Instruct-2507-FP8,available,,9202435633446912.0,5710104429133824.0,1.9487510753181696e+16,3.440005081576243e+16,4096.0,2.1041476507847885e+17,132158140416.0,1876606976.0,939611992064.0,235000000000.0,4300006351970304.0,2.6301845634809856e+16,16519767552.0,29375000000.0,8.0,2.0,False
"{""task"":""lm-arena-chat"",""model_id"":""Qwen/Qwen3-235B-A22B-Instruct-2507-FP8"",""gpu_model"":""H100"",""num_gpus"":8,""max_num_seqs"":8,""tensor_parallel"":1,""expert_parallel"":8,""data_parallel"":1,""seed"":48105,""num_request_repeats"":1}",lm-arena-chat,Qwen/Qwen3-235B-A22B-Instruct-2507-FP8,available,,9202435633446912.0,5710104429133824.0,1.9487510753181696e+16,3.440005081576243e+16,4096.0,2.1041476507847885e+17,132158140416.0,1876606976.0,939611992064.0,235000000000.0,4300006351970304.0,2.6301845634809856e+16,16519767552.0,29375000000.0,8.0,2.0,False
"{""task"":""lm-arena-chat"",""model_id"":""Qwen/Qwen3-235B-A22B-Instruct-2507-FP8"",""gpu_model"":""H100"",""num_gpus"":8,""max_num_seqs"":96,""tensor_parallel"":1,""expert_parallel"":8,""data_parallel"":1,""seed"":48105,""num_request_repeats"":1}",lm-arena-chat,Qwen/Qwen3-235B-A22B-Instruct-2507-FP8,available,,9202435633446912.0,5710104429133824.0,1.9487510753181696e+16,3.440005081576243e+16,4096.0,2.1041476507847885e+17,132158140416.0,1876606976.0,939611992064.0,235000000000.0,4300006351970304.0,2.6301845634809856e+16,16519767552.0,29375000000.0,8.0,2.0,False
"{""task"":""lm-arena-chat"",""model_id"":""Qwen/Qwen3-30B-A3B-Instruct-2507"",""gpu_model"":""B200"",""num_gpus"":1,""max_num_seqs"":1024,""tensor_parallel"":1,""expert_parallel"":1,""data_parallel"":1,""seed"":48105,""num_request_repeats"":2}",lm-arena-chat,Qwen/Qwen3-30B-A3B-Instruct-2507,available,,2487767330193408.0,2915798006366208.0,4975534660386816.0,1.0379099996946432e+16,4096.0,6.353574112002048e+16,134970015744.0,958267392.0,959603736576.0,60000000000.0,1.0379099996946432e+16,6.353574112002048e+16,134970015744.0,60000000000.0,1.0,2.0,False
"{""task"":""lm-arena-chat"",""model_id"":""Qwen/Qwen3-30B-A3B-Instruct-2507"",""gpu_model"":""B200"",""num_gpus"":1,""max_num_seqs"":128,""tensor_parallel"":1,""expert_parallel"":1,""data_parallel"":1,""seed"":48105,""num_request_repeats"":1}",lm-arena-chat,Qwen/Qwen3-30B-A3B-Instruct-2507,available,,1243883665096704.0,1457899003183104.0,2487767330193408.0,5189549998473216.0,4096.0,3.176787056001024e+16,67485007872.0,958267392.0,479801868288.0,60000000000.0,5189549998473216.0,3.176787056001024e+16,67485007872.0,60000000000.0,1.0,2.0,False
"{""task"":""lm-arena-chat"",""model_id"":""Qwen/Qwen3-30B-A3B-Instruct-2507"",""gpu_model"":""B200"",""num_gpus"":1,""max_num_seqs"":1536,""tensor_parallel"":1,""expert_parallel"":1,""data_parallel"":1,""seed"":48105,""num_request_repeats"":3}",lm-arena-chat,Qwen/Qwen3-30B-A3B-Instruct-2507,available,,3731650995290112.0,4373697009549312.0,7463301990580224.0,1.5568649995419648e+16,4096.0,9.530361168003072e+16,202455023616.0,958267392.0,1439405604864.0,60000000000.0,1.5568649995419648e+16,9.530361168003072e+16,202455023616.0,60000000000.0,1.0,2.0,False
"{""task"":""lm-arena-chat"",""model_id"":""Qwen/Qwen3-30B-A3B-Instruct-2507"",""gpu_model"":""B200"",""num_gpus"":1,""max_num_seqs"":16,""tensor_parallel"":1,""expert_parallel"":1,""data_parallel"":1,""seed"":48105,""num_request_repeats"":1}",lm-arena-chat,Qwen/Qwen3-30B-A3B-Instruct-2507,available,,1243883665096704.0,1457899003183104.0,2487767330193408.0,5189549998473216.0,4096.0,3.176787056001024e+16,67485007872.0,958267392.0,479801868288.0,60000000000.0,5189549998473216.0,3.176787056001024e+16,67485007872.0,60000000000.0,1.0,2.0,False
"{""task"":""lm-arena-chat"",""model_id"":""Qwen/Qwen3-30B-A3B-Instruct-2507"",""gpu_model"":""B200"",""num_gpus"":1,""max_num_seqs"":192,""tensor_parallel"":1,""expert_parallel"":1,""data_parallel"":1,""seed"":48105,""num_request_repeats"":1}",lm-arena-chat,Qwen/Qwen3-30B-A3B-Instruct-2507,available,,1243883665096704.0,1457899003183104.0,2487767330193408.0,5189549998473216.0,4096.0,3.176787056001024e+16,67485007872.0,958267392.0,479801868288.0,60000000000.0,5189549998473216.0,3.176787056001024e+16,67485007872.0,60000000000.0,1.0,2.0,False
"{""task"":""lm-arena-chat"",""model_id"":""Qwen/Qwen3-30B-A3B-Instruct-2507"",""gpu_model"":""B200"",""num_gpus"":1,""max_num_seqs"":2048,""tensor_parallel"":1,""expert_parallel"":1,""data_parallel"":1,""seed"":48105,""num_request_repeats"":4}",lm-arena-chat,Qwen/Qwen3-30B-A3B-Instruct-2507,available,,4975534660386816.0,5831596012732416.0,9951069320773632.0,2.0758199993892864e+16,4096.0,1.2707148224004096e+17,269940031488.0,958267392.0,1919207473152.0,60000000000.0,2.0758199993892864e+16,1.2707148224004096e+17,269940031488.0,60000000000.0,1.0,2.0,False
"{""task"":""lm-arena-chat"",""model_id"":""Qwen/Qwen3-30B-A3B-Instruct-2507"",""gpu_model"":""B200"",""num_gpus"":1,""max_num_seqs"":256,""tensor_parallel"":1,""expert_parallel"":1,""data_parallel"":1,""seed"":48105,""num_request_repeats"":2}",lm-arena-chat,Qwen/Qwen3-30B-A3B-Instruct-2507,available,,2487767330193408.0,2915798006366208.0,4975534660386816.0,1.0379099996946432e+16,4096.0,6.353574112002048e+16,134970015744.0,958267392.0,959603736576.0,60000000000.0,1.0379099996946432e+16,6.353574112002048e+16,134970015744.0,60000000000.0,1.0,2.0,False
"{""task"":""lm-arena-chat"",""model_id"":""Qwen/Qwen3-30B-A3B-Instruct-2507"",""gpu_model"":""B200"",""num_gpus"":1,""max_num_seqs"":32,""tensor_parallel"":1,""expert_parallel"":1,""data_parallel"":1,""seed"":48105,""num_request_repeats"":1}",lm-arena-chat,Qwen/Qwen3-30B-A3B-Instruct-2507,available,,1243883665096704.0,1457899003183104.0,2487767330193408.0,5189549998473216.0,4096.0,3.176787056001024e+16,67485007872.0,958267392.0,479801868288.0,60000000000.0,5189549998473216.0,3.176787056001024e+16,67485007872.0,60000000000.0,1.0,2.0,False
"{""task"":""lm-arena-chat"",""model_id"":""Qwen/Qwen3-30B-A3B-Instruct-2507"",""gpu_model"":""B200"",""num_gpus"":1,""max_num_seqs"":512,""tensor_parallel"":1,""expert_parallel"":1,""data_parallel"":1,""seed"":48105,""num_request_repeats"":2}",lm-arena-chat,Qwen/Qwen3-30B-A3B-Instruct-2507,available,,2487767330193408.0,2915798006366208.0,4975534660386816.0,1.0379099996946432e+16,4096.0,6.353574112002048e+16,134970015744.0,958267392.0,959603736576.0,60000000000.0,1.0379099996946432e+16,6.353574112002048e+16,134970015744.0,60000000000.0,1.0,2.0,False
"{""task"":""lm-arena-chat"",""model_id"":""Qwen/Qwen3-30B-A3B-Instruct-2507"",""gpu_model"":""B200"",""num_gpus"":1,""max_num_seqs"":64,""tensor_parallel"":1,""expert_parallel"":1,""data_parallel"":1,""seed"":48105,""num_request_repeats"":1}",lm-arena-chat,Qwen/Qwen3-30B-A3B-Instruct-2507,available,,1243883665096704.0,1457899003183104.0,2487767330193408.0,5189549998473216.0,4096.0,3.176787056001024e+16,67485007872.0,958267392.0,479801868288.0,60000000000.0,5189549998473216.0,3.176787056001024e+16,67485007872.0,60000000000.0,1.0,2.0,False
"{""task"":""lm-arena-chat"",""model_id"":""Qwen/Qwen3-30B-A3B-Instruct-2507"",""gpu_model"":""B200"",""num_gpus"":1,""max_num_seqs"":768,""tensor_parallel"":1,""expert_parallel"":1,""data_parallel"":1,""seed"":48105,""num_request_repeats"":2}",lm-arena-chat,Qwen/Qwen3-30B-A3B-Instruct-2507,available,,2487767330193408.0,2915798006366208.0,4975534660386816.0,1.0379099996946432e+16,4096.0,6.353574112002048e+16,134970015744.0,958267392.0,959603736576.0,60000000000.0,1.0379099996946432e+16,6.353574112002048e+16,134970015744.0,60000000000.0,1.0,2.0,False
"{""task"":""lm-arena-chat"",""model_id"":""Qwen/Qwen3-30B-A3B-Instruct-2507"",""gpu_model"":""B200"",""num_gpus"":1,""max_num_seqs"":8,""tensor_parallel"":1,""expert_parallel"":1,""data_parallel"":1,""seed"":48105,""num_request_repeats"":1}",lm-arena-chat,Qwen/Qwen3-30B-A3B-Instruct-2507,available,,1243883665096704.0,1457899003183104.0,2487767330193408.0,5189549998473216.0,4096.0,3.176787056001024e+16,67485007872.0,958267392.0,479801868288.0,60000000000.0,5189549998473216.0,3.176787056001024e+16,67485007872.0,60000000000.0,1.0,2.0,False
"{""task"":""lm-arena-chat"",""model_id"":""Qwen/Qwen3-30B-A3B-Instruct-2507"",""gpu_model"":""B200"",""num_gpus"":1,""max_num_seqs"":96,""tensor_parallel"":1,""expert_parallel"":1,""data_parallel"":1,""seed"":48105,""num_request_repeats"":1}",lm-arena-chat,Qwen/Qwen3-30B-A3B-Instruct-2507,available,,1243883665096704.0,1457899003183104.0,2487767330193408.0,5189549998473216.0,4096.0,3.176787056001024e+16,67485007872.0,958267392.0,479801868288.0,60000000000.0,5189549998473216.0,3.176787056001024e+16,67485007872.0,60000000000.0,1.0,2.0,False
"{""task"":""lm-arena-chat"",""model_id"":""Qwen/Qwen3-30B-A3B-Instruct-2507"",""gpu_model"":""H100"",""num_gpus"":1,""max_num_seqs"":128,""tensor_parallel"":1,""expert_parallel"":1,""data_parallel"":1,""seed"":48105,""num_request_repeats"":1}",lm-arena-chat,Qwen/Qwen3-30B-A3B-Instruct-2507,available,,1243883665096704.0,1457899003183104.0,2487767330193408.0,5189549998473216.0,4096.0,3.176787056001024e+16,67485007872.0,958267392.0,479801868288.0,60000000000.0,5189549998473216.0,3.176787056001024e+16,67485007872.0,60000000000.0,1.0,2.0,False
"{""task"":""lm-arena-chat"",""model_id"":""Qwen/Qwen3-30B-A3B-Instruct-2507"",""gpu_model"":""H100"",""num_gpus"":1,""max_num_seqs"":16,""tensor_parallel"":1,""expert_parallel"":1,""data_parallel"":1,""seed"":48105,""num_request_repeats"":1}",lm-arena-chat,Qwen/Qwen3-30B-A3B-Instruct-2507,available,,1243883665096704.0,1457899003183104.0,2487767330193408.0,5189549998473216.0,4096.0,3.176787056001024e+16,67485007872.0,958267392.0,479801868288.0,60000000000.0,5189549998473216.0,3.176787056001024e+16,67485007872.0,60000000000.0,1.0,2.0,False
"{""task"":""lm-arena-chat"",""model_id"":""Qwen/Qwen3-30B-A3B-Instruct-2507"",""gpu_model"":""H100"",""num_gpus"":1,""max_num_seqs"":192,""tensor_parallel"":1,""expert_parallel"":1,""data_parallel"":1,""seed"":48105,""num_request_repeats"":1}",lm-arena-chat,Qwen/Qwen3-30B-A3B-Instruct-2507,available,,1243883665096704.0,1457899003183104.0,2487767330193408.0,5189549998473216.0,4096.0,3.176787056001024e+16,67485007872.0,958267392.0,479801868288.0,60000000000.0,5189549998473216.0,3.176787056001024e+16,67485007872.0,60000000000.0,1.0,2.0,False
"{""task"":""lm-arena-chat"",""model_id"":""Qwen/Qwen3-30B-A3B-Instruct-2507"",""gpu_model"":""H100"",""num_gpus"":1,""max_num_seqs"":256,""tensor_parallel"":1,""expert_parallel"":1,""data_parallel"":1,""seed"":48105,""num_request_repeats"":1}",lm-arena-chat,Qwen/Qwen3-30B-A3B-Instruct-2507,available,,1243883665096704.0,1457899003183104.0,2487767330193408.0,5189549998473216.0,4096.0,3.176787056001024e+16,67485007872.0,958267392.0,479801868288.0,60000000000.0,5189549998473216.0,3.176787056001024e+16,67485007872.0,60000000000.0,1.0,2.0,False
"{""task"":""lm-arena-chat"",""model_id"":""Qwen/Qwen3-30B-A3B-Instruct-2507"",""gpu_model"":""H100"",""num_gpus"":1,""max_num_seqs"":32,""tensor_parallel"":1,""expert_parallel"":1,""data_parallel"":1,""seed"":48105,""num_request_repeats"":1}",lm-arena-chat,Qwen/Qwen3-30B-A3B-Instruct-2507,available,,1243883665096704.0,1457899003183104.0,2487767330193408.0,5189549998473216.0,4096.0,3.176787056001024e+16,67485007872.0,958267392.0,479801868288.0,60000000000.0,5189549998473216.0,3.176787056001024e+16,67485007872.0,60000000000.0,1.0,2.0,False
"{""task"":""lm-arena-chat"",""model_id"":""Qwen/Qwen3-30B-A3B-Instruct-2507"",""gpu_model"":""H100"",""num_gpus"":1,""max_num_seqs"":384,""tensor_parallel"":1,""expert_parallel"":1,""data_parallel"":1,""seed"":48105,""num_request_repeats"":1}",lm-arena-chat,Qwen/Qwen3-30B-A3B-Instruct-2507,available,,1243883665096704.0,1457899003183104.0,2487767330193408.0,5189549998473216.0,4096.0,3.176787056001024e+16,67485007872.0,958267392.0,479801868288.0,60000000000.0,5189549998473216.0,3.176787056001024e+16,67485007872.0,60000000000.0,1.0,2.0,False
"{""task"":""lm-arena-chat"",""model_id"":""Qwen/Qwen3-30B-A3B-Instruct-2507"",""gpu_model"":""H100"",""num_gpus"":1,""max_num_seqs"":512,""tensor_parallel"":1,""expert_parallel"":1,""data_parallel"":1,""seed"":48105,""num_request_repeats"":1}",lm-arena-chat,Qwen/Qwen3-30B-A3B-Instruct-2507,available,,1243883665096704.0,1457899003183104.0,2487767330193408.0,5189549998473216.0,4096.0,3.176787056001024e+16,67485007872.0,958267392.0,479801868288.0,60000000000.0,5189549998473216.0,3.176787056001024e+16,67485007872.0,60000000000.0,1.0,2.0,False
"{""task"":""lm-arena-chat"",""model_id"":""Qwen/Qwen3-30B-A3B-Instruct-2507"",""gpu_model"":""H100"",""num_gpus"":1,""max_num_seqs"":64,""tensor_parallel"":1,""expert_parallel"":1,""data_parallel"":1,""seed"":48105,""num_request_repeats"":1}",lm-arena-chat,Qwen/Qwen3-30B-A3B-Instruct-2507,available,,1243883665096704.0,1457899003183104.0,2487767330193408.0,5189549998473216.0,4096.0,3.176787056001024e+16,67485007872.0,958267392.0,479801868288.0,60000000000.0,5189549998473216.0,3.176787056001024e+16,67485007872.0,60000000000.0,1.0,2.0,False
"{""task"":""lm-arena-chat"",""model_id"":""Qwen/Qwen3-30B-A3B-Instruct-2507"",""gpu_model"":""H100"",""num_gpus"":1,""max_num_seqs"":8,""tensor_parallel"":1,""expert_parallel"":1,""data_parallel"":1,""seed"":48105,""num_request_repeats"":1}",lm-arena-chat,Qwen/Qwen3-30B-A3B-Instruct-2507,available,,1243883665096704.0,1457899003183104.0,2487767330193408.0,5189549998473216.0,4096.0,3.176787056001024e+16,67485007872.0,958267392.0,479801868288.0,60000000000.0,5189549998473216.0,3.176787056001024e+16,67485007872.0,60000000000.0,1.0,2.0,False
"{""task"":""lm-arena-chat"",""model_id"":""Qwen/Qwen3-30B-A3B-Instruct-2507"",""gpu_model"":""H100"",""num_gpus"":1,""max_num_seqs"":96,""tensor_parallel"":1,""expert_parallel"":1,""data_parallel"":1,""seed"":48105,""num_request_repeats"":1}",lm-arena-chat,Qwen/Qwen3-30B-A3B-Instruct-2507,available,,1243883665096704.0,1457899003183104.0,2487767330193408.0,5189549998473216.0,4096.0,3.176787056001024e+16,67485007872.0,958267392.0,479801868288.0,60000000000.0,5189549998473216.0,3.176787056001024e+16,67485007872.0,60000000000.0,1.0,2.0,False
"{""task"":""lm-arena-chat"",""model_id"":""Qwen/Qwen3-30B-A3B-Instruct-2507"",""gpu_model"":""H100"",""num_gpus"":2,""max_num_seqs"":1024,""tensor_parallel"":1,""expert_parallel"":2,""data_parallel"":1,""seed"":48105,""num_request_repeats"":2}",lm-arena-chat,Qwen/Qwen3-30B-A3B-Instruct-2507,available,,2487767330193408.0,2915798006366208.0,4975534660386816.0,1.0379099996946432e+16,4096.0,6.353574112002048e+16,134970015744.0,958267392.0,959603736576.0,60000000000.0,5189549998473216.0,3.176787056001024e+16,67485007872.0,30000000000.0,2.0,2.0,False
"{""task"":""lm-arena-chat"",""model_id"":""Qwen/Qwen3-30B-A3B-Instruct-2507"",""gpu_model"":""H100"",""num_gpus"":2,""max_num_seqs"":128,""tensor_parallel"":1,""expert_parallel"":2,""data_parallel"":1,""seed"":48105,""num_request_repeats"":1}",lm-arena-chat,Qwen/Qwen3-30B-A3B-Instruct-2507,available,,1243883665096704.0,1457899003183104.0,2487767330193408.0,5189549998473216.0,4096.0,3.176787056001024e+16,67485007872.0,958267392.0,479801868288.0,60000000000.0,2594774999236608.0,1.588393528000512e+16,33742503936.0,30000000000.0,2.0,2.0,False
"{""task"":""lm-arena-chat"",""model_id"":""Qwen/Qwen3-30B-A3B-Instruct-2507"",""gpu_model"":""H100"",""num_gpus"":2,""max_num_seqs"":1536,""tensor_parallel"":1,""expert_parallel"":2,""data_parallel"":1,""seed"":48105,""num_request_repeats"":3}",lm-arena-chat,Qwen/Qwen3-30B-A3B-Instruct-2507,available,,3731650995290112.0,4373697009549312.0,7463301990580224.0,1.5568649995419648e+16,4096.0,9.530361168003072e+16,202455023616.0,958267392.0,1439405604864.0,60000000000.0,7784324997709824.0,4.765180584001536e+16,101227511808.0,30000000000.0,2.0,2.0,False
"{""task"":""lm-arena-chat"",""model_id"":""Qwen/Qwen3-30B-A3B-Instruct-2507"",""gpu_model"":""H100"",""num_gpus"":2,""max_num_seqs"":16,""tensor_parallel"":1,""expert_parallel"":2,""data_parallel"":1,""seed"":48105,""num_request_repeats"":1}",lm-arena-chat,Qwen/Qwen3-30B-A3B-Instruct-2507,available,,1243883665096704.0,1457899003183104.0,2487767330193408.0,5189549998473216.0,4096.0,3.176787056001024e+16,67485007872.0,958267392.0,479801868288.0,60000000000.0,2594774999236608.0,1.588393528000512e+16,33742503936.0,30000000000.0,2.0,2.0,False
"{""task"":""lm-arena-chat"",""model_id"":""Qwen/Qwen3-30B-A3B-Instruct-2507"",""gpu_model"":""H100"",""num_gpus"":2,""max_num_seqs"":192,""tensor_parallel"":1,""expert_parallel"":2,""data_parallel"":1,""seed"":48105,""num_request_repeats"":1}",lm-arena-chat,Qwen/Qwen3-30B-A3B-Instruct-2507,available,,1243883665096704.0,1457899003183104.0,2487767330193408.0,5189549998473216.0,4096.0,3.176787056001024e+16,67485007872.0,958267392.0,479801868288.0,60000000000.0,2594774999236608.0,1.588393528000512e+16,33742503936.0,30000000000.0,2.0,2.0,False
"{""task"":""lm-arena-chat"",""model_id"":""Qwen/Qwen3-30B-A3B-Instruct-2507"",""gpu_model"":""H100"",""num_gpus"":2,""max_num_seqs"":256,""tensor_parallel"":1,""expert_parallel"":2,""data_parallel"":1,""seed"":48105,""num_request_repeats"":1}",lm-arena-chat,Qwen/Qwen3-30B-A3B-Instruct-2507,available,,1243883665096704.0,1457899003183104.0,2487767330193408.0,5189549998473216.0,4096.0,3.176787056001024e+16,67485007872.0,958267392.0,479801868288.0,60000000000.0,2594774999236608.0,1.588393528000512e+16,33742503936.0,30000000000.0,2.0,2.0,False
"{""task"":""lm-arena-chat"",""model_id"":""Qwen/Qwen3-30B-A3B-Instruct-2507"",""gpu_model"":""H100"",""num_gpus"":2,""max_num_seqs"":256,""tensor_parallel"":1,""expert_parallel"":2,""data_parallel"":1,""seed"":48105,""num_request_repeats"":2}",lm-arena-chat,Qwen/Qwen3-30B-A3B-Instruct-2507,available,,2487767330193408.0,2915798006366208.0,4975534660386816.0,1.0379099996946432e+16,4096.0,6.353574112002048e+16,134970015744.0,958267392.0,959603736576.0,60000000000.0,5189549998473216.0,3.176787056001024e+16,67485007872.0,30000000000.0,2.0,2.0,False
"{""task"":""lm-arena-chat"",""model_id"":""Qwen/Qwen3-30B-A3B-Instruct-2507"",""gpu_model"":""H100"",""num_gpus"":2,""max_num_seqs"":32,""tensor_parallel"":1,""expert_parallel"":2,""data_parallel"":1,""seed"":48105,""num_request_repeats"":1}",lm-arena-chat,Qwen/Qwen3-30B-A3B-Instruct-2507,available,,1243883665096704.0,1457899003183104.0,2487767330193408.0,5189549998473216.0,4096.0,3.176787056001024e+16,67485007872.0,958267392.0,479801868288.0,60000000000.0,2594774999236608.0,1.588393528000512e+16,33742503936.0,30000000000.0,2.0,2.0,False
"{""task"":""lm-arena-chat"",""model_id"":""Qwen/Qwen3-30B-A3B-Instruct-2507"",""gpu_model"":""H100"",""num_gpus"":2,""max_num_seqs"":384,""tensor_parallel"":1,""expert_parallel"":2,""data_parallel"":1,""seed"":48105,""num_request_repeats"":1}",lm-arena-chat,Qwen/Qwen3-30B-A3B-Instruct-2507,available,,1243883665096704.0,1457899003183104.0,2487767330193408.0,5189549998473216.0,4096.0,3.176787056001024e+16,67485007872.0,958267392.0,479801868288.0,60000000000.0,2594774999236608.0,1.588393528000512e+16,33742503936.0,30000000000.0,2.0,2.0,False
"{""task"":""lm-arena-chat"",""model_id"":""Qwen/Qwen3-30B-A3B-Instruct-2507"",""gpu_model"":""H100"",""num_gpus"":2,""max_num_seqs"":512,""tensor_parallel"":1,""expert_parallel"":2,""data_parallel"":1,""seed"":48105,""num_request_repeats"":1}",lm-arena-chat,Qwen/Qwen3-30B-A3B-Instruct-2507,available,,1243883665096704.0,1457899003183104.0,2487767330193408.0,5189549998473216.0,4096.0,3.176787056001024e+16,67485007872.0,958267392.0,479801868288.0,60000000000.0,2594774999236608.0,1.588393528000512e+16,33742503936.0,30000000000.0,2.0,2.0,False
"{""task"":""lm-arena-chat"",""model_id"":""Qwen/Qwen3-30B-A3B-Instruct-2507"",""gpu_model"":""H100"",""num_gpus"":2,""max_num_seqs"":512,""tensor_parallel"":1,""expert_parallel"":2,""data_parallel"":1,""seed"":48105,""num_request_repeats"":2}",lm-arena-chat,Qwen/Qwen3-30B-A3B-Instruct-2507,available,,2487767330193408.0,2915798006366208.0,4975534660386816.0,1.0379099996946432e+16,4096.0,6.353574112002048e+16,134970015744.0,958267392.0,959603736576.0,60000000000.0,5189549998473216.0,3.176787056001024e+16,67485007872.0,30000000000.0,2.0,2.0,False
"{""task"":""lm-arena-chat"",""model_id"":""Qwen/Qwen3-30B-A3B-Instruct-2507"",""gpu_model"":""H100"",""num_gpus"":2,""max_num_seqs"":64,""tensor_parallel"":1,""expert_parallel"":2,""data_parallel"":1,""seed"":48105,""num_request_repeats"":1}",lm-arena-chat,Qwen/Qwen3-30B-A3B-Instruct-2507,available,,1243883665096704.0,1457899003183104.0,2487767330193408.0,5189549998473216.0,4096.0,3.176787056001024e+16,67485007872.0,958267392.0,479801868288.0,60000000000.0,2594774999236608.0,1.588393528000512e+16,33742503936.0,30000000000.0,2.0,2.0,False
"{""task"":""lm-arena-chat"",""model_id"":""Qwen/Qwen3-30B-A3B-Instruct-2507"",""gpu_model"":""H100"",""num_gpus"":2,""max_num_seqs"":768,""tensor_parallel"":1,""expert_parallel"":2,""data_parallel"":1,""seed"":48105,""num_request_repeats"":2}",lm-arena-chat,Qwen/Qwen3-30B-A3B-Instruct-2507,available,,2487767330193408.0,2915798006366208.0,4975534660386816.0,1.0379099996946432e+16,4096.0,6.353574112002048e+16,134970015744.0,958267392.0,959603736576.0,60000000000.0,5189549998473216.0,3.176787056001024e+16,67485007872.0,30000000000.0,2.0,2.0,False
"{""task"":""lm-arena-chat"",""model_id"":""Qwen/Qwen3-30B-A3B-Instruct-2507"",""gpu_model"":""H100"",""num_gpus"":2,""max_num_seqs"":8,""tensor_parallel"":1,""expert_parallel"":2,""data_parallel"":1,""seed"":48105,""num_request_repeats"":1}",lm-arena-chat,Qwen/Qwen3-30B-A3B-Instruct-2507,available,,1243883665096704.0,1457899003183104.0,2487767330193408.0,5189549998473216.0,4096.0,3.176787056001024e+16,67485007872.0,958267392.0,479801868288.0,60000000000.0,2594774999236608.0,1.588393528000512e+16,33742503936.0,30000000000.0,2.0,2.0,False
"{""task"":""lm-arena-chat"",""model_id"":""Qwen/Qwen3-30B-A3B-Instruct-2507"",""gpu_model"":""H100"",""num_gpus"":2,""max_num_seqs"":96,""tensor_parallel"":1,""expert_parallel"":2,""data_parallel"":1,""seed"":48105,""num_request_repeats"":1}",lm-arena-chat,Qwen/Qwen3-30B-A3B-Instruct-2507,available,,1243883665096704.0,1457899003183104.0,2487767330193408.0,5189549998473216.0,4096.0,3.176787056001024e+16,67485007872.0,958267392.0,479801868288.0,60000000000.0,2594774999236608.0,1.588393528000512e+16,33742503936.0,30000000000.0,2.0,2.0,False
"{""task"":""lm-arena-chat"",""model_id"":""Qwen/Qwen3-32B"",""gpu_model"":""B200"",""num_gpus"":1,""max_num_seqs"":128,""tensor_parallel"":1,""expert_parallel"":1,""data_parallel"":1,""seed"":48105,""num_request_repeats"":1}",lm-arena-chat,Qwen/Qwen3-32B,available,,8342035790561280.0,3899282476236800.0,3.4758482460672e+16,4.699980072747008e+16,4096.0,2.8572263923685786e+17,181033762816.0,2556428288.0,1280545390592.0,64000000000.0,4.699980072747008e+16,2.8572263923685786e+17,181033762816.0,64000000000.0,1.0,2.0,False
"{""task"":""lm-arena-chat"",""model_id"":""Qwen/Qwen3-32B"",""gpu_model"":""B200"",""num_gpus"":1,""max_num_seqs"":16,""tensor_parallel"":1,""expert_parallel"":1,""data_parallel"":1,""seed"":48105,""num_request_repeats"":1}",lm-arena-chat,Qwen/Qwen3-32B,available,,8342035790561280.0,3899282476236800.0,3.4758482460672e+16,4.699980072747008e+16,4096.0,2.8572263923685786e+17,181033762816.0,2556428288.0,1280545390592.0,64000000000.0,4.699980072747008e+16,2.8572263923685786e+17,181033762816.0,64000000000.0,1.0,2.0,False
"{""task"":""lm-arena-chat"",""model_id"":""Qwen/Qwen3-32B"",""gpu_model"":""B200"",""num_gpus"":1,""max_num_seqs"":192,""tensor_parallel"":1,""expert_parallel"":1,""data_parallel"":1,""seed"":48105,""num_request_repeats"":1}",lm-arena-chat,Qwen/Qwen3-32B,available,,8342035790561280.0,3899282476236800.0,3.4758482460672e+16,4.699980072747008e+16,4096.0,2.8572263923685786e+17,181033762816.0,2556428288.0,1280545390592.0,64000000000.0,4.699980072747008e+16,2.8572263923685786e+17,181033762816.0,64000000000.0,1.0,2.0,False
"{""task"":""lm-arena-chat"",""model_id"":""Qwen/Qwen3-32B"",""gpu_model"":""B200"",""num_gpus"":1,""max_num_seqs"":256,""tensor_parallel"":1,""expert_parallel"":1,""data_parallel"":1,""seed"":48105,""num_request_repeats"":2}",lm-arena-chat,Qwen/Qwen3-32B,available,,1.668407158112256e+16,7798564952473600.0,6.9516964921344e+16,9.399960145494016e+16,4096.0,5.714452784737157e+17,362067525632.0,2556428288.0,2561090781184.0,64000000000.0,9.399960145494016e+16,5.714452784737157e+17,362067525632.0,64000000000.0,1.0,2.0,False
"{""task"":""lm-arena-chat"",""model_id"":""Qwen/Qwen3-32B"",""gpu_model"":""B200"",""num_gpus"":1,""max_num_seqs"":32,""tensor_parallel"":1,""expert_parallel"":1,""data_parallel"":1,""seed"":48105,""num_request_repeats"":1}",lm-arena-chat,Qwen/Qwen3-32B,available,,8342035790561280.0,3899282476236800.0,3.4758482460672e+16,4.699980072747008e+16,4096.0,2.8572263923685786e+17,181033762816.0,2556428288.0,1280545390592.0,64000000000.0,4.699980072747008e+16,2.8572263923685786e+17,181033762816.0,64000000000.0,1.0,2.0,False
"{""task"":""lm-arena-chat"",""model_id"":""Qwen/Qwen3-32B"",""gpu_model"":""B200"",""num_gpus"":1,""max_num_seqs"":384,""tensor_parallel"":1,""expert_parallel"":1,""data_parallel"":1,""seed"":48105,""num_request_repeats"":2}",lm-arena-chat,Qwen/Qwen3-32B,available,,1.668407158112256e+16,7798564952473600.0,6.9516964921344e+16,9.399960145494016e+16,4096.0,5.714452784737157e+17,362067525632.0,2556428288.0,2561090781184.0,64000000000.0,9.399960145494016e+16,5.714452784737157e+17,362067525632.0,64000000000.0,1.0,2.0,False
"{""task"":""lm-arena-chat"",""model_id"":""Qwen/Qwen3-32B"",""gpu_model"":""B200"",""num_gpus"":1,""max_num_seqs"":512,""tensor_parallel"":1,""expert_parallel"":1,""data_parallel"":1,""seed"":48105,""num_request_repeats"":2}",lm-arena-chat,Qwen/Qwen3-32B,available,,1.668407158112256e+16,7798564952473600.0,6.9516964921344e+16,9.399960145494016e+16,4096.0,5.714452784737157e+17,362067525632.0,2556428288.0,2561090781184.0,64000000000.0,9.399960145494016e+16,5.714452784737157e+17,362067525632.0,64000000000.0,1.0,2.0,False
"{""task"":""lm-arena-chat"",""model_id"":""Qwen/Qwen3-32B"",""gpu_model"":""B200"",""num_gpus"":1,""max_num_seqs"":64,""tensor_parallel"":1,""expert_parallel"":1,""data_parallel"":1,""seed"":48105,""num_request_repeats"":1}",lm-arena-chat,Qwen/Qwen3-32B,available,,8342035790561280.0,3899282476236800.0,3.4758482460672e+16,4.699980072747008e+16,4096.0,2.8572263923685786e+17,181033762816.0,2556428288.0,1280545390592.0,64000000000.0,4.699980072747008e+16,2.8572263923685786e+17,181033762816.0,64000000000.0,1.0,2.0,False
"{""task"":""lm-arena-chat"",""model_id"":""Qwen/Qwen3-32B"",""gpu_model"":""B200"",""num_gpus"":1,""max_num_seqs"":8,""tensor_parallel"":1,""expert_parallel"":1,""data_parallel"":1,""seed"":48105,""num_request_repeats"":1}",lm-arena-chat,Qwen/Qwen3-32B,available,,8342035790561280.0,3899282476236800.0,3.4758482460672e+16,4.699980072747008e+16,4096.0,2.8572263923685786e+17,181033762816.0,2556428288.0,1280545390592.0,64000000000.0,4.699980072747008e+16,2.8572263923685786e+17,181033762816.0,64000000000.0,1.0,2.0,False
"{""task"":""lm-arena-chat"",""model_id"":""Qwen/Qwen3-32B"",""gpu_model"":""B200"",""num_gpus"":1,""max_num_seqs"":96,""tensor_parallel"":1,""expert_parallel"":1,""data_parallel"":1,""seed"":48105,""num_request_repeats"":1}",lm-arena-chat,Qwen/Qwen3-32B,available,,8342035790561280.0,3899282476236800.0,3.4758482460672e+16,4.699980072747008e+16,4096.0,2.8572263923685786e+17,181033762816.0,2556428288.0,1280545390592.0,64000000000.0,4.699980072747008e+16,2.8572263923685786e+17,181033762816.0,64000000000.0,1.0,2.0,False
"{""task"":""lm-arena-chat"",""model_id"":""Qwen/Qwen3-32B"",""gpu_model"":""H100"",""num_gpus"":1,""max_num_seqs"":128,""tensor_parallel"":1,""expert_parallel"":1,""data_parallel"":1,""seed"":48105,""num_request_repeats"":1}",lm-arena-chat,Qwen/Qwen3-32B,available,,8342035790561280.0,3899282476236800.0,3.4758482460672e+16,4.699980072747008e+16,4096.0,2.8572263923685786e+17,181033762816.0,2556428288.0,1280545390592.0,64000000000.0,4.699980072747008e+16,2.8572263923685786e+17,181033762816.0,64000000000.0,1.0,2.0,False
"{""task"":""lm-arena-chat"",""model_id"":""Qwen/Qwen3-32B"",""gpu_model"":""H100"",""num_gpus"":1,""max_num_seqs"":16,""tensor_parallel"":1,""expert_parallel"":1,""data_parallel"":1,""seed"":48105,""num_request_repeats"":1}",lm-arena-chat,Qwen/Qwen3-32B,available,,8342035790561280.0,3899282476236800.0,3.4758482460672e+16,4.699980072747008e+16,4096.0,2.8572263923685786e+17,181033762816.0,2556428288.0,1280545390592.0,64000000000.0,4.699980072747008e+16,2.8572263923685786e+17,181033762816.0,64000000000.0,1.0,2.0,False
"{""task"":""lm-arena-chat"",""model_id"":""Qwen/Qwen3-32B"",""gpu_model"":""H100"",""num_gpus"":1,""max_num_seqs"":192,""tensor_parallel"":1,""expert_parallel"":1,""data_parallel"":1,""seed"":48105,""num_request_repeats"":1}",lm-arena-chat,Qwen/Qwen3-32B,available,,8342035790561280.0,3899282476236800.0,3.4758482460672e+16,4.699980072747008e+16,4096.0,2.8572263923685786e+17,181033762816.0,2556428288.0,1280545390592.0,64000000000.0,4.699980072747008e+16,2.8572263923685786e+17,181033762816.0,64000000000.0,1.0,2.0,False
"{""task"":""lm-arena-chat"",""model_id"":""Qwen/Qwen3-32B"",""gpu_model"":""H100"",""num_gpus"":1,""max_num_seqs"":256,""tensor_parallel"":1,""expert_parallel"":1,""data_parallel"":1,""seed"":48105,""num_request_repeats"":1}",lm-arena-chat,Qwen/Qwen3-32B,available,,8342035790561280.0,3899282476236800.0,3.4758482460672e+16,4.699980072747008e+16,4096.0,2.8572263923685786e+17,181033762816.0,2556428288.0,1280545390592.0,64000000000.0,4.699980072747008e+16,2.8572263923685786e+17,181033762816.0,64000000000.0,1.0,2.0,False
"{""task"":""lm-arena-chat"",""model_id"":""Qwen/Qwen3-32B"",""gpu_model"":""H100"",""num_gpus"":1,""max_num_seqs"":32,""tensor_parallel"":1,""expert_parallel"":1,""data_parallel"":1,""seed"":48105,""num_request_repeats"":1}",lm-arena-chat,Qwen/Qwen3-32B,available,,8342035790561280.0,3899282476236800.0,3.4758482460672e+16,4.699980072747008e+16,4096.0,2.8572263923685786e+17,181033762816.0,2556428288.0,1280545390592.0,64000000000.0,4.699980072747008e+16,2.8572263923685786e+17,181033762816.0,64000000000.0,1.0,2.0,False
"{""task"":""lm-arena-chat"",""model_id"":""Qwen/Qwen3-32B"",""gpu_model"":""H100"",""num_gpus"":1,""max_num_seqs"":384,""tensor_parallel"":1,""expert_parallel"":1,""data_parallel"":1,""seed"":48105,""num_request_repeats"":1}",lm-arena-chat,Qwen/Qwen3-32B,available,,8342035790561280.0,3899282476236800.0,3.4758482460672e+16,4.699980072747008e+16,4096.0,2.8572263923685786e+17,181033762816.0,2556428288.0,1280545390592.0,64000000000.0,4.699980072747008e+16,2.8572263923685786e+17,181033762816.0,64000000000.0,1.0,2.0,False
"{""task"":""lm-arena-chat"",""model_id"":""Qwen/Qwen3-32B"",""gpu_model"":""H100"",""num_gpus"":1,""max_num_seqs"":512,""tensor_parallel"":1,""expert_parallel"":1,""data_parallel"":1,""seed"":48105,""num_request_repeats"":1}",lm-arena-chat,Qwen/Qwen3-32B,available,,8342035790561280.0,3899282476236800.0,3.4758482460672e+16,4.699980072747008e+16,4096.0,2.8572263923685786e+17,181033762816.0,2556428288.0,1280545390592.0,64000000000.0,4.699980072747008e+16,2.8572263923685786e+17,181033762816.0,64000000000.0,1.0,2.0,False
"{""task"":""lm-arena-chat"",""model_id"":""Qwen/Qwen3-32B"",""gpu_model"":""H100"",""num_gpus"":1,""max_num_seqs"":64,""tensor_parallel"":1,""expert_parallel"":1,""data_parallel"":1,""seed"":48105,""num_request_repeats"":1}",lm-arena-chat,Qwen/Qwen3-32B,available,,8342035790561280.0,3899282476236800.0,3.4758482460672e+16,4.699980072747008e+16,4096.0,2.8572263923685786e+17,181033762816.0,2556428288.0,1280545390592.0,64000000000.0,4.699980072747008e+16,2.8572263923685786e+17,181033762816.0,64000000000.0,1.0,2.0,False
"{""task"":""lm-arena-chat"",""model_id"":""Qwen/Qwen3-32B"",""gpu_model"":""H100"",""num_gpus"":1,""max_num_seqs"":8,""tensor_parallel"":1,""expert_parallel"":1,""data_parallel"":1,""seed"":48105,""num_request_repeats"":1}",lm-arena-chat,Qwen/Qwen3-32B,available,,8342035790561280.0,3899282476236800.0,3.4758482460672e+16,4.699980072747008e+16,4096.0,2.8572263923685786e+17,181033762816.0,2556428288.0,1280545390592.0,64000000000.0,4.699980072747008e+16,2.8572263923685786e+17,181033762816.0,64000000000.0,1.0,2.0,False
"{""task"":""lm-arena-chat"",""model_id"":""Qwen/Qwen3-32B"",""gpu_model"":""H100"",""num_gpus"":1,""max_num_seqs"":96,""tensor_parallel"":1,""expert_parallel"":1,""data_parallel"":1,""seed"":48105,""num_request_repeats"":1}",lm-arena-chat,Qwen/Qwen3-32B,available,,8342035790561280.0,3899282476236800.0,3.4758482460672e+16,4.699980072747008e+16,4096.0,2.8572263923685786e+17,181033762816.0,2556428288.0,1280545390592.0,64000000000.0,4.699980072747008e+16,2.8572263923685786e+17,181033762816.0,64000000000.0,1.0,2.0,False
"{""task"":""lm-arena-chat"",""model_id"":""Qwen/Qwen3-32B"",""gpu_model"":""H100"",""num_gpus"":2,""max_num_seqs"":128,""tensor_parallel"":2,""expert_parallel"":1,""data_parallel"":1,""seed"":48105,""num_request_repeats"":1}",lm-arena-chat,Qwen/Qwen3-32B,available,,8342035790561280.0,3899282476236800.0,3.4758482460672e+16,4.699980072747008e+16,4096.0,2.8572263923685786e+17,181033762816.0,2556428288.0,1280545390592.0,64000000000.0,2.349990036373504e+16,1.4286131961842893e+17,90516881408.0,32000000000.0,2.0,2.0,False
"{""task"":""lm-arena-chat"",""model_id"":""Qwen/Qwen3-32B"",""gpu_model"":""H100"",""num_gpus"":2,""max_num_seqs"":16,""tensor_parallel"":2,""expert_parallel"":1,""data_parallel"":1,""seed"":48105,""num_request_repeats"":1}",lm-arena-chat,Qwen/Qwen3-32B,available,,8342035790561280.0,3899282476236800.0,3.4758482460672e+16,4.699980072747008e+16,4096.0,2.8572263923685786e+17,181033762816.0,2556428288.0,1280545390592.0,64000000000.0,2.349990036373504e+16,1.4286131961842893e+17,90516881408.0,32000000000.0,2.0,2.0,False
"{""task"":""lm-arena-chat"",""model_id"":""Qwen/Qwen3-32B"",""gpu_model"":""H100"",""num_gpus"":2,""max_num_seqs"":192,""tensor_parallel"":2,""expert_parallel"":1,""data_parallel"":1,""seed"":48105,""num_request_repeats"":1}",lm-arena-chat,Qwen/Qwen3-32B,available,,8342035790561280.0,3899282476236800.0,3.4758482460672e+16,4.699980072747008e+16,4096.0,2.8572263923685786e+17,181033762816.0,2556428288.0,1280545390592.0,64000000000.0,2.349990036373504e+16,1.4286131961842893e+17,90516881408.0,32000000000.0,2.0,2.0,False
"{""task"":""lm-arena-chat"",""model_id"":""Qwen/Qwen3-32B"",""gpu_model"":""H100"",""num_gpus"":2,""max_num_seqs"":256,""tensor_parallel"":2,""expert_parallel"":1,""data_parallel"":1,""seed"":48105,""num_request_repeats"":1}",lm-arena-chat,Qwen/Qwen3-32B,available,,8342035790561280.0,3899282476236800.0,3.4758482460672e+16,4.699980072747008e+16,4096.0,2.8572263923685786e+17,181033762816.0,2556428288.0,1280545390592.0,64000000000.0,2.349990036373504e+16,1.4286131961842893e+17,90516881408.0,32000000000.0,2.0,2.0,False
"{""task"":""lm-arena-chat"",""model_id"":""Qwen/Qwen3-32B"",""gpu_model"":""H100"",""num_gpus"":2,""max_num_seqs"":32,""tensor_parallel"":2,""expert_parallel"":1,""data_parallel"":1,""seed"":48105,""num_request_repeats"":1}",lm-arena-chat,Qwen/Qwen3-32B,available,,8342035790561280.0,3899282476236800.0,3.4758482460672e+16,4.699980072747008e+16,4096.0,2.8572263923685786e+17,181033762816.0,2556428288.0,1280545390592.0,64000000000.0,2.349990036373504e+16,1.4286131961842893e+17,90516881408.0,32000000000.0,2.0,2.0,False
"{""task"":""lm-arena-chat"",""model_id"":""Qwen/Qwen3-32B"",""gpu_model"":""H100"",""num_gpus"":2,""max_num_seqs"":384,""tensor_parallel"":2,""expert_parallel"":1,""data_parallel"":1,""seed"":48105,""num_request_repeats"":1}",lm-arena-chat,Qwen/Qwen3-32B,available,,8342035790561280.0,3899282476236800.0,3.4758482460672e+16,4.699980072747008e+16,4096.0,2.8572263923685786e+17,181033762816.0,2556428288.0,1280545390592.0,64000000000.0,2.349990036373504e+16,1.4286131961842893e+17,90516881408.0,32000000000.0,2.0,2.0,False
"{""task"":""lm-arena-chat"",""model_id"":""Qwen/Qwen3-32B"",""gpu_model"":""H100"",""num_gpus"":2,""max_num_seqs"":512,""tensor_parallel"":2,""expert_parallel"":1,""data_parallel"":1,""seed"":48105,""num_request_repeats"":1}",lm-arena-chat,Qwen/Qwen3-32B,available,,8342035790561280.0,3899282476236800.0,3.4758482460672e+16,4.699980072747008e+16,4096.0,2.8572263923685786e+17,181033762816.0,2556428288.0,1280545390592.0,64000000000.0,2.349990036373504e+16,1.4286131961842893e+17,90516881408.0,32000000000.0,2.0,2.0,False
"{""task"":""lm-arena-chat"",""model_id"":""Qwen/Qwen3-32B"",""gpu_model"":""H100"",""num_gpus"":2,""max_num_seqs"":64,""tensor_parallel"":2,""expert_parallel"":1,""data_parallel"":1,""seed"":48105,""num_request_repeats"":1}",lm-arena-chat,Qwen/Qwen3-32B,available,,8342035790561280.0,3899282476236800.0,3.4758482460672e+16,4.699980072747008e+16,4096.0,2.8572263923685786e+17,181033762816.0,2556428288.0,1280545390592.0,64000000000.0,2.349990036373504e+16,1.4286131961842893e+17,90516881408.0,32000000000.0,2.0,2.0,False
"{""task"":""lm-arena-chat"",""model_id"":""Qwen/Qwen3-32B"",""gpu_model"":""H100"",""num_gpus"":2,""max_num_seqs"":8,""tensor_parallel"":2,""expert_parallel"":1,""data_parallel"":1,""seed"":48105,""num_request_repeats"":1}",lm-arena-chat,Qwen/Qwen3-32B,available,,8342035790561280.0,3899282476236800.0,3.4758482460672e+16,4.699980072747008e+16,4096.0,2.8572263923685786e+17,181033762816.0,2556428288.0,1280545390592.0,64000000000.0,2.349990036373504e+16,1.4286131961842893e+17,90516881408.0,32000000000.0,2.0,2.0,False
"{""task"":""lm-arena-chat"",""model_id"":""Qwen/Qwen3-32B"",""gpu_model"":""H100"",""num_gpus"":2,""max_num_seqs"":96,""tensor_parallel"":2,""expert_parallel"":1,""data_parallel"":1,""seed"":48105,""num_request_repeats"":1}",lm-arena-chat,Qwen/Qwen3-32B,available,,8342035790561280.0,3899282476236800.0,3.4758482460672e+16,4.699980072747008e+16,4096.0,2.8572263923685786e+17,181033762816.0,2556428288.0,1280545390592.0,64000000000.0,2.349990036373504e+16,1.4286131961842893e+17,90516881408.0,32000000000.0,2.0,2.0,False
"{""task"":""lm-arena-chat"",""model_id"":""Qwen/Qwen3-8B"",""gpu_model"":""B200"",""num_gpus"":1,""max_num_seqs"":1024,""tensor_parallel"":1,""expert_parallel"":1,""data_parallel"":1,""seed"":48105,""num_request_repeats"":4}",lm-arena-chat,Qwen/Qwen3-8B,available,,8342035790561280.0,4386692785766400.0,3.003132884602061e+16,4.276005742234829e+16,4096.0,2.600060554743644e+17,407325966336.0,1437990912.0,2881227128832.0,16000000000.0,4.276005742234829e+16,2.600060554743644e+17,407325966336.0,16000000000.0,1.0,2.0,False
"{""task"":""lm-arena-chat"",""model_id"":""Qwen/Qwen3-8B"",""gpu_model"":""B200"",""num_gpus"":1,""max_num_seqs"":128,""tensor_parallel"":1,""expert_parallel"":1,""data_parallel"":1,""seed"":48105,""num_request_repeats"":1}",lm-arena-chat,Qwen/Qwen3-8B,available,,2085508947640320.0,1096673196441600.0,7507832211505152.0,1.0690014355587072e+16,4096.0,6.50015138685911e+16,101831491584.0,1437990912.0,720306782208.0,16000000000.0,1.0690014355587072e+16,6.50015138685911e+16,101831491584.0,16000000000.0,1.0,2.0,False
"{""task"":""lm-arena-chat"",""model_id"":""Qwen/Qwen3-8B"",""gpu_model"":""B200"",""num_gpus"":1,""max_num_seqs"":1536,""tensor_parallel"":1,""expert_parallel"":1,""data_parallel"":1,""seed"":48105,""num_request_repeats"":4}",lm-arena-chat,Qwen/Qwen3-8B,available,,8342035790561280.0,4386692785766400.0,3.003132884602061e+16,4.276005742234829e+16,4096.0,2.600060554743644e+17,407325966336.0,1437990912.0,2881227128832.0,16000000000.0,4.276005742234829e+16,2.600060554743644e+17,407325966336.0,16000000000.0,1.0,2.0,False
"{""task"":""lm-arena-chat"",""model_id"":""Qwen/Qwen3-8B"",""gpu_model"":""B200"",""num_gpus"":1,""max_num_seqs"":16,""tensor_parallel"":1,""expert_parallel"":1,""data_parallel"":1,""seed"":48105,""num_request_repeats"":1}",lm-arena-chat,Qwen/Qwen3-8B,available,,2085508947640320.0,1096673196441600.0,7507832211505152.0,1.0690014355587072e+16,4096.0,6.50015138685911e+16,101831491584.0,1437990912.0,720306782208.0,16000000000.0,1.0690014355587072e+16,6.50015138685911e+16,101831491584.0,16000000000.0,1.0,2.0,False
"{""task"":""lm-arena-chat"",""model_id"":""Qwen/Qwen3-8B"",""gpu_model"":""B200"",""num_gpus"":1,""max_num_seqs"":2048,""tensor_parallel"":1,""expert_parallel"":1,""data_parallel"":1,""seed"":48105,""num_request_repeats"":6}",lm-arena-chat,Qwen/Qwen3-8B,available,,1.251305368584192e+16,6580039178649600.0,4.504699326903091e+16,6.414008613352243e+16,4096.0,3.900090832115466e+17,610988949504.0,1437990912.0,4321840693248.0,16000000000.0,6.414008613352243e+16,3.900090832115466e+17,610988949504.0,16000000000.0,1.0,2.0,False
"{""task"":""lm-arena-chat"",""model_id"":""Qwen/Qwen3-8B"",""gpu_model"":""B200"",""num_gpus"":1,""max_num_seqs"":256,""tensor_parallel"":1,""expert_parallel"":1,""data_parallel"":1,""seed"":48105,""num_request_repeats"":2}",lm-arena-chat,Qwen/Qwen3-8B,available,,4171017895280640.0,2193346392883200.0,1.5015664423010304e+16,2.1380028711174144e+16,4096.0,1.300030277371822e+17,203662983168.0,1437990912.0,1440613564416.0,16000000000.0,2.1380028711174144e+16,1.300030277371822e+17,203662983168.0,16000000000.0,1.0,2.0,False
"{""task"":""lm-arena-chat"",""model_id"":""Qwen/Qwen3-8B"",""gpu_model"":""B200"",""num_gpus"":1,""max_num_seqs"":32,""tensor_parallel"":1,""expert_parallel"":1,""data_parallel"":1,""seed"":48105,""num_request_repeats"":1}",lm-arena-chat,Qwen/Qwen3-8B,available,,2085508947640320.0,1096673196441600.0,7507832211505152.0,1.0690014355587072e+16,4096.0,6.50015138685911e+16,101831491584.0,1437990912.0,720306782208.0,16000000000.0,1.0690014355587072e+16,6.50015138685911e+16,101831491584.0,16000000000.0,1.0,2.0,False
"{""task"":""lm-arena-chat"",""model_id"":""Qwen/Qwen3-8B"",""gpu_model"":""B200"",""num_gpus"":1,""max_num_seqs"":512,""tensor_parallel"":1,""expert_parallel"":1,""data_parallel"":1,""seed"":48105,""num_request_repeats"":2}",lm-arena-chat,Qwen/Qwen3-8B,available,,4171017895280640.0,2193346392883200.0,1.5015664423010304e+16,2.1380028711174144e+16,4096.0,1.300030277371822e+17,203662983168.0,1437990912.0,1440613564416.0,16000000000.0,2.1380028711174144e+16,1.300030277371822e+17,203662983168.0,16000000000.0,1.0,2.0,False
"{""task"":""lm-arena-chat"",""model_id"":""Qwen/Qwen3-8B"",""gpu_model"":""B200"",""num_gpus"":1,""max_num_seqs"":64,""tensor_parallel"":1,""expert_parallel"":1,""data_parallel"":1,""seed"":48105,""num_request_repeats"":1}",lm-arena-chat,Qwen/Qwen3-8B,available,,2085508947640320.0,1096673196441600.0,7507832211505152.0,1.0690014355587072e+16,4096.0,6.50015138685911e+16,101831491584.0,1437990912.0,720306782208.0,16000000000.0,1.0690014355587072e+16,6.50015138685911e+16,101831491584.0,16000000000.0,1.0,2.0,False
"{""task"":""lm-arena-chat"",""model_id"":""Qwen/Qwen3-8B"",""gpu_model"":""B200"",""num_gpus"":1,""max_num_seqs"":8,""tensor_parallel"":1,""expert_parallel"":1,""data_parallel"":1,""seed"":48105,""num_request_repeats"":1}",lm-arena-chat,Qwen/Qwen3-8B,available,,2085508947640320.0,1096673196441600.0,7507832211505152.0,1.0690014355587072e+16,4096.0,6.50015138685911e+16,101831491584.0,1437990912.0,720306782208.0,16000000000.0,1.0690014355587072e+16,6.50015138685911e+16,101831491584.0,16000000000.0,1.0,2.0,False
"{""task"":""lm-arena-chat"",""model_id"":""Qwen/Qwen3-8B"",""gpu_model"":""H100"",""num_gpus"":1,""max_num_seqs"":128,""tensor_parallel"":1,""expert_parallel"":1,""data_parallel"":1,""seed"":48105,""num_request_repeats"":1}",lm-arena-chat,Qwen/Qwen3-8B,available,,2085508947640320.0,1096673196441600.0,7507832211505152.0,1.0690014355587072e+16,4096.0,6.50015138685911e+16,101831491584.0,1437990912.0,720306782208.0,16000000000.0,1.0690014355587072e+16,6.50015138685911e+16,101831491584.0,16000000000.0,1.0,2.0,False
"{""task"":""lm-arena-chat"",""model_id"":""Qwen/Qwen3-8B"",""gpu_model"":""H100"",""num_gpus"":1,""max_num_seqs"":16,""tensor_parallel"":1,""expert_parallel"":1,""data_parallel"":1,""seed"":48105,""num_request_repeats"":1}",lm-arena-chat,Qwen/Qwen3-8B,available,,2085508947640320.0,1096673196441600.0,7507832211505152.0,1.0690014355587072e+16,4096.0,6.50015138685911e+16,101831491584.0,1437990912.0,720306782208.0,16000000000.0,1.0690014355587072e+16,6.50015138685911e+16,101831491584.0,16000000000.0,1.0,2.0,False
"{""task"":""lm-arena-chat"",""model_id"":""Qwen/Qwen3-8B"",""gpu_model"":""H100"",""num_gpus"":1,""max_num_seqs"":192,""tensor_parallel"":1,""expert_parallel"":1,""data_parallel"":1,""seed"":48105,""num_request_repeats"":1}",lm-arena-chat,Qwen/Qwen3-8B,available,,2085508947640320.0,1096673196441600.0,7507832211505152.0,1.0690014355587072e+16,4096.0,6.50015138685911e+16,101831491584.0,1437990912.0,720306782208.0,16000000000.0,1.0690014355587072e+16,6.50015138685911e+16,101831491584.0,16000000000.0,1.0,2.0,False
"{""task"":""lm-arena-chat"",""model_id"":""Qwen/Qwen3-8B"",""gpu_model"":""H100"",""num_gpus"":1,""max_num_seqs"":256,""tensor_parallel"":1,""expert_parallel"":1,""data_parallel"":1,""seed"":48105,""num_request_repeats"":1}",lm-arena-chat,Qwen/Qwen3-8B,available,,2085508947640320.0,1096673196441600.0,7507832211505152.0,1.0690014355587072e+16,4096.0,6.50015138685911e+16,101831491584.0,1437990912.0,720306782208.0,16000000000.0,1.0690014355587072e+16,6.50015138685911e+16,101831491584.0,16000000000.0,1.0,2.0,False
"{""task"":""lm-arena-chat"",""model_id"":""Qwen/Qwen3-8B"",""gpu_model"":""H100"",""num_gpus"":1,""max_num_seqs"":32,""tensor_parallel"":1,""expert_parallel"":1,""data_parallel"":1,""seed"":48105,""num_request_repeats"":1}",lm-arena-chat,Qwen/Qwen3-8B,available,,2085508947640320.0,1096673196441600.0,7507832211505152.0,1.0690014355587072e+16,4096.0,6.50015138685911e+16,101831491584.0,1437990912.0,720306782208.0,16000000000.0,1.0690014355587072e+16,6.50015138685911e+16,101831491584.0,16000000000.0,1.0,2.0,False
"{""task"":""lm-arena-chat"",""model_id"":""Qwen/Qwen3-8B"",""gpu_model"":""H100"",""num_gpus"":1,""max_num_seqs"":384,""tensor_parallel"":1,""expert_parallel"":1,""data_parallel"":1,""seed"":48105,""num_request_repeats"":1}",lm-arena-chat,Qwen/Qwen3-8B,available,,2085508947640320.0,1096673196441600.0,7507832211505152.0,1.0690014355587072e+16,4096.0,6.50015138685911e+16,101831491584.0,1437990912.0,720306782208.0,16000000000.0,1.0690014355587072e+16,6.50015138685911e+16,101831491584.0,16000000000.0,1.0,2.0,False
"{""task"":""lm-arena-chat"",""model_id"":""Qwen/Qwen3-8B"",""gpu_model"":""H100"",""num_gpus"":1,""max_num_seqs"":512,""tensor_parallel"":1,""expert_parallel"":1,""data_parallel"":1,""seed"":48105,""num_request_repeats"":1}",lm-arena-chat,Qwen/Qwen3-8B,available,,2085508947640320.0,1096673196441600.0,7507832211505152.0,1.0690014355587072e+16,4096.0,6.50015138685911e+16,101831491584.0,1437990912.0,720306782208.0,16000000000.0,1.0690014355587072e+16,6.50015138685911e+16,101831491584.0,16000000000.0,1.0,2.0,False
"{""task"":""lm-arena-chat"",""model_id"":""Qwen/Qwen3-8B"",""gpu_model"":""H100"",""num_gpus"":1,""max_num_seqs"":64,""tensor_parallel"":1,""expert_parallel"":1,""data_parallel"":1,""seed"":48105,""num_request_repeats"":1}",lm-arena-chat,Qwen/Qwen3-8B,available,,2085508947640320.0,1096673196441600.0,7507832211505152.0,1.0690014355587072e+16,4096.0,6.50015138685911e+16,101831491584.0,1437990912.0,720306782208.0,16000000000.0,1.0690014355587072e+16,6.50015138685911e+16,101831491584.0,16000000000.0,1.0,2.0,False
"{""task"":""lm-arena-chat"",""model_id"":""Qwen/Qwen3-8B"",""gpu_model"":""H100"",""num_gpus"":1,""max_num_seqs"":8,""tensor_parallel"":1,""expert_parallel"":1,""data_parallel"":1,""seed"":48105,""num_request_repeats"":1}",lm-arena-chat,Qwen/Qwen3-8B,available,,2085508947640320.0,1096673196441600.0,7507832211505152.0,1.0690014355587072e+16,4096.0,6.50015138685911e+16,101831491584.0,1437990912.0,720306782208.0,16000000000.0,1.0690014355587072e+16,6.50015138685911e+16,101831491584.0,16000000000.0,1.0,2.0,False
"{""task"":""lm-arena-chat"",""model_id"":""Qwen/Qwen3-8B"",""gpu_model"":""H100"",""num_gpus"":1,""max_num_seqs"":96,""tensor_parallel"":1,""expert_parallel"":1,""data_parallel"":1,""seed"":48105,""num_request_repeats"":1}",lm-arena-chat,Qwen/Qwen3-8B,available,,2085508947640320.0,1096673196441600.0,7507832211505152.0,1.0690014355587072e+16,4096.0,6.50015138685911e+16,101831491584.0,1437990912.0,720306782208.0,16000000000.0,1.0690014355587072e+16,6.50015138685911e+16,101831491584.0,16000000000.0,1.0,2.0,False
"{""task"":""lm-arena-chat"",""model_id"":""deepseek-ai/DeepSeek-V3.1"",""gpu_model"":""B200"",""num_gpus"":8,""max_num_seqs"":1024,""tensor_parallel"":1,""expert_parallel"":8,""data_parallel"":1,""seed"":48105,""num_request_repeats"":2}",lm-arena-chat,deepseek-ai/DeepSeek-V3.1,unsupported,unsupported_attention_variant: mla,,,,,,,,,,,,,,,,,
"{""task"":""lm-arena-chat"",""model_id"":""deepseek-ai/DeepSeek-V3.1"",""gpu_model"":""B200"",""num_gpus"":8,""max_num_seqs"":128,""tensor_parallel"":1,""expert_parallel"":8,""data_parallel"":1,""seed"":48105,""num_request_repeats"":1}",lm-arena-chat,deepseek-ai/DeepSeek-V3.1,unsupported,unsupported_attention_variant: mla,,,,,,,,,,,,,,,,,
"{""task"":""lm-arena-chat"",""model_id"":""deepseek-ai/DeepSeek-V3.1"",""gpu_model"":""B200"",""num_gpus"":8,""max_num_seqs"":16,""tensor_parallel"":1,""expert_parallel"":8,""data_parallel"":1,""seed"":48105,""num_request_repeats"":1}",lm-arena-chat,deepseek-ai/DeepSeek-V3.1,unsupported,unsupported_attention_variant: mla,,,,,,,,,,,,,,,,,
"{""task"":""lm-arena-chat"",""model_id"":""deepseek-ai/DeepSeek-V3.1"",""gpu_model"":""B200"",""num_gpus"":8,""max_num_seqs"":2048,""tensor_parallel"":1,""expert_parallel"":8,""data_parallel"":1,""seed"":48105,""num_request_repeats"":3}",lm-arena-chat,deepseek-ai/DeepSeek-V3.1,unsupported,unsupported_attention_variant: mla,,,,,,,,,,,,,,,,,
"{""task"":""lm-arena-chat"",""model_id"":""deepseek-ai/DeepSeek-V3.1"",""gpu_model"":""B200"",""num_gpus"":8,""max_num_seqs"":256,""tensor_parallel"":1,""expert_parallel"":8,""data_parallel"":1,""seed"":48105,""num_request_repeats"":1}",lm-arena-chat,deepseek-ai/DeepSeek-V3.1,unsupported,unsupported_attention_variant: mla,,,,,,,,,,,,,,,,,
"{""task"":""lm-arena-chat"",""model_id"":""deepseek-ai/DeepSeek-V3.1"",""gpu_model"":""B200"",""num_gpus"":8,""max_num_seqs"":3072,""tensor_parallel"":1,""expert_parallel"":8,""data_parallel"":1,""seed"":48105,""num_request_repeats"":4}",lm-arena-chat,deepseek-ai/DeepSeek-V3.1,unsupported,unsupported_attention_variant: mla,,,,,,,,,,,,,,,,,
"{""task"":""lm-arena-chat"",""model_id"":""deepseek-ai/DeepSeek-V3.1"",""gpu_model"":""B200"",""num_gpus"":8,""max_num_seqs"":32,""tensor_parallel"":1,""expert_parallel"":8,""data_parallel"":1,""seed"":48105,""num_request_repeats"":1}",lm-arena-chat,deepseek-ai/DeepSeek-V3.1,unsupported,unsupported_attention_variant: mla,,,,,,,,,,,,,,,,,
"{""task"":""lm-arena-chat"",""model_id"":""deepseek-ai/DeepSeek-V3.1"",""gpu_model"":""B200"",""num_gpus"":8,""max_num_seqs"":512,""tensor_parallel"":1,""expert_parallel"":8,""data_parallel"":1,""seed"":48105,""num_request_repeats"":1}",lm-arena-chat,deepseek-ai/DeepSeek-V3.1,unsupported,unsupported_attention_variant: mla,,,,,,,,,,,,,,,,,
"{""task"":""lm-arena-chat"",""model_id"":""deepseek-ai/DeepSeek-V3.1"",""gpu_model"":""B200"",""num_gpus"":8,""max_num_seqs"":64,""tensor_parallel"":1,""expert_parallel"":8,""data_parallel"":1,""seed"":48105,""num_request_repeats"":1}",lm-arena-chat,deepseek-ai/DeepSeek-V3.1,unsupported,unsupported_attention_variant: mla,,,,,,,,,,,,,,,,,
"{""task"":""lm-arena-chat"",""model_id"":""deepseek-ai/DeepSeek-V3.1"",""gpu_model"":""B200"",""num_gpus"":8,""max_num_seqs"":768,""tensor_parallel"":1,""expert_parallel"":8,""data_parallel"":1,""seed"":48105,""num_request_repeats"":2}",lm-arena-chat,deepseek-ai/DeepSeek-V3.1,unsupported,unsupported_attention_variant: mla,,,,,,,,,,,,,,,,,
"{""task"":""lm-arena-chat"",""model_id"":""deepseek-ai/DeepSeek-V3.1"",""gpu_model"":""B200"",""num_gpus"":8,""max_num_seqs"":8,""tensor_parallel"":1,""expert_parallel"":8,""data_parallel"":1,""seed"":48105,""num_request_repeats"":1}",lm-arena-chat,deepseek-ai/DeepSeek-V3.1,unsupported,unsupported_attention_variant: mla,,,,,,,,,,,,,,,,,
"{""task"":""lm-arena-chat"",""model_id"":""google/gemma-3-12b-it"",""gpu_model"":""B200"",""num_gpus"":1,""max_num_seqs"":128,""tensor_parallel"":1,""expert_parallel"":1,""data_parallel"":1,""seed"":48105,""num_request_repeats"":1}",lm-arena-chat,google/gemma-3-12b-it,available,,3151850341662720.0,1510504668856320.0,1.18194387812352e+16,1.648179379175424e+16,4096.0,9.92462789148672e+16,273598119936.0,4006084608.0,1922865561600.0,24000000000.0,1.648179379175424e+16,9.92462789148672e+16,273598119936.0,24000000000.0,1.0,2.0,False
"{""task"":""lm-arena-chat"",""model_id"":""google/gemma-3-12b-it"",""gpu_model"":""B200"",""num_gpus"":1,""max_num_seqs"":16,""tensor_parallel"":1,""expert_parallel"":1,""data_parallel"":1,""seed"":48105,""num_request_repeats"":1}",lm-arena-chat,google/gemma-3-12b-it,available,,3151850341662720.0,1510504668856320.0,1.18194387812352e+16,1.648179379175424e+16,4096.0,9.92462789148672e+16,273598119936.0,4006084608.0,1922865561600.0,24000000000.0,1.648179379175424e+16,9.92462789148672e+16,273598119936.0,24000000000.0,1.0,2.0,False
"{""task"":""lm-arena-chat"",""model_id"":""google/gemma-3-12b-it"",""gpu_model"":""B200"",""num_gpus"":1,""max_num_seqs"":256,""tensor_parallel"":1,""expert_parallel"":1,""data_parallel"":1,""seed"":48105,""num_request_repeats"":1}",lm-arena-chat,google/gemma-3-12b-it,available,,3151850341662720.0,1510504668856320.0,1.18194387812352e+16,1.648179379175424e+16,4096.0,9.92462789148672e+16,273598119936.0,4006084608.0,1922865561600.0,24000000000.0,1.648179379175424e+16,9.92462789148672e+16,273598119936.0,24000000000.0,1.0,2.0,False
"{""task"":""lm-arena-chat"",""model_id"":""google/gemma-3-12b-it"",""gpu_model"":""B200"",""num_gpus"":1,""max_num_seqs"":32,""tensor_parallel"":1,""expert_parallel"":1,""data_parallel"":1,""seed"":48105,""num_request_repeats"":1}",lm-arena-chat,google/gemma-3-12b-it,available,,3151850341662720.0,1510504668856320.0,1.18194387812352e+16,1.648179379175424e+16,4096.0,9.92462789148672e+16,273598119936.0,4006084608.0,1922865561600.0,24000000000.0,1.648179379175424e+16,9.92462789148672e+16,273598119936.0,24000000000.0,1.0,2.0,False
"{""task"":""lm-arena-chat"",""model_id"":""google/gemma-3-12b-it"",""gpu_model"":""B200"",""num_gpus"":1,""max_num_seqs"":512,""tensor_parallel"":1,""expert_parallel"":1,""data_parallel"":1,""seed"":48105,""num_request_repeats"":1}",lm-arena-chat,google/gemma-3-12b-it,available,,3151850341662720.0,1510504668856320.0,1.18194387812352e+16,1.648179379175424e+16,4096.0,9.92462789148672e+16,273598119936.0,4006084608.0,1922865561600.0,24000000000.0,1.648179379175424e+16,9.92462789148672e+16,273598119936.0,24000000000.0,1.0,2.0,False
"{""task"":""lm-arena-chat"",""model_id"":""google/gemma-3-12b-it"",""gpu_model"":""B200"",""num_gpus"":1,""max_num_seqs"":64,""tensor_parallel"":1,""expert_parallel"":1,""data_parallel"":1,""seed"":48105,""num_request_repeats"":1}",lm-arena-chat,google/gemma-3-12b-it,available,,3151850341662720.0,1510504668856320.0,1.18194387812352e+16,1.648179379175424e+16,4096.0,9.92462789148672e+16,273598119936.0,4006084608.0,1922865561600.0,24000000000.0,1.648179379175424e+16,9.92462789148672e+16,273598119936.0,24000000000.0,1.0,2.0,False
"{""task"":""lm-arena-chat"",""model_id"":""google/gemma-3-12b-it"",""gpu_model"":""B200"",""num_gpus"":1,""max_num_seqs"":8,""tensor_parallel"":1,""expert_parallel"":1,""data_parallel"":1,""seed"":48105,""num_request_repeats"":1}",lm-arena-chat,google/gemma-3-12b-it,available,,3151850341662720.0,1510504668856320.0,1.18194387812352e+16,1.648179379175424e+16,4096.0,9.92462789148672e+16,273598119936.0,4006084608.0,1922865561600.0,24000000000.0,1.648179379175424e+16,9.92462789148672e+16,273598119936.0,24000000000.0,1.0,2.0,False
"{""task"":""lm-arena-chat"",""model_id"":""google/gemma-3-12b-it"",""gpu_model"":""H100"",""num_gpus"":1,""max_num_seqs"":128,""tensor_parallel"":1,""expert_parallel"":1,""data_parallel"":1,""seed"":48105,""num_request_repeats"":1}",lm-arena-chat,google/gemma-3-12b-it,available,,3151850341662720.0,1510504668856320.0,1.18194387812352e+16,1.648179379175424e+16,4096.0,9.92462789148672e+16,273598119936.0,4006084608.0,1922865561600.0,24000000000.0,1.648179379175424e+16,9.92462789148672e+16,273598119936.0,24000000000.0,1.0,2.0,False
"{""task"":""lm-arena-chat"",""model_id"":""google/gemma-3-12b-it"",""gpu_model"":""H100"",""num_gpus"":1,""max_num_seqs"":16,""tensor_parallel"":1,""expert_parallel"":1,""data_parallel"":1,""seed"":48105,""num_request_repeats"":1}",lm-arena-chat,google/gemma-3-12b-it,available,,3151850341662720.0,1510504668856320.0,1.18194387812352e+16,1.648179379175424e+16,4096.0,9.92462789148672e+16,273598119936.0,4006084608.0,1922865561600.0,24000000000.0,1.648179379175424e+16,9.92462789148672e+16,273598119936.0,24000000000.0,1.0,2.0,False
"{""task"":""lm-arena-chat"",""model_id"":""google/gemma-3-12b-it"",""gpu_model"":""H100"",""num_gpus"":1,""max_num_seqs"":192,""tensor_parallel"":1,""expert_parallel"":1,""data_parallel"":1,""seed"":48105,""num_request_repeats"":1}",lm-arena-chat,google/gemma-3-12b-it,available,,3151850341662720.0,1510504668856320.0,1.18194387812352e+16,1.648179379175424e+16,4096.0,9.92462789148672e+16,273598119936.0,4006084608.0,1922865561600.0,24000000000.0,1.648179379175424e+16,9.92462789148672e+16,273598119936.0,24000000000.0,1.0,2.0,False
"{""task"":""lm-arena-chat"",""model_id"":""google/gemma-3-12b-it"",""gpu_model"":""H100"",""num_gpus"":1,""max_num_seqs"":256,""tensor_parallel"":1,""expert_parallel"":1,""data_parallel"":1,""seed"":48105,""num_request_repeats"":1}",lm-arena-chat,google/gemma-3-12b-it,available,,3151850341662720.0,1510504668856320.0,1.18194387812352e+16,1.648179379175424e+16,4096.0,9.92462789148672e+16,273598119936.0,4006084608.0,1922865561600.0,24000000000.0,1.648179379175424e+16,9.92462789148672e+16,273598119936.0,24000000000.0,1.0,2.0,False
"{""task"":""lm-arena-chat"",""model_id"":""google/gemma-3-12b-it"",""gpu_model"":""H100"",""num_gpus"":1,""max_num_seqs"":32,""tensor_parallel"":1,""expert_parallel"":1,""data_parallel"":1,""seed"":48105,""num_request_repeats"":1}",lm-arena-chat,google/gemma-3-12b-it,available,,3151850341662720.0,1510504668856320.0,1.18194387812352e+16,1.648179379175424e+16,4096.0,9.92462789148672e+16,273598119936.0,4006084608.0,1922865561600.0,24000000000.0,1.648179379175424e+16,9.92462789148672e+16,273598119936.0,24000000000.0,1.0,2.0,False
"{""task"":""lm-arena-chat"",""model_id"":""google/gemma-3-12b-it"",""gpu_model"":""H100"",""num_gpus"":1,""max_num_seqs"":384,""tensor_parallel"":1,""expert_parallel"":1,""data_parallel"":1,""seed"":48105,""num_request_repeats"":1}",lm-arena-chat,google/gemma-3-12b-it,available,,3151850341662720.0,1510504668856320.0,1.18194387812352e+16,1.648179379175424e+16,4096.0,9.92462789148672e+16,273598119936.0,4006084608.0,1922865561600.0,24000000000.0,1.648179379175424e+16,9.92462789148672e+16,273598119936.0,24000000000.0,1.0,2.0,False
"{""task"":""lm-arena-chat"",""model_id"":""google/gemma-3-12b-it"",""gpu_model"":""H100"",""num_gpus"":1,""max_num_seqs"":512,""tensor_parallel"":1,""expert_parallel"":1,""data_parallel"":1,""seed"":48105,""num_request_repeats"":1}",lm-arena-chat,google/gemma-3-12b-it,available,,3151850341662720.0,1510504668856320.0,1.18194387812352e+16,1.648179379175424e+16,4096.0,9.92462789148672e+16,273598119936.0,4006084608.0,1922865561600.0,24000000000.0,1.648179379175424e+16,9.92462789148672e+16,273598119936.0,24000000000.0,1.0,2.0,False
"{""task"":""lm-arena-chat"",""model_id"":""google/gemma-3-12b-it"",""gpu_model"":""H100"",""num_gpus"":1,""max_num_seqs"":64,""tensor_parallel"":1,""expert_parallel"":1,""data_parallel"":1,""seed"":48105,""num_request_repeats"":1}",lm-arena-chat,google/gemma-3-12b-it,available,,3151850341662720.0,1510504668856320.0,1.18194387812352e+16,1.648179379175424e+16,4096.0,9.92462789148672e+16,273598119936.0,4006084608.0,1922865561600.0,24000000000.0,1.648179379175424e+16,9.92462789148672e+16,273598119936.0,24000000000.0,1.0,2.0,False
"{""task"":""lm-arena-chat"",""model_id"":""google/gemma-3-12b-it"",""gpu_model"":""H100"",""num_gpus"":1,""max_num_seqs"":8,""tensor_parallel"":1,""expert_parallel"":1,""data_parallel"":1,""seed"":48105,""num_request_repeats"":1}",lm-arena-chat,google/gemma-3-12b-it,available,,3151850341662720.0,1510504668856320.0,1.18194387812352e+16,1.648179379175424e+16,4096.0,9.92462789148672e+16,273598119936.0,4006084608.0,1922865561600.0,24000000000.0,1.648179379175424e+16,9.92462789148672e+16,273598119936.0,24000000000.0,1.0,2.0,False
"{""task"":""lm-arena-chat"",""model_id"":""google/gemma-3-12b-it"",""gpu_model"":""H100"",""num_gpus"":1,""max_num_seqs"":96,""tensor_parallel"":1,""expert_parallel"":1,""data_parallel"":1,""seed"":48105,""num_request_repeats"":1}",lm-arena-chat,google/gemma-3-12b-it,available,,3151850341662720.0,1510504668856320.0,1.18194387812352e+16,1.648179379175424e+16,4096.0,9.92462789148672e+16,273598119936.0,4006084608.0,1922865561600.0,24000000000.0,1.648179379175424e+16,9.92462789148672e+16,273598119936.0,24000000000.0,1.0,2.0,False
"{""task"":""lm-arena-chat"",""model_id"":""google/gemma-3-27b-it"",""gpu_model"":""B200"",""num_gpus"":1,""max_num_seqs"":128,""tensor_parallel"":1,""expert_parallel"":1,""data_parallel"":1,""seed"":48105,""num_request_repeats"":1}",lm-arena-chat,google/gemma-3-27b-it,available,,5699596034506752.0,1951068530606080.0,2.992287918116045e+16,3.757354374627328e+16,4096.0,2.2635750839287808e+17,353397571584.0,5174525952.0,2483701350400.0,54000000000.0,3.757354374627328e+16,2.2635750839287808e+17,353397571584.0,54000000000.0,1.0,2.0,False
"{""task"":""lm-arena-chat"",""model_id"":""google/gemma-3-27b-it"",""gpu_model"":""B200"",""num_gpus"":1,""max_num_seqs"":16,""tensor_parallel"":1,""expert_parallel"":1,""data_parallel"":1,""seed"":48105,""num_request_repeats"":1}",lm-arena-chat,google/gemma-3-27b-it,available,,5699596034506752.0,1951068530606080.0,2.992287918116045e+16,3.757354374627328e+16,4096.0,2.2635750839287808e+17,353397571584.0,5174525952.0,2483701350400.0,54000000000.0,3.757354374627328e+16,2.2635750839287808e+17,353397571584.0,54000000000.0,1.0,2.0,False
"{""task"":""lm-arena-chat"",""model_id"":""google/gemma-3-27b-it"",""gpu_model"":""B200"",""num_gpus"":1,""max_num_seqs"":256,""tensor_parallel"":1,""expert_parallel"":1,""data_parallel"":1,""seed"":48105,""num_request_repeats"":1}",lm-arena-chat,google/gemma-3-27b-it,available,,5699596034506752.0,1951068530606080.0,2.992287918116045e+16,3.757354374627328e+16,4096.0,2.2635750839287808e+17,353397571584.0,5174525952.0,2483701350400.0,54000000000.0,3.757354374627328e+16,2.2635750839287808e+17,353397571584.0,54000000000.0,1.0,2.0,False
"{""task"":""lm-arena-chat"",""model_id"":""google/gemma-3-27b-it"",""gpu_model"":""B200"",""num_gpus"":1,""max_num_seqs"":32,""tensor_parallel"":1,""expert_parallel"":1,""data_parallel"":1,""seed"":48105,""num_request_repeats"":1}",lm-arena-chat,google/gemma-3-27b-it,available,,5699596034506752.0,1951068530606080.0,2.992287918116045e+16,3.757354374627328e+16,4096.0,2.2635750839287808e+17,353397571584.0,5174525952.0,2483701350400.0,54000000000.0,3.757354374627328e+16,2.2635750839287808e+17,353397571584.0,54000000000.0,1.0,2.0,False
"{""task"":""lm-arena-chat"",""model_id"":""google/gemma-3-27b-it"",""gpu_model"":""B200"",""num_gpus"":1,""max_num_seqs"":512,""tensor_parallel"":1,""expert_parallel"":1,""data_parallel"":1,""seed"":48105,""num_request_repeats"":1}",lm-arena-chat,google/gemma-3-27b-it,available,,5699596034506752.0,1951068530606080.0,2.992287918116045e+16,3.757354374627328e+16,4096.0,2.2635750839287808e+17,353397571584.0,5174525952.0,2483701350400.0,54000000000.0,3.757354374627328e+16,2.2635750839287808e+17,353397571584.0,54000000000.0,1.0,2.0,False
"{""task"":""lm-arena-chat"",""model_id"":""google/gemma-3-27b-it"",""gpu_model"":""B200"",""num_gpus"":1,""max_num_seqs"":64,""tensor_parallel"":1,""expert_parallel"":1,""data_parallel"":1,""seed"":48105,""num_request_repeats"":1}",lm-arena-chat,google/gemma-3-27b-it,available,,5699596034506752.0,1951068530606080.0,2.992287918116045e+16,3.757354374627328e+16,4096.0,2.2635750839287808e+17,353397571584.0,5174525952.0,2483701350400.0,54000000000.0,3.757354374627328e+16,2.2635750839287808e+17,353397571584.0,54000000000.0,1.0,2.0,False
"{""task"":""lm-arena-chat"",""model_id"":""google/gemma-3-27b-it"",""gpu_model"":""B200"",""num_gpus"":1,""max_num_seqs"":8,""tensor_parallel"":1,""expert_parallel"":1,""data_parallel"":1,""seed"":48105,""num_request_repeats"":1}",lm-arena-chat,google/gemma-3-27b-it,available,,5699596034506752.0,1951068530606080.0,2.992287918116045e+16,3.757354374627328e+16,4096.0,2.2635750839287808e+17,353397571584.0,5174525952.0,2483701350400.0,54000000000.0,3.757354374627328e+16,2.2635750839287808e+17,353397571584.0,54000000000.0,1.0,2.0,False
"{""task"":""lm-arena-chat"",""model_id"":""google/gemma-3-27b-it"",""gpu_model"":""H100"",""num_gpus"":1,""max_num_seqs"":128,""tensor_parallel"":1,""expert_parallel"":1,""data_parallel"":1,""seed"":48105,""num_request_repeats"":1}",lm-arena-chat,google/gemma-3-27b-it,available,,5699596034506752.0,1951068530606080.0,2.992287918116045e+16,3.757354374627328e+16,4096.0,2.2635750839287808e+17,353397571584.0,5174525952.0,2483701350400.0,54000000000.0,3.757354374627328e+16,2.2635750839287808e+17,353397571584.0,54000000000.0,1.0,2.0,False
"{""task"":""lm-arena-chat"",""model_id"":""google/gemma-3-27b-it"",""gpu_model"":""H100"",""num_gpus"":1,""max_num_seqs"":16,""tensor_parallel"":1,""expert_parallel"":1,""data_parallel"":1,""seed"":48105,""num_request_repeats"":1}",lm-arena-chat,google/gemma-3-27b-it,available,,5699596034506752.0,1951068530606080.0,2.992287918116045e+16,3.757354374627328e+16,4096.0,2.2635750839287808e+17,353397571584.0,5174525952.0,2483701350400.0,54000000000.0,3.757354374627328e+16,2.2635750839287808e+17,353397571584.0,54000000000.0,1.0,2.0,False
"{""task"":""lm-arena-chat"",""model_id"":""google/gemma-3-27b-it"",""gpu_model"":""H100"",""num_gpus"":1,""max_num_seqs"":192,""tensor_parallel"":1,""expert_parallel"":1,""data_parallel"":1,""seed"":48105,""num_request_repeats"":1}",lm-arena-chat,google/gemma-3-27b-it,available,,5699596034506752.0,1951068530606080.0,2.992287918116045e+16,3.757354374627328e+16,4096.0,2.2635750839287808e+17,353397571584.0,5174525952.0,2483701350400.0,54000000000.0,3.757354374627328e+16,2.2635750839287808e+17,353397571584.0,54000000000.0,1.0,2.0,False
"{""task"":""lm-arena-chat"",""model_id"":""google/gemma-3-27b-it"",""gpu_model"":""H100"",""num_gpus"":1,""max_num_seqs"":256,""tensor_parallel"":1,""expert_parallel"":1,""data_parallel"":1,""seed"":48105,""num_request_repeats"":1}",lm-arena-chat,google/gemma-3-27b-it,available,,5699596034506752.0,1951068530606080.0,2.992287918116045e+16,3.757354374627328e+16,4096.0,2.2635750839287808e+17,353397571584.0,5174525952.0,2483701350400.0,54000000000.0,3.757354374627328e+16,2.2635750839287808e+17,353397571584.0,54000000000.0,1.0,2.0,False
"{""task"":""lm-arena-chat"",""model_id"":""google/gemma-3-27b-it"",""gpu_model"":""H100"",""num_gpus"":1,""max_num_seqs"":32,""tensor_parallel"":1,""expert_parallel"":1,""data_parallel"":1,""seed"":48105,""num_request_repeats"":1}",lm-arena-chat,google/gemma-3-27b-it,available,,5699596034506752.0,1951068530606080.0,2.992287918116045e+16,3.757354374627328e+16,4096.0,2.2635750839287808e+17,353397571584.0,5174525952.0,2483701350400.0,54000000000.0,3.757354374627328e+16,2.2635750839287808e+17,353397571584.0,54000000000.0,1.0,2.0,False
"{""task"":""lm-arena-chat"",""model_id"":""google/gemma-3-27b-it"",""gpu_model"":""H100"",""num_gpus"":1,""max_num_seqs"":384,""tensor_parallel"":1,""expert_parallel"":1,""data_parallel"":1,""seed"":48105,""num_request_repeats"":1}",lm-arena-chat,google/gemma-3-27b-it,available,,5699596034506752.0,1951068530606080.0,2.992287918116045e+16,3.757354374627328e+16,4096.0,2.2635750839287808e+17,353397571584.0,5174525952.0,2483701350400.0,54000000000.0,3.757354374627328e+16,2.2635750839287808e+17,353397571584.0,54000000000.0,1.0,2.0,False
"{""task"":""lm-arena-chat"",""model_id"":""google/gemma-3-27b-it"",""gpu_model"":""H100"",""num_gpus"":1,""max_num_seqs"":512,""tensor_parallel"":1,""expert_parallel"":1,""data_parallel"":1,""seed"":48105,""num_request_repeats"":1}",lm-arena-chat,google/gemma-3-27b-it,available,,5699596034506752.0,1951068530606080.0,2.992287918116045e+16,3.757354374627328e+16,4096.0,2.2635750839287808e+17,353397571584.0,5174525952.0,2483701350400.0,54000000000.0,3.757354374627328e+16,2.2635750839287808e+17,353397571584.0,54000000000.0,1.0,2.0,False
"{""task"":""lm-arena-chat"",""model_id"":""google/gemma-3-27b-it"",""gpu_model"":""H100"",""num_gpus"":1,""max_num_seqs"":64,""tensor_parallel"":1,""expert_parallel"":1,""data_parallel"":1,""seed"":48105,""num_request_repeats"":1}",lm-arena-chat,google/gemma-3-27b-it,available,,5699596034506752.0,1951068530606080.0,2.992287918116045e+16,3.757354374627328e+16,4096.0,2.2635750839287808e+17,353397571584.0,5174525952.0,2483701350400.0,54000000000.0,3.757354374627328e+16,2.2635750839287808e+17,353397571584.0,54000000000.0,1.0,2.0,False
"{""task"":""lm-arena-chat"",""model_id"":""google/gemma-3-27b-it"",""gpu_model"":""H100"",""num_gpus"":1,""max_num_seqs"":8,""tensor_parallel"":1,""expert_parallel"":1,""data_parallel"":1,""seed"":48105,""num_request_repeats"":1}",lm-arena-chat,google/gemma-3-27b-it,available,,5699596034506752.0,1951068530606080.0,2.992287918116045e+16,3.757354374627328e+16,4096.0,2.2635750839287808e+17,353397571584.0,5174525952.0,2483701350400.0,54000000000.0,3.757354374627328e+16,2.2635750839287808e+17,353397571584.0,54000000000.0,1.0,2.0,False
"{""task"":""lm-arena-chat"",""model_id"":""google/gemma-3-27b-it"",""gpu_model"":""H100"",""num_gpus"":1,""max_num_seqs"":96,""tensor_parallel"":1,""expert_parallel"":1,""data_parallel"":1,""seed"":48105,""num_request_repeats"":1}",lm-arena-chat,google/gemma-3-27b-it,available,,5699596034506752.0,1951068530606080.0,2.992287918116045e+16,3.757354374627328e+16,4096.0,2.2635750839287808e+17,353397571584.0,5174525952.0,2483701350400.0,54000000000.0,3.757354374627328e+16,2.2635750839287808e+17,353397571584.0,54000000000.0,1.0,2.0,False
"{""task"":""lm-arena-chat"",""model_id"":""google/gemma-3-27b-it"",""gpu_model"":""H100"",""num_gpus"":2,""max_num_seqs"":128,""tensor_parallel"":2,""expert_parallel"":1,""data_parallel"":1,""seed"":48105,""num_request_repeats"":1}",lm-arena-chat,google/gemma-3-27b-it,available,,5699596034506752.0,1951068530606080.0,2.992287918116045e+16,3.757354374627328e+16,4096.0,2.2635750839287808e+17,353397571584.0,5174525952.0,2483701350400.0,54000000000.0,1.878677187313664e+16,1.1317875419643904e+17,176698785792.0,27000000000.0,2.0,2.0,False
"{""task"":""lm-arena-chat"",""model_id"":""google/gemma-3-27b-it"",""gpu_model"":""H100"",""num_gpus"":2,""max_num_seqs"":16,""tensor_parallel"":2,""expert_parallel"":1,""data_parallel"":1,""seed"":48105,""num_request_repeats"":1}",lm-arena-chat,google/gemma-3-27b-it,available,,5699596034506752.0,1951068530606080.0,2.992287918116045e+16,3.757354374627328e+16,4096.0,2.2635750839287808e+17,353397571584.0,5174525952.0,2483701350400.0,54000000000.0,1.878677187313664e+16,1.1317875419643904e+17,176698785792.0,27000000000.0,2.0,2.0,False
"{""task"":""lm-arena-chat"",""model_id"":""google/gemma-3-27b-it"",""gpu_model"":""H100"",""num_gpus"":2,""max_num_seqs"":192,""tensor_parallel"":2,""expert_parallel"":1,""data_parallel"":1,""seed"":48105,""num_request_repeats"":1}",lm-arena-chat,google/gemma-3-27b-it,available,,5699596034506752.0,1951068530606080.0,2.992287918116045e+16,3.757354374627328e+16,4096.0,2.2635750839287808e+17,353397571584.0,5174525952.0,2483701350400.0,54000000000.0,1.878677187313664e+16,1.1317875419643904e+17,176698785792.0,27000000000.0,2.0,2.0,False
"{""task"":""lm-arena-chat"",""model_id"":""google/gemma-3-27b-it"",""gpu_model"":""H100"",""num_gpus"":2,""max_num_seqs"":256,""tensor_parallel"":2,""expert_parallel"":1,""data_parallel"":1,""seed"":48105,""num_request_repeats"":1}",lm-arena-chat,google/gemma-3-27b-it,available,,5699596034506752.0,1951068530606080.0,2.992287918116045e+16,3.757354374627328e+16,4096.0,2.2635750839287808e+17,353397571584.0,5174525952.0,2483701350400.0,54000000000.0,1.878677187313664e+16,1.1317875419643904e+17,176698785792.0,27000000000.0,2.0,2.0,False
"{""task"":""lm-arena-chat"",""model_id"":""google/gemma-3-27b-it"",""gpu_model"":""H100"",""num_gpus"":2,""max_num_seqs"":32,""tensor_parallel"":2,""expert_parallel"":1,""data_parallel"":1,""seed"":48105,""num_request_repeats"":1}",lm-arena-chat,google/gemma-3-27b-it,available,,5699596034506752.0,1951068530606080.0,2.992287918116045e+16,3.757354374627328e+16,4096.0,2.2635750839287808e+17,353397571584.0,5174525952.0,2483701350400.0,54000000000.0,1.878677187313664e+16,1.1317875419643904e+17,176698785792.0,27000000000.0,2.0,2.0,False
"{""task"":""lm-arena-chat"",""model_id"":""google/gemma-3-27b-it"",""gpu_model"":""H100"",""num_gpus"":2,""max_num_seqs"":384,""tensor_parallel"":2,""expert_parallel"":1,""data_parallel"":1,""seed"":48105,""num_request_repeats"":1}",lm-arena-chat,google/gemma-3-27b-it,available,,5699596034506752.0,1951068530606080.0,2.992287918116045e+16,3.757354374627328e+16,4096.0,2.2635750839287808e+17,353397571584.0,5174525952.0,2483701350400.0,54000000000.0,1.878677187313664e+16,1.1317875419643904e+17,176698785792.0,27000000000.0,2.0,2.0,False
"{""task"":""lm-arena-chat"",""model_id"":""google/gemma-3-27b-it"",""gpu_model"":""H100"",""num_gpus"":2,""max_num_seqs"":512,""tensor_parallel"":2,""expert_parallel"":1,""data_parallel"":1,""seed"":48105,""num_request_repeats"":1}",lm-arena-chat,google/gemma-3-27b-it,available,,5699596034506752.0,1951068530606080.0,2.992287918116045e+16,3.757354374627328e+16,4096.0,2.2635750839287808e+17,353397571584.0,5174525952.0,2483701350400.0,54000000000.0,1.878677187313664e+16,1.1317875419643904e+17,176698785792.0,27000000000.0,2.0,2.0,False
"{""task"":""lm-arena-chat"",""model_id"":""google/gemma-3-27b-it"",""gpu_model"":""H100"",""num_gpus"":2,""max_num_seqs"":64,""tensor_parallel"":2,""expert_parallel"":1,""data_parallel"":1,""seed"":48105,""num_request_repeats"":1}",lm-arena-chat,google/gemma-3-27b-it,available,,5699596034506752.0,1951068530606080.0,2.992287918116045e+16,3.757354374627328e+16,4096.0,2.2635750839287808e+17,353397571584.0,5174525952.0,2483701350400.0,54000000000.0,1.878677187313664e+16,1.1317875419643904e+17,176698785792.0,27000000000.0,2.0,2.0,False
"{""task"":""lm-arena-chat"",""model_id"":""google/gemma-3-27b-it"",""gpu_model"":""H100"",""num_gpus"":2,""max_num_seqs"":8,""tensor_parallel"":2,""expert_parallel"":1,""data_parallel"":1,""seed"":48105,""num_request_repeats"":1}",lm-arena-chat,google/gemma-3-27b-it,available,,5699596034506752.0,1951068530606080.0,2.992287918116045e+16,3.757354374627328e+16,4096.0,2.2635750839287808e+17,353397571584.0,5174525952.0,2483701350400.0,54000000000.0,1.878677187313664e+16,1.1317875419643904e+17,176698785792.0,27000000000.0,2.0,2.0,False
"{""task"":""lm-arena-chat"",""model_id"":""google/gemma-3-27b-it"",""gpu_model"":""H100"",""num_gpus"":2,""max_num_seqs"":96,""tensor_parallel"":2,""expert_parallel"":1,""data_parallel"":1,""seed"":48105,""num_request_repeats"":1}",lm-arena-chat,google/gemma-3-27b-it,available,,5699596034506752.0,1951068530606080.0,2.992287918116045e+16,3.757354374627328e+16,4096.0,2.2635750839287808e+17,353397571584.0,5174525952.0,2483701350400.0,54000000000.0,1.878677187313664e+16,1.1317875419643904e+17,176698785792.0,27000000000.0,2.0,2.0,False
"{""task"":""lm-arena-chat"",""model_id"":""meta-llama/Llama-3.1-405B-Instruct"",""gpu_model"":""B200"",""num_gpus"":8,""max_num_seqs"":1024,""tensor_parallel"":8,""expert_parallel"":1,""data_parallel"":1,""seed"":48105,""num_request_repeats"":2}",lm-arena-chat,meta-llama/Llama-3.1-405B-Instruct,missing,effective_workload_missing: restricted_model_static_files: Meta Llama access rejected; no bypass or mirror used,,,,,,,,,,,,,,,,,
"{""task"":""lm-arena-chat"",""model_id"":""meta-llama/Llama-3.1-405B-Instruct"",""gpu_model"":""B200"",""num_gpus"":8,""max_num_seqs"":128,""tensor_parallel"":8,""expert_parallel"":1,""data_parallel"":1,""seed"":48105,""num_request_repeats"":1}",lm-arena-chat,meta-llama/Llama-3.1-405B-Instruct,missing,effective_workload_missing: restricted_model_static_files: Meta Llama access rejected; no bypass or mirror used,,,,,,,,,,,,,,,,,
"{""task"":""lm-arena-chat"",""model_id"":""meta-llama/Llama-3.1-405B-Instruct"",""gpu_model"":""B200"",""num_gpus"":8,""max_num_seqs"":16,""tensor_parallel"":8,""expert_parallel"":1,""data_parallel"":1,""seed"":48105,""num_request_repeats"":1}",lm-arena-chat,meta-llama/Llama-3.1-405B-Instruct,missing,effective_workload_missing: restricted_model_static_files: Meta Llama access rejected; no bypass or mirror used,,,,,,,,,,,,,,,,,
"{""task"":""lm-arena-chat"",""model_id"":""meta-llama/Llama-3.1-405B-Instruct"",""gpu_model"":""B200"",""num_gpus"":8,""max_num_seqs"":2048,""tensor_parallel"":8,""expert_parallel"":1,""data_parallel"":1,""seed"":48105,""num_request_repeats"":3}",lm-arena-chat,meta-llama/Llama-3.1-405B-Instruct,missing,effective_workload_missing: restricted_model_static_files: Meta Llama access rejected; no bypass or mirror used,,,,,,,,,,,,,,,,,
"{""task"":""lm-arena-chat"",""model_id"":""meta-llama/Llama-3.1-405B-Instruct"",""gpu_model"":""B200"",""num_gpus"":8,""max_num_seqs"":256,""tensor_parallel"":8,""expert_parallel"":1,""data_parallel"":1,""seed"":48105,""num_request_repeats"":1}",lm-arena-chat,meta-llama/Llama-3.1-405B-Instruct,missing,effective_workload_missing: restricted_model_static_files: Meta Llama access rejected; no bypass or mirror used,,,,,,,,,,,,,,,,,
"{""task"":""lm-arena-chat"",""model_id"":""meta-llama/Llama-3.1-405B-Instruct"",""gpu_model"":""B200"",""num_gpus"":8,""max_num_seqs"":3072,""tensor_parallel"":8,""expert_parallel"":1,""data_parallel"":1,""seed"":48105,""num_request_repeats"":4}",lm-arena-chat,meta-llama/Llama-3.1-405B-Instruct,missing,effective_workload_missing: restricted_model_static_files: Meta Llama access rejected; no bypass or mirror used,,,,,,,,,,,,,,,,,
"{""task"":""lm-arena-chat"",""model_id"":""meta-llama/Llama-3.1-405B-Instruct"",""gpu_model"":""B200"",""num_gpus"":8,""max_num_seqs"":32,""tensor_parallel"":8,""expert_parallel"":1,""data_parallel"":1,""seed"":48105,""num_request_repeats"":1}",lm-arena-chat,meta-llama/Llama-3.1-405B-Instruct,missing,effective_workload_missing: restricted_model_static_files: Meta Llama access rejected; no bypass or mirror used,,,,,,,,,,,,,,,,,
"{""task"":""lm-arena-chat"",""model_id"":""meta-llama/Llama-3.1-405B-Instruct"",""gpu_model"":""B200"",""num_gpus"":8,""max_num_seqs"":4096,""tensor_parallel"":8,""expert_parallel"":1,""data_parallel"":1,""seed"":48105,""num_request_repeats"":6}",lm-arena-chat,meta-llama/Llama-3.1-405B-Instruct,missing,effective_workload_missing: restricted_model_static_files: Meta Llama access rejected; no bypass or mirror used,,,,,,,,,,,,,,,,,
"{""task"":""lm-arena-chat"",""model_id"":""meta-llama/Llama-3.1-405B-Instruct"",""gpu_model"":""B200"",""num_gpus"":8,""max_num_seqs"":512,""tensor_parallel"":8,""expert_parallel"":1,""data_parallel"":1,""seed"":48105,""num_request_repeats"":1}",lm-arena-chat,meta-llama/Llama-3.1-405B-Instruct,missing,effective_workload_missing: restricted_model_static_files: Meta Llama access rejected; no bypass or mirror used,,,,,,,,,,,,,,,,,
"{""task"":""lm-arena-chat"",""model_id"":""meta-llama/Llama-3.1-405B-Instruct"",""gpu_model"":""B200"",""num_gpus"":8,""max_num_seqs"":64,""tensor_parallel"":8,""expert_parallel"":1,""data_parallel"":1,""seed"":48105,""num_request_repeats"":1}",lm-arena-chat,meta-llama/Llama-3.1-405B-Instruct,missing,effective_workload_missing: restricted_model_static_files: Meta Llama access rejected; no bypass or mirror used,,,,,,,,,,,,,,,,,
"{""task"":""lm-arena-chat"",""model_id"":""meta-llama/Llama-3.1-405B-Instruct"",""gpu_model"":""B200"",""num_gpus"":8,""max_num_seqs"":768,""tensor_parallel"":8,""expert_parallel"":1,""data_parallel"":1,""seed"":48105,""num_request_repeats"":2}",lm-arena-chat,meta-llama/Llama-3.1-405B-Instruct,missing,effective_workload_missing: restricted_model_static_files: Meta Llama access rejected; no bypass or mirror used,,,,,,,,,,,,,,,,,
"{""task"":""lm-arena-chat"",""model_id"":""meta-llama/Llama-3.1-405B-Instruct"",""gpu_model"":""B200"",""num_gpus"":8,""max_num_seqs"":8,""tensor_parallel"":8,""expert_parallel"":1,""data_parallel"":1,""seed"":48105,""num_request_repeats"":1}",lm-arena-chat,meta-llama/Llama-3.1-405B-Instruct,missing,effective_workload_missing: restricted_model_static_files: Meta Llama access rejected; no bypass or mirror used,,,,,,,,,,,,,,,,,
"{""task"":""lm-arena-chat"",""model_id"":""meta-llama/Llama-3.1-405B-Instruct-FP8"",""gpu_model"":""B200"",""num_gpus"":4,""max_num_seqs"":1024,""tensor_parallel"":4,""expert_parallel"":1,""data_parallel"":1,""seed"":48105,""num_request_repeats"":2}",lm-arena-chat,meta-llama/Llama-3.1-405B-Instruct-FP8,missing,effective_workload_missing: restricted_model_static_files: Meta Llama access rejected; no bypass or mirror used,,,,,,,,,,,,,,,,,
"{""task"":""lm-arena-chat"",""model_id"":""meta-llama/Llama-3.1-405B-Instruct-FP8"",""gpu_model"":""B200"",""num_gpus"":4,""max_num_seqs"":128,""tensor_parallel"":4,""expert_parallel"":1,""data_parallel"":1,""seed"":48105,""num_request_repeats"":1}",lm-arena-chat,meta-llama/Llama-3.1-405B-Instruct-FP8,missing,effective_workload_missing: restricted_model_static_files: Meta Llama access rejected; no bypass or mirror used,,,,,,,,,,,,,,,,,
"{""task"":""lm-arena-chat"",""model_id"":""meta-llama/Llama-3.1-405B-Instruct-FP8"",""gpu_model"":""B200"",""num_gpus"":4,""max_num_seqs"":16,""tensor_parallel"":4,""expert_parallel"":1,""data_parallel"":1,""seed"":48105,""num_request_repeats"":1}",lm-arena-chat,meta-llama/Llama-3.1-405B-Instruct-FP8,missing,effective_workload_missing: restricted_model_static_files: Meta Llama access rejected; no bypass or mirror used,,,,,,,,,,,,,,,,,
"{""task"":""lm-arena-chat"",""model_id"":""meta-llama/Llama-3.1-405B-Instruct-FP8"",""gpu_model"":""B200"",""num_gpus"":4,""max_num_seqs"":256,""tensor_parallel"":4,""expert_parallel"":1,""data_parallel"":1,""seed"":48105,""num_request_repeats"":1}",lm-arena-chat,meta-llama/Llama-3.1-405B-Instruct-FP8,missing,effective_workload_missing: restricted_model_static_files: Meta Llama access rejected; no bypass or mirror used,,,,,,,,,,,,,,,,,
"{""task"":""lm-arena-chat"",""model_id"":""meta-llama/Llama-3.1-405B-Instruct-FP8"",""gpu_model"":""B200"",""num_gpus"":4,""max_num_seqs"":32,""tensor_parallel"":4,""expert_parallel"":1,""data_parallel"":1,""seed"":48105,""num_request_repeats"":1}",lm-arena-chat,meta-llama/Llama-3.1-405B-Instruct-FP8,missing,effective_workload_missing: restricted_model_static_files: Meta Llama access rejected; no bypass or mirror used,,,,,,,,,,,,,,,,,
"{""task"":""lm-arena-chat"",""model_id"":""meta-llama/Llama-3.1-405B-Instruct-FP8"",""gpu_model"":""B200"",""num_gpus"":4,""max_num_seqs"":512,""tensor_parallel"":4,""expert_parallel"":1,""data_parallel"":1,""seed"":48105,""num_request_repeats"":1}",lm-arena-chat,meta-llama/Llama-3.1-405B-Instruct-FP8,missing,effective_workload_missing: restricted_model_static_files: Meta Llama access rejected; no bypass or mirror used,,,,,,,,,,,,,,,,,
"{""task"":""lm-arena-chat"",""model_id"":""meta-llama/Llama-3.1-405B-Instruct-FP8"",""gpu_model"":""B200"",""num_gpus"":4,""max_num_seqs"":64,""tensor_parallel"":4,""expert_parallel"":1,""data_parallel"":1,""seed"":48105,""num_request_repeats"":1}",lm-arena-chat,meta-llama/Llama-3.1-405B-Instruct-FP8,missing,effective_workload_missing: restricted_model_static_files: Meta Llama access rejected; no bypass or mirror used,,,,,,,,,,,,,,,,,
"{""task"":""lm-arena-chat"",""model_id"":""meta-llama/Llama-3.1-405B-Instruct-FP8"",""gpu_model"":""B200"",""num_gpus"":4,""max_num_seqs"":768,""tensor_parallel"":4,""expert_parallel"":1,""data_parallel"":1,""seed"":48105,""num_request_repeats"":2}",lm-arena-chat,meta-llama/Llama-3.1-405B-Instruct-FP8,missing,effective_workload_missing: restricted_model_static_files: Meta Llama access rejected; no bypass or mirror used,,,,,,,,,,,,,,,,,
"{""task"":""lm-arena-chat"",""model_id"":""meta-llama/Llama-3.1-405B-Instruct-FP8"",""gpu_model"":""B200"",""num_gpus"":4,""max_num_seqs"":8,""tensor_parallel"":4,""expert_parallel"":1,""data_parallel"":1,""seed"":48105,""num_request_repeats"":1}",lm-arena-chat,meta-llama/Llama-3.1-405B-Instruct-FP8,missing,effective_workload_missing: restricted_model_static_files: Meta Llama access rejected; no bypass or mirror used,,,,,,,,,,,,,,,,,
"{""task"":""lm-arena-chat"",""model_id"":""meta-llama/Llama-3.1-405B-Instruct-FP8"",""gpu_model"":""H100"",""num_gpus"":8,""max_num_seqs"":128,""tensor_parallel"":8,""expert_parallel"":1,""data_parallel"":1,""seed"":48105,""num_request_repeats"":1}",lm-arena-chat,meta-llama/Llama-3.1-405B-Instruct-FP8,missing,effective_workload_missing: restricted_model_static_files: Meta Llama access rejected; no bypass or mirror used,,,,,,,,,,,,,,,,,
"{""task"":""lm-arena-chat"",""model_id"":""meta-llama/Llama-3.1-405B-Instruct-FP8"",""gpu_model"":""H100"",""num_gpus"":8,""max_num_seqs"":16,""tensor_parallel"":8,""expert_parallel"":1,""data_parallel"":1,""seed"":48105,""num_request_repeats"":1}",lm-arena-chat,meta-llama/Llama-3.1-405B-Instruct-FP8,missing,effective_workload_missing: restricted_model_static_files: Meta Llama access rejected; no bypass or mirror used,,,,,,,,,,,,,,,,,
"{""task"":""lm-arena-chat"",""model_id"":""meta-llama/Llama-3.1-405B-Instruct-FP8"",""gpu_model"":""H100"",""num_gpus"":8,""max_num_seqs"":192,""tensor_parallel"":8,""expert_parallel"":1,""data_parallel"":1,""seed"":48105,""num_request_repeats"":1}",lm-arena-chat,meta-llama/Llama-3.1-405B-Instruct-FP8,missing,effective_workload_missing: restricted_model_static_files: Meta Llama access rejected; no bypass or mirror used,,,,,,,,,,,,,,,,,
"{""task"":""lm-arena-chat"",""model_id"":""meta-llama/Llama-3.1-405B-Instruct-FP8"",""gpu_model"":""H100"",""num_gpus"":8,""max_num_seqs"":256,""tensor_parallel"":8,""expert_parallel"":1,""data_parallel"":1,""seed"":48105,""num_request_repeats"":1}",lm-arena-chat,meta-llama/Llama-3.1-405B-Instruct-FP8,missing,effective_workload_missing: restricted_model_static_files: Meta Llama access rejected; no bypass or mirror used,,,,,,,,,,,,,,,,,
"{""task"":""lm-arena-chat"",""model_id"":""meta-llama/Llama-3.1-405B-Instruct-FP8"",""gpu_model"":""H100"",""num_gpus"":8,""max_num_seqs"":32,""tensor_parallel"":8,""expert_parallel"":1,""data_parallel"":1,""seed"":48105,""num_request_repeats"":1}",lm-arena-chat,meta-llama/Llama-3.1-405B-Instruct-FP8,missing,effective_workload_missing: restricted_model_static_files: Meta Llama access rejected; no bypass or mirror used,,,,,,,,,,,,,,,,,
"{""task"":""lm-arena-chat"",""model_id"":""meta-llama/Llama-3.1-405B-Instruct-FP8"",""gpu_model"":""H100"",""num_gpus"":8,""max_num_seqs"":384,""tensor_parallel"":8,""expert_parallel"":1,""data_parallel"":1,""seed"":48105,""num_request_repeats"":1}",lm-arena-chat,meta-llama/Llama-3.1-405B-Instruct-FP8,missing,effective_workload_missing: restricted_model_static_files: Meta Llama access rejected; no bypass or mirror used,,,,,,,,,,,,,,,,,
"{""task"":""lm-arena-chat"",""model_id"":""meta-llama/Llama-3.1-405B-Instruct-FP8"",""gpu_model"":""H100"",""num_gpus"":8,""max_num_seqs"":512,""tensor_parallel"":8,""expert_parallel"":1,""data_parallel"":1,""seed"":48105,""num_request_repeats"":1}",lm-arena-chat,meta-llama/Llama-3.1-405B-Instruct-FP8,missing,effective_workload_missing: restricted_model_static_files: Meta Llama access rejected; no bypass or mirror used,,,,,,,,,,,,,,,,,
"{""task"":""lm-arena-chat"",""model_id"":""meta-llama/Llama-3.1-405B-Instruct-FP8"",""gpu_model"":""H100"",""num_gpus"":8,""max_num_seqs"":64,""tensor_parallel"":8,""expert_parallel"":1,""data_parallel"":1,""seed"":48105,""num_request_repeats"":1}",lm-arena-chat,meta-llama/Llama-3.1-405B-Instruct-FP8,missing,effective_workload_missing: restricted_model_static_files: Meta Llama access rejected; no bypass or mirror used,,,,,,,,,,,,,,,,,
"{""task"":""lm-arena-chat"",""model_id"":""meta-llama/Llama-3.1-405B-Instruct-FP8"",""gpu_model"":""H100"",""num_gpus"":8,""max_num_seqs"":8,""tensor_parallel"":8,""expert_parallel"":1,""data_parallel"":1,""seed"":48105,""num_request_repeats"":1}",lm-arena-chat,meta-llama/Llama-3.1-405B-Instruct-FP8,missing,effective_workload_missing: restricted_model_static_files: Meta Llama access rejected; no bypass or mirror used,,,,,,,,,,,,,,,,,
"{""task"":""lm-arena-chat"",""model_id"":""meta-llama/Llama-3.1-405B-Instruct-FP8"",""gpu_model"":""H100"",""num_gpus"":8,""max_num_seqs"":96,""tensor_parallel"":8,""expert_parallel"":1,""data_parallel"":1,""seed"":48105,""num_request_repeats"":1}",lm-arena-chat,meta-llama/Llama-3.1-405B-Instruct-FP8,missing,effective_workload_missing: restricted_model_static_files: Meta Llama access rejected; no bypass or mirror used,,,,,,,,,,,,,,,,,
"{""task"":""lm-arena-chat"",""model_id"":""meta-llama/Llama-3.1-70B-Instruct"",""gpu_model"":""B200"",""num_gpus"":2,""max_num_seqs"":1024,""tensor_parallel"":2,""expert_parallel"":1,""data_parallel"":1,""seed"":48105,""num_request_repeats"":2}",lm-arena-chat,meta-llama/Llama-3.1-70B-Instruct,missing,effective_workload_missing: restricted_model_static_files: Meta Llama access rejected; no bypass or mirror used,,,,,,,,,,,,,,,,,
"{""task"":""lm-arena-chat"",""model_id"":""meta-llama/Llama-3.1-70B-Instruct"",""gpu_model"":""B200"",""num_gpus"":2,""max_num_seqs"":128,""tensor_parallel"":2,""expert_parallel"":1,""data_parallel"":1,""seed"":48105,""num_request_repeats"":1}",lm-arena-chat,meta-llama/Llama-3.1-70B-Instruct,missing,effective_workload_missing: restricted_model_static_files: Meta Llama access rejected; no bypass or mirror used,,,,,,,,,,,,,,,,,
"{""task"":""lm-arena-chat"",""model_id"":""meta-llama/Llama-3.1-70B-Instruct"",""gpu_model"":""B200"",""num_gpus"":2,""max_num_seqs"":1536,""tensor_parallel"":2,""expert_parallel"":1,""data_parallel"":1,""seed"":48105,""num_request_repeats"":3}",lm-arena-chat,meta-llama/Llama-3.1-70B-Instruct,missing,effective_workload_missing: restricted_model_static_files: Meta Llama access rejected; no bypass or mirror used,,,,,,,,,,,,,,,,,
"{""task"":""lm-arena-chat"",""model_id"":""meta-llama/Llama-3.1-70B-Instruct"",""gpu_model"":""B200"",""num_gpus"":2,""max_num_seqs"":16,""tensor_parallel"":2,""expert_parallel"":1,""data_parallel"":1,""seed"":48105,""num_request_repeats"":1}",lm-arena-chat,meta-llama/Llama-3.1-70B-Instruct,missing,effective_workload_missing: restricted_model_static_files: Meta Llama access rejected; no bypass or mirror used,,,,,,,,,,,,,,,,,
"{""task"":""lm-arena-chat"",""model_id"":""meta-llama/Llama-3.1-70B-Instruct"",""gpu_model"":""B200"",""num_gpus"":2,""max_num_seqs"":2048,""tensor_parallel"":2,""expert_parallel"":1,""data_parallel"":1,""seed"":48105,""num_request_repeats"":3}",lm-arena-chat,meta-llama/Llama-3.1-70B-Instruct,missing,effective_workload_missing: restricted_model_static_files: Meta Llama access rejected; no bypass or mirror used,,,,,,,,,,,,,,,,,
"{""task"":""lm-arena-chat"",""model_id"":""meta-llama/Llama-3.1-70B-Instruct"",""gpu_model"":""B200"",""num_gpus"":2,""max_num_seqs"":256,""tensor_parallel"":2,""expert_parallel"":1,""data_parallel"":1,""seed"":48105,""num_request_repeats"":1}",lm-arena-chat,meta-llama/Llama-3.1-70B-Instruct,missing,effective_workload_missing: restricted_model_static_files: Meta Llama access rejected; no bypass or mirror used,,,,,,,,,,,,,,,,,
"{""task"":""lm-arena-chat"",""model_id"":""meta-llama/Llama-3.1-70B-Instruct"",""gpu_model"":""B200"",""num_gpus"":2,""max_num_seqs"":3072,""tensor_parallel"":2,""expert_parallel"":1,""data_parallel"":1,""seed"":48105,""num_request_repeats"":5}",lm-arena-chat,meta-llama/Llama-3.1-70B-Instruct,missing,effective_workload_missing: restricted_model_static_files: Meta Llama access rejected; no bypass or mirror used,,,,,,,,,,,,,,,,,
"{""task"":""lm-arena-chat"",""model_id"":""meta-llama/Llama-3.1-70B-Instruct"",""gpu_model"":""B200"",""num_gpus"":2,""max_num_seqs"":32,""tensor_parallel"":2,""expert_parallel"":1,""data_parallel"":1,""seed"":48105,""num_request_repeats"":1}",lm-arena-chat,meta-llama/Llama-3.1-70B-Instruct,missing,effective_workload_missing: restricted_model_static_files: Meta Llama access rejected; no bypass or mirror used,,,,,,,,,,,,,,,,,
"{""task"":""lm-arena-chat"",""model_id"":""meta-llama/Llama-3.1-70B-Instruct"",""gpu_model"":""B200"",""num_gpus"":2,""max_num_seqs"":512,""tensor_parallel"":2,""expert_parallel"":1,""data_parallel"":1,""seed"":48105,""num_request_repeats"":2}",lm-arena-chat,meta-llama/Llama-3.1-70B-Instruct,missing,effective_workload_missing: restricted_model_static_files: Meta Llama access rejected; no bypass or mirror used,,,,,,,,,,,,,,,,,
"{""task"":""lm-arena-chat"",""model_id"":""meta-llama/Llama-3.1-70B-Instruct"",""gpu_model"":""B200"",""num_gpus"":2,""max_num_seqs"":64,""tensor_parallel"":2,""expert_parallel"":1,""data_parallel"":1,""seed"":48105,""num_request_repeats"":1}",lm-arena-chat,meta-llama/Llama-3.1-70B-Instruct,missing,effective_workload_missing: restricted_model_static_files: Meta Llama access rejected; no bypass or mirror used,,,,,,,,,,,,,,,,,
"{""task"":""lm-arena-chat"",""model_id"":""meta-llama/Llama-3.1-70B-Instruct"",""gpu_model"":""B200"",""num_gpus"":2,""max_num_seqs"":8,""tensor_parallel"":2,""expert_parallel"":1,""data_parallel"":1,""seed"":48105,""num_request_repeats"":1}",lm-arena-chat,meta-llama/Llama-3.1-70B-Instruct,missing,effective_workload_missing: restricted_model_static_files: Meta Llama access rejected; no bypass or mirror used,,,,,,,,,,,,,,,,,
"{""task"":""lm-arena-chat"",""model_id"":""meta-llama/Llama-3.1-70B-Instruct"",""gpu_model"":""H100"",""num_gpus"":4,""max_num_seqs"":1024,""tensor_parallel"":4,""expert_parallel"":1,""data_parallel"":1,""seed"":48105,""num_request_repeats"":2}",lm-arena-chat,meta-llama/Llama-3.1-70B-Instruct,missing,effective_workload_missing: restricted_model_static_files: Meta Llama access rejected; no bypass or mirror used,,,,,,,,,,,,,,,,,
"{""task"":""lm-arena-chat"",""model_id"":""meta-llama/Llama-3.1-70B-Instruct"",""gpu_model"":""H100"",""num_gpus"":4,""max_num_seqs"":128,""tensor_parallel"":4,""expert_parallel"":1,""data_parallel"":1,""seed"":48105,""num_request_repeats"":1}",lm-arena-chat,meta-llama/Llama-3.1-70B-Instruct,missing,effective_workload_missing: restricted_model_static_files: Meta Llama access rejected; no bypass or mirror used,,,,,,,,,,,,,,,,,
"{""task"":""lm-arena-chat"",""model_id"":""meta-llama/Llama-3.1-70B-Instruct"",""gpu_model"":""H100"",""num_gpus"":4,""max_num_seqs"":1536,""tensor_parallel"":4,""expert_parallel"":1,""data_parallel"":1,""seed"":48105,""num_request_repeats"":3}",lm-arena-chat,meta-llama/Llama-3.1-70B-Instruct,missing,effective_workload_missing: restricted_model_static_files: Meta Llama access rejected; no bypass or mirror used,,,,,,,,,,,,,,,,,
"{""task"":""lm-arena-chat"",""model_id"":""meta-llama/Llama-3.1-70B-Instruct"",""gpu_model"":""H100"",""num_gpus"":4,""max_num_seqs"":16,""tensor_parallel"":4,""expert_parallel"":1,""data_parallel"":1,""seed"":48105,""num_request_repeats"":1}",lm-arena-chat,meta-llama/Llama-3.1-70B-Instruct,missing,effective_workload_missing: restricted_model_static_files: Meta Llama access rejected; no bypass or mirror used,,,,,,,,,,,,,,,,,
"{""task"":""lm-arena-chat"",""model_id"":""meta-llama/Llama-3.1-70B-Instruct"",""gpu_model"":""H100"",""num_gpus"":4,""max_num_seqs"":192,""tensor_parallel"":4,""expert_parallel"":1,""data_parallel"":1,""seed"":48105,""num_request_repeats"":1}",lm-arena-chat,meta-llama/Llama-3.1-70B-Instruct,missing,effective_workload_missing: restricted_model_static_files: Meta Llama access rejected; no bypass or mirror used,,,,,,,,,,,,,,,,,
"{""task"":""lm-arena-chat"",""model_id"":""meta-llama/Llama-3.1-70B-Instruct"",""gpu_model"":""H100"",""num_gpus"":4,""max_num_seqs"":2048,""tensor_parallel"":4,""expert_parallel"":1,""data_parallel"":1,""seed"":48105,""num_request_repeats"":3}",lm-arena-chat,meta-llama/Llama-3.1-70B-Instruct,missing,effective_workload_missing: restricted_model_static_files: Meta Llama access rejected; no bypass or mirror used,,,,,,,,,,,,,,,,,
"{""task"":""lm-arena-chat"",""model_id"":""meta-llama/Llama-3.1-70B-Instruct"",""gpu_model"":""H100"",""num_gpus"":4,""max_num_seqs"":256,""tensor_parallel"":4,""expert_parallel"":1,""data_parallel"":1,""seed"":48105,""num_request_repeats"":1}",lm-arena-chat,meta-llama/Llama-3.1-70B-Instruct,missing,effective_workload_missing: restricted_model_static_files: Meta Llama access rejected; no bypass or mirror used,,,,,,,,,,,,,,,,,
"{""task"":""lm-arena-chat"",""model_id"":""meta-llama/Llama-3.1-70B-Instruct"",""gpu_model"":""H100"",""num_gpus"":4,""max_num_seqs"":32,""tensor_parallel"":4,""expert_parallel"":1,""data_parallel"":1,""seed"":48105,""num_request_repeats"":1}",lm-arena-chat,meta-llama/Llama-3.1-70B-Instruct,missing,effective_workload_missing: restricted_model_static_files: Meta Llama access rejected; no bypass or mirror used,,,,,,,,,,,,,,,,,
"{""task"":""lm-arena-chat"",""model_id"":""meta-llama/Llama-3.1-70B-Instruct"",""gpu_model"":""H100"",""num_gpus"":4,""max_num_seqs"":384,""tensor_parallel"":4,""expert_parallel"":1,""data_parallel"":1,""seed"":48105,""num_request_repeats"":1}",lm-arena-chat,meta-llama/Llama-3.1-70B-Instruct,missing,effective_workload_missing: restricted_model_static_files: Meta Llama access rejected; no bypass or mirror used,,,,,,,,,,,,,,,,,
"{""task"":""lm-arena-chat"",""model_id"":""meta-llama/Llama-3.1-70B-Instruct"",""gpu_model"":""H100"",""num_gpus"":4,""max_num_seqs"":512,""tensor_parallel"":4,""expert_parallel"":1,""data_parallel"":1,""seed"":48105,""num_request_repeats"":2}",lm-arena-chat,meta-llama/Llama-3.1-70B-Instruct,missing,effective_workload_missing: restricted_model_static_files: Meta Llama access rejected; no bypass or mirror used,,,,,,,,,,,,,,,,,
"{""task"":""lm-arena-chat"",""model_id"":""meta-llama/Llama-3.1-70B-Instruct"",""gpu_model"":""H100"",""num_gpus"":4,""max_num_seqs"":64,""tensor_parallel"":4,""expert_parallel"":1,""data_parallel"":1,""seed"":48105,""num_request_repeats"":1}",lm-arena-chat,meta-llama/Llama-3.1-70B-Instruct,missing,effective_workload_missing: restricted_model_static_files: Meta Llama access rejected; no bypass or mirror used,,,,,,,,,,,,,,,,,
"{""task"":""lm-arena-chat"",""model_id"":""meta-llama/Llama-3.1-70B-Instruct"",""gpu_model"":""H100"",""num_gpus"":4,""max_num_seqs"":768,""tensor_parallel"":4,""expert_parallel"":1,""data_parallel"":1,""seed"":48105,""num_request_repeats"":2}",lm-arena-chat,meta-llama/Llama-3.1-70B-Instruct,missing,effective_workload_missing: restricted_model_static_files: Meta Llama access rejected; no bypass or mirror used,,,,,,,,,,,,,,,,,
"{""task"":""lm-arena-chat"",""model_id"":""meta-llama/Llama-3.1-70B-Instruct"",""gpu_model"":""H100"",""num_gpus"":4,""max_num_seqs"":8,""tensor_parallel"":4,""expert_parallel"":1,""data_parallel"":1,""seed"":48105,""num_request_repeats"":1}",lm-arena-chat,meta-llama/Llama-3.1-70B-Instruct,missing,effective_workload_missing: restricted_model_static_files: Meta Llama access rejected; no bypass or mirror used,,,,,,,,,,,,,,,,,
"{""task"":""lm-arena-chat"",""model_id"":""meta-llama/Llama-3.1-70B-Instruct"",""gpu_model"":""H100"",""num_gpus"":4,""max_num_seqs"":96,""tensor_parallel"":4,""expert_parallel"":1,""data_parallel"":1,""seed"":48105,""num_request_repeats"":1}",lm-arena-chat,meta-llama/Llama-3.1-70B-Instruct,missing,effective_workload_missing: restricted_model_static_files: Meta Llama access rejected; no bypass or mirror used,,,,,,,,,,,,,,,,,
"{""task"":""lm-arena-chat"",""model_id"":""meta-llama/Llama-3.1-8B-Instruct"",""gpu_model"":""B200"",""num_gpus"":1,""max_num_seqs"":1024,""tensor_parallel"":1,""expert_parallel"":1,""data_parallel"":1,""seed"":48105,""num_request_repeats"":4}",lm-arena-chat,meta-llama/Llama-3.1-8B-Instruct,missing,effective_workload_missing: restricted_model_static_files: Meta Llama access rejected; no bypass or mirror used,,,,,,,,,,,,,,,,,
"{""task"":""lm-arena-chat"",""model_id"":""meta-llama/Llama-3.1-8B-Instruct"",""gpu_model"":""B200"",""num_gpus"":1,""max_num_seqs"":128,""tensor_parallel"":1,""expert_parallel"":1,""data_parallel"":1,""seed"":48105,""num_request_repeats"":2}",lm-arena-chat,meta-llama/Llama-3.1-8B-Instruct,missing,effective_workload_missing: restricted_model_static_files: Meta Llama access rejected; no bypass or mirror used,,,,,,,,,,,,,,,,,
"{""task"":""lm-arena-chat"",""model_id"":""meta-llama/Llama-3.1-8B-Instruct"",""gpu_model"":""B200"",""num_gpus"":1,""max_num_seqs"":16,""tensor_parallel"":1,""expert_parallel"":1,""data_parallel"":1,""seed"":48105,""num_request_repeats"":1}",lm-arena-chat,meta-llama/Llama-3.1-8B-Instruct,missing,effective_workload_missing: restricted_model_static_files: Meta Llama access rejected; no bypass or mirror used,,,,,,,,,,,,,,,,,
"{""task"":""lm-arena-chat"",""model_id"":""meta-llama/Llama-3.1-8B-Instruct"",""gpu_model"":""B200"",""num_gpus"":1,""max_num_seqs"":2048,""tensor_parallel"":1,""expert_parallel"":1,""data_parallel"":1,""seed"":48105,""num_request_repeats"":8}",lm-arena-chat,meta-llama/Llama-3.1-8B-Instruct,missing,effective_workload_missing: restricted_model_static_files: Meta Llama access rejected; no bypass or mirror used,,,,,,,,,,,,,,,,,
"{""task"":""lm-arena-chat"",""model_id"":""meta-llama/Llama-3.1-8B-Instruct"",""gpu_model"":""B200"",""num_gpus"":1,""max_num_seqs"":256,""tensor_parallel"":1,""expert_parallel"":1,""data_parallel"":1,""seed"":48105,""num_request_repeats"":2}",lm-arena-chat,meta-llama/Llama-3.1-8B-Instruct,missing,effective_workload_missing: restricted_model_static_files: Meta Llama access rejected; no bypass or mirror used,,,,,,,,,,,,,,,,,
"{""task"":""lm-arena-chat"",""model_id"":""meta-llama/Llama-3.1-8B-Instruct"",""gpu_model"":""B200"",""num_gpus"":1,""max_num_seqs"":32,""tensor_parallel"":1,""expert_parallel"":1,""data_parallel"":1,""seed"":48105,""num_request_repeats"":1}",lm-arena-chat,meta-llama/Llama-3.1-8B-Instruct,missing,effective_workload_missing: restricted_model_static_files: Meta Llama access rejected; no bypass or mirror used,,,,,,,,,,,,,,,,,
"{""task"":""lm-arena-chat"",""model_id"":""meta-llama/Llama-3.1-8B-Instruct"",""gpu_model"":""B200"",""num_gpus"":1,""max_num_seqs"":4096,""tensor_parallel"":1,""expert_parallel"":1,""data_parallel"":1,""seed"":48105,""num_request_repeats"":16}",lm-arena-chat,meta-llama/Llama-3.1-8B-Instruct,missing,effective_workload_missing: restricted_model_static_files: Meta Llama access rejected; no bypass or mirror used,,,,,,,,,,,,,,,,,
"{""task"":""lm-arena-chat"",""model_id"":""meta-llama/Llama-3.1-8B-Instruct"",""gpu_model"":""B200"",""num_gpus"":1,""max_num_seqs"":512,""tensor_parallel"":1,""expert_parallel"":1,""data_parallel"":1,""seed"":48105,""num_request_repeats"":3}",lm-arena-chat,meta-llama/Llama-3.1-8B-Instruct,missing,effective_workload_missing: restricted_model_static_files: Meta Llama access rejected; no bypass or mirror used,,,,,,,,,,,,,,,,,
"{""task"":""lm-arena-chat"",""model_id"":""meta-llama/Llama-3.1-8B-Instruct"",""gpu_model"":""B200"",""num_gpus"":1,""max_num_seqs"":64,""tensor_parallel"":1,""expert_parallel"":1,""data_parallel"":1,""seed"":48105,""num_request_repeats"":1}",lm-arena-chat,meta-llama/Llama-3.1-8B-Instruct,missing,effective_workload_missing: restricted_model_static_files: Meta Llama access rejected; no bypass or mirror used,,,,,,,,,,,,,,,,,
"{""task"":""lm-arena-chat"",""model_id"":""meta-llama/Llama-3.1-8B-Instruct"",""gpu_model"":""B200"",""num_gpus"":1,""max_num_seqs"":8,""tensor_parallel"":1,""expert_parallel"":1,""data_parallel"":1,""seed"":48105,""num_request_repeats"":1}",lm-arena-chat,meta-llama/Llama-3.1-8B-Instruct,missing,effective_workload_missing: restricted_model_static_files: Meta Llama access rejected; no bypass or mirror used,,,,,,,,,,,,,,,,,
"{""task"":""lm-arena-chat"",""model_id"":""meta-llama/Llama-3.1-8B-Instruct"",""gpu_model"":""H100"",""num_gpus"":1,""max_num_seqs"":1024,""tensor_parallel"":1,""expert_parallel"":1,""data_parallel"":1,""seed"":48105,""num_request_repeats"":3}",lm-arena-chat,meta-llama/Llama-3.1-8B-Instruct,missing,effective_workload_missing: restricted_model_static_files: Meta Llama access rejected; no bypass or mirror used,,,,,,,,,,,,,,,,,
"{""task"":""lm-arena-chat"",""model_id"":""meta-llama/Llama-3.1-8B-Instruct"",""gpu_model"":""H100"",""num_gpus"":1,""max_num_seqs"":128,""tensor_parallel"":1,""expert_parallel"":1,""data_parallel"":1,""seed"":48105,""num_request_repeats"":1}",lm-arena-chat,meta-llama/Llama-3.1-8B-Instruct,missing,effective_workload_missing: restricted_model_static_files: Meta Llama access rejected; no bypass or mirror used,,,,,,,,,,,,,,,,,
"{""task"":""lm-arena-chat"",""model_id"":""meta-llama/Llama-3.1-8B-Instruct"",""gpu_model"":""H100"",""num_gpus"":1,""max_num_seqs"":16,""tensor_parallel"":1,""expert_parallel"":1,""data_parallel"":1,""seed"":48105,""num_request_repeats"":1}",lm-arena-chat,meta-llama/Llama-3.1-8B-Instruct,missing,effective_workload_missing: restricted_model_static_files: Meta Llama access rejected; no bypass or mirror used,,,,,,,,,,,,,,,,,
"{""task"":""lm-arena-chat"",""model_id"":""meta-llama/Llama-3.1-8B-Instruct"",""gpu_model"":""H100"",""num_gpus"":1,""max_num_seqs"":192,""tensor_parallel"":1,""expert_parallel"":1,""data_parallel"":1,""seed"":48105,""num_request_repeats"":1}",lm-arena-chat,meta-llama/Llama-3.1-8B-Instruct,missing,effective_workload_missing: restricted_model_static_files: Meta Llama access rejected; no bypass or mirror used,,,,,,,,,,,,,,,,,
"{""task"":""lm-arena-chat"",""model_id"":""meta-llama/Llama-3.1-8B-Instruct"",""gpu_model"":""H100"",""num_gpus"":1,""max_num_seqs"":256,""tensor_parallel"":1,""expert_parallel"":1,""data_parallel"":1,""seed"":48105,""num_request_repeats"":2}",lm-arena-chat,meta-llama/Llama-3.1-8B-Instruct,missing,effective_workload_missing: restricted_model_static_files: Meta Llama access rejected; no bypass or mirror used,,,,,,,,,,,,,,,,,
"{""task"":""lm-arena-chat"",""model_id"":""meta-llama/Llama-3.1-8B-Instruct"",""gpu_model"":""H100"",""num_gpus"":1,""max_num_seqs"":32,""tensor_parallel"":1,""expert_parallel"":1,""data_parallel"":1,""seed"":48105,""num_request_repeats"":1}",lm-arena-chat,meta-llama/Llama-3.1-8B-Instruct,missing,effective_workload_missing: restricted_model_static_files: Meta Llama access rejected; no bypass or mirror used,,,,,,,,,,,,,,,,,
"{""task"":""lm-arena-chat"",""model_id"":""meta-llama/Llama-3.1-8B-Instruct"",""gpu_model"":""H100"",""num_gpus"":1,""max_num_seqs"":384,""tensor_parallel"":1,""expert_parallel"":1,""data_parallel"":1,""seed"":48105,""num_request_repeats"":2}",lm-arena-chat,meta-llama/Llama-3.1-8B-Instruct,missing,effective_workload_missing: restricted_model_static_files: Meta Llama access rejected; no bypass or mirror used,,,,,,,,,,,,,,,,,
"{""task"":""lm-arena-chat"",""model_id"":""meta-llama/Llama-3.1-8B-Instruct"",""gpu_model"":""H100"",""num_gpus"":1,""max_num_seqs"":512,""tensor_parallel"":1,""expert_parallel"":1,""data_parallel"":1,""seed"":48105,""num_request_repeats"":2}",lm-arena-chat,meta-llama/Llama-3.1-8B-Instruct,missing,effective_workload_missing: restricted_model_static_files: Meta Llama access rejected; no bypass or mirror used,,,,,,,,,,,,,,,,,
"{""task"":""lm-arena-chat"",""model_id"":""meta-llama/Llama-3.1-8B-Instruct"",""gpu_model"":""H100"",""num_gpus"":1,""max_num_seqs"":64,""tensor_parallel"":1,""expert_parallel"":1,""data_parallel"":1,""seed"":48105,""num_request_repeats"":1}",lm-arena-chat,meta-llama/Llama-3.1-8B-Instruct,missing,effective_workload_missing: restricted_model_static_files: Meta Llama access rejected; no bypass or mirror used,,,,,,,,,,,,,,,,,
"{""task"":""lm-arena-chat"",""model_id"":""meta-llama/Llama-3.1-8B-Instruct"",""gpu_model"":""H100"",""num_gpus"":1,""max_num_seqs"":768,""tensor_parallel"":1,""expert_parallel"":1,""data_parallel"":1,""seed"":48105,""num_request_repeats"":3}",lm-arena-chat,meta-llama/Llama-3.1-8B-Instruct,missing,effective_workload_missing: restricted_model_static_files: Meta Llama access rejected; no bypass or mirror used,,,,,,,,,,,,,,,,,
"{""task"":""lm-arena-chat"",""model_id"":""meta-llama/Llama-3.1-8B-Instruct"",""gpu_model"":""H100"",""num_gpus"":1,""max_num_seqs"":8,""tensor_parallel"":1,""expert_parallel"":1,""data_parallel"":1,""seed"":48105,""num_request_repeats"":1}",lm-arena-chat,meta-llama/Llama-3.1-8B-Instruct,missing,effective_workload_missing: restricted_model_static_files: Meta Llama access rejected; no bypass or mirror used,,,,,,,,,,,,,,,,,
"{""task"":""lm-arena-chat"",""model_id"":""meta-llama/Llama-3.1-8B-Instruct"",""gpu_model"":""H100"",""num_gpus"":1,""max_num_seqs"":96,""tensor_parallel"":1,""expert_parallel"":1,""data_parallel"":1,""seed"":48105,""num_request_repeats"":1}",lm-arena-chat,meta-llama/Llama-3.1-8B-Instruct,missing,effective_workload_missing: restricted_model_static_files: Meta Llama access rejected; no bypass or mirror used,,,,,,,,,,,,,,,,,
"{""task"":""lm-arena-chat"",""model_id"":""meta-llama/Llama-3.3-70B-Instruct"",""gpu_model"":""B200"",""num_gpus"":2,""max_num_seqs"":1024,""tensor_parallel"":2,""expert_parallel"":1,""data_parallel"":1,""seed"":48105,""num_request_repeats"":2}",lm-arena-chat,meta-llama/Llama-3.3-70B-Instruct,missing,effective_workload_missing: restricted_model_static_files: Meta Llama access rejected; no bypass or mirror used,,,,,,,,,,,,,,,,,
"{""task"":""lm-arena-chat"",""model_id"":""meta-llama/Llama-3.3-70B-Instruct"",""gpu_model"":""B200"",""num_gpus"":2,""max_num_seqs"":128,""tensor_parallel"":2,""expert_parallel"":1,""data_parallel"":1,""seed"":48105,""num_request_repeats"":1}",lm-arena-chat,meta-llama/Llama-3.3-70B-Instruct,missing,effective_workload_missing: restricted_model_static_files: Meta Llama access rejected; no bypass or mirror used,,,,,,,,,,,,,,,,,
"{""task"":""lm-arena-chat"",""model_id"":""meta-llama/Llama-3.3-70B-Instruct"",""gpu_model"":""B200"",""num_gpus"":2,""max_num_seqs"":1536,""tensor_parallel"":2,""expert_parallel"":1,""data_parallel"":1,""seed"":48105,""num_request_repeats"":3}",lm-arena-chat,meta-llama/Llama-3.3-70B-Instruct,missing,effective_workload_missing: restricted_model_static_files: Meta Llama access rejected; no bypass or mirror used,,,,,,,,,,,,,,,,,
"{""task"":""lm-arena-chat"",""model_id"":""meta-llama/Llama-3.3-70B-Instruct"",""gpu_model"":""B200"",""num_gpus"":2,""max_num_seqs"":16,""tensor_parallel"":2,""expert_parallel"":1,""data_parallel"":1,""seed"":48105,""num_request_repeats"":1}",lm-arena-chat,meta-llama/Llama-3.3-70B-Instruct,missing,effective_workload_missing: restricted_model_static_files: Meta Llama access rejected; no bypass or mirror used,,,,,,,,,,,,,,,,,
"{""task"":""lm-arena-chat"",""model_id"":""meta-llama/Llama-3.3-70B-Instruct"",""gpu_model"":""B200"",""num_gpus"":2,""max_num_seqs"":2048,""tensor_parallel"":2,""expert_parallel"":1,""data_parallel"":1,""seed"":48105,""num_request_repeats"":3}",lm-arena-chat,meta-llama/Llama-3.3-70B-Instruct,missing,effective_workload_missing: restricted_model_static_files: Meta Llama access rejected; no bypass or mirror used,,,,,,,,,,,,,,,,,
"{""task"":""lm-arena-chat"",""model_id"":""meta-llama/Llama-3.3-70B-Instruct"",""gpu_model"":""B200"",""num_gpus"":2,""max_num_seqs"":256,""tensor_parallel"":2,""expert_parallel"":1,""data_parallel"":1,""seed"":48105,""num_request_repeats"":1}",lm-arena-chat,meta-llama/Llama-3.3-70B-Instruct,missing,effective_workload_missing: restricted_model_static_files: Meta Llama access rejected; no bypass or mirror used,,,,,,,,,,,,,,,,,
"{""task"":""lm-arena-chat"",""model_id"":""meta-llama/Llama-3.3-70B-Instruct"",""gpu_model"":""B200"",""num_gpus"":2,""max_num_seqs"":3072,""tensor_parallel"":2,""expert_parallel"":1,""data_parallel"":1,""seed"":48105,""num_request_repeats"":5}",lm-arena-chat,meta-llama/Llama-3.3-70B-Instruct,missing,effective_workload_missing: restricted_model_static_files: Meta Llama access rejected; no bypass or mirror used,,,,,,,,,,,,,,,,,
"{""task"":""lm-arena-chat"",""model_id"":""meta-llama/Llama-3.3-70B-Instruct"",""gpu_model"":""B200"",""num_gpus"":2,""max_num_seqs"":32,""tensor_parallel"":2,""expert_parallel"":1,""data_parallel"":1,""seed"":48105,""num_request_repeats"":1}",lm-arena-chat,meta-llama/Llama-3.3-70B-Instruct,missing,effective_workload_missing: restricted_model_static_files: Meta Llama access rejected; no bypass or mirror used,,,,,,,,,,,,,,,,,
"{""task"":""lm-arena-chat"",""model_id"":""meta-llama/Llama-3.3-70B-Instruct"",""gpu_model"":""B200"",""num_gpus"":2,""max_num_seqs"":512,""tensor_parallel"":2,""expert_parallel"":1,""data_parallel"":1,""seed"":48105,""num_request_repeats"":2}",lm-arena-chat,meta-llama/Llama-3.3-70B-Instruct,missing,effective_workload_missing: restricted_model_static_files: Meta Llama access rejected; no bypass or mirror used,,,,,,,,,,,,,,,,,
"{""task"":""lm-arena-chat"",""model_id"":""meta-llama/Llama-3.3-70B-Instruct"",""gpu_model"":""B200"",""num_gpus"":2,""max_num_seqs"":64,""tensor_parallel"":2,""expert_parallel"":1,""data_parallel"":1,""seed"":48105,""num_request_repeats"":1}",lm-arena-chat,meta-llama/Llama-3.3-70B-Instruct,missing,effective_workload_missing: restricted_model_static_files: Meta Llama access rejected; no bypass or mirror used,,,,,,,,,,,,,,,,,
"{""task"":""lm-arena-chat"",""model_id"":""meta-llama/Llama-3.3-70B-Instruct"",""gpu_model"":""B200"",""num_gpus"":2,""max_num_seqs"":8,""tensor_parallel"":2,""expert_parallel"":1,""data_parallel"":1,""seed"":48105,""num_request_repeats"":1}",lm-arena-chat,meta-llama/Llama-3.3-70B-Instruct,missing,effective_workload_missing: restricted_model_static_files: Meta Llama access rejected; no bypass or mirror used,,,,,,,,,,,,,,,,,
"{""task"":""lm-arena-chat"",""model_id"":""meta-llama/Llama-3.3-70B-Instruct"",""gpu_model"":""H100"",""num_gpus"":4,""max_num_seqs"":1024,""tensor_parallel"":4,""expert_parallel"":1,""data_parallel"":1,""seed"":48105,""num_request_repeats"":2}",lm-arena-chat,meta-llama/Llama-3.3-70B-Instruct,missing,effective_workload_missing: restricted_model_static_files: Meta Llama access rejected; no bypass or mirror used,,,,,,,,,,,,,,,,,
"{""task"":""lm-arena-chat"",""model_id"":""meta-llama/Llama-3.3-70B-Instruct"",""gpu_model"":""H100"",""num_gpus"":4,""max_num_seqs"":128,""tensor_parallel"":4,""expert_parallel"":1,""data_parallel"":1,""seed"":48105,""num_request_repeats"":1}",lm-arena-chat,meta-llama/Llama-3.3-70B-Instruct,missing,effective_workload_missing: restricted_model_static_files: Meta Llama access rejected; no bypass or mirror used,,,,,,,,,,,,,,,,,
"{""task"":""lm-arena-chat"",""model_id"":""meta-llama/Llama-3.3-70B-Instruct"",""gpu_model"":""H100"",""num_gpus"":4,""max_num_seqs"":1536,""tensor_parallel"":4,""expert_parallel"":1,""data_parallel"":1,""seed"":48105,""num_request_repeats"":3}",lm-arena-chat,meta-llama/Llama-3.3-70B-Instruct,missing,effective_workload_missing: restricted_model_static_files: Meta Llama access rejected; no bypass or mirror used,,,,,,,,,,,,,,,,,
"{""task"":""lm-arena-chat"",""model_id"":""meta-llama/Llama-3.3-70B-Instruct"",""gpu_model"":""H100"",""num_gpus"":4,""max_num_seqs"":16,""tensor_parallel"":4,""expert_parallel"":1,""data_parallel"":1,""seed"":48105,""num_request_repeats"":1}",lm-arena-chat,meta-llama/Llama-3.3-70B-Instruct,missing,effective_workload_missing: restricted_model_static_files: Meta Llama access rejected; no bypass or mirror used,,,,,,,,,,,,,,,,,
"{""task"":""lm-arena-chat"",""model_id"":""meta-llama/Llama-3.3-70B-Instruct"",""gpu_model"":""H100"",""num_gpus"":4,""max_num_seqs"":192,""tensor_parallel"":4,""expert_parallel"":1,""data_parallel"":1,""seed"":48105,""num_request_repeats"":1}",lm-arena-chat,meta-llama/Llama-3.3-70B-Instruct,missing,effective_workload_missing: restricted_model_static_files: Meta Llama access rejected; no bypass or mirror used,,,,,,,,,,,,,,,,,
"{""task"":""lm-arena-chat"",""model_id"":""meta-llama/Llama-3.3-70B-Instruct"",""gpu_model"":""H100"",""num_gpus"":4,""max_num_seqs"":2048,""tensor_parallel"":4,""expert_parallel"":1,""data_parallel"":1,""seed"":48105,""num_request_repeats"":3}",lm-arena-chat,meta-llama/Llama-3.3-70B-Instruct,missing,effective_workload_missing: restricted_model_static_files: Meta Llama access rejected; no bypass or mirror used,,,,,,,,,,,,,,,,,
"{""task"":""lm-arena-chat"",""model_id"":""meta-llama/Llama-3.3-70B-Instruct"",""gpu_model"":""H100"",""num_gpus"":4,""max_num_seqs"":256,""tensor_parallel"":4,""expert_parallel"":1,""data_parallel"":1,""seed"":48105,""num_request_repeats"":1}",lm-arena-chat,meta-llama/Llama-3.3-70B-Instruct,missing,effective_workload_missing: restricted_model_static_files: Meta Llama access rejected; no bypass or mirror used,,,,,,,,,,,,,,,,,
"{""task"":""lm-arena-chat"",""model_id"":""meta-llama/Llama-3.3-70B-Instruct"",""gpu_model"":""H100"",""num_gpus"":4,""max_num_seqs"":32,""tensor_parallel"":4,""expert_parallel"":1,""data_parallel"":1,""seed"":48105,""num_request_repeats"":1}",lm-arena-chat,meta-llama/Llama-3.3-70B-Instruct,missing,effective_workload_missing: restricted_model_static_files: Meta Llama access rejected; no bypass or mirror used,,,,,,,,,,,,,,,,,
"{""task"":""lm-arena-chat"",""model_id"":""meta-llama/Llama-3.3-70B-Instruct"",""gpu_model"":""H100"",""num_gpus"":4,""max_num_seqs"":384,""tensor_parallel"":4,""expert_parallel"":1,""data_parallel"":1,""seed"":48105,""num_request_repeats"":1}",lm-arena-chat,meta-llama/Llama-3.3-70B-Instruct,missing,effective_workload_missing: restricted_model_static_files: Meta Llama access rejected; no bypass or mirror used,,,,,,,,,,,,,,,,,
"{""task"":""lm-arena-chat"",""model_id"":""meta-llama/Llama-3.3-70B-Instruct"",""gpu_model"":""H100"",""num_gpus"":4,""max_num_seqs"":512,""tensor_parallel"":4,""expert_parallel"":1,""data_parallel"":1,""seed"":48105,""num_request_repeats"":2}",lm-arena-chat,meta-llama/Llama-3.3-70B-Instruct,missing,effective_workload_missing: restricted_model_static_files: Meta Llama access rejected; no bypass or mirror used,,,,,,,,,,,,,,,,,
"{""task"":""lm-arena-chat"",""model_id"":""meta-llama/Llama-3.3-70B-Instruct"",""gpu_model"":""H100"",""num_gpus"":4,""max_num_seqs"":64,""tensor_parallel"":4,""expert_parallel"":1,""data_parallel"":1,""seed"":48105,""num_request_repeats"":1}",lm-arena-chat,meta-llama/Llama-3.3-70B-Instruct,missing,effective_workload_missing: restricted_model_static_files: Meta Llama access rejected; no bypass or mirror used,,,,,,,,,,,,,,,,,
"{""task"":""lm-arena-chat"",""model_id"":""meta-llama/Llama-3.3-70B-Instruct"",""gpu_model"":""H100"",""num_gpus"":4,""max_num_seqs"":768,""tensor_parallel"":4,""expert_parallel"":1,""data_parallel"":1,""seed"":48105,""num_request_repeats"":2}",lm-arena-chat,meta-llama/Llama-3.3-70B-Instruct,missing,effective_workload_missing: restricted_model_static_files: Meta Llama access rejected; no bypass or mirror used,,,,,,,,,,,,,,,,,
"{""task"":""lm-arena-chat"",""model_id"":""meta-llama/Llama-3.3-70B-Instruct"",""gpu_model"":""H100"",""num_gpus"":4,""max_num_seqs"":8,""tensor_parallel"":4,""expert_parallel"":1,""data_parallel"":1,""seed"":48105,""num_request_repeats"":1}",lm-arena-chat,meta-llama/Llama-3.3-70B-Instruct,missing,effective_workload_missing: restricted_model_static_files: Meta Llama access rejected; no bypass or mirror used,,,,,,,,,,,,,,,,,
"{""task"":""lm-arena-chat"",""model_id"":""meta-llama/Llama-3.3-70B-Instruct"",""gpu_model"":""H100"",""num_gpus"":4,""max_num_seqs"":96,""tensor_parallel"":4,""expert_parallel"":1,""data_parallel"":1,""seed"":48105,""num_request_repeats"":1}",lm-arena-chat,meta-llama/Llama-3.3-70B-Instruct,missing,effective_workload_missing: restricted_model_static_files: Meta Llama access rejected; no bypass or mirror used,,,,,,,,,,,,,,,,,
"{""task"":""lm-arena-chat"",""model_id"":""meta-llama/Llama-4-Maverick-17B-128E-Instruct-FP8"",""gpu_model"":""H100"",""num_gpus"":8,""max_num_seqs"":128,""tensor_parallel"":1,""expert_parallel"":8,""data_parallel"":1,""seed"":48105,""num_request_repeats"":1}",lm-arena-chat,meta-llama/Llama-4-Maverick-17B-128E-Instruct-FP8,missing,effective_workload_missing: restricted_model_static_files: Meta Llama access rejected; no bypass or mirror used,,,,,,,,,,,,,,,,,
"{""task"":""lm-arena-chat"",""model_id"":""meta-llama/Llama-4-Maverick-17B-128E-Instruct-FP8"",""gpu_model"":""H100"",""num_gpus"":8,""max_num_seqs"":16,""tensor_parallel"":1,""expert_parallel"":8,""data_parallel"":1,""seed"":48105,""num_request_repeats"":1}",lm-arena-chat,meta-llama/Llama-4-Maverick-17B-128E-Instruct-FP8,missing,effective_workload_missing: restricted_model_static_files: Meta Llama access rejected; no bypass or mirror used,,,,,,,,,,,,,,,,,
"{""task"":""lm-arena-chat"",""model_id"":""meta-llama/Llama-4-Maverick-17B-128E-Instruct-FP8"",""gpu_model"":""H100"",""num_gpus"":8,""max_num_seqs"":192,""tensor_parallel"":1,""expert_parallel"":8,""data_parallel"":1,""seed"":48105,""num_request_repeats"":1}",lm-arena-chat,meta-llama/Llama-4-Maverick-17B-128E-Instruct-FP8,missing,effective_workload_missing: restricted_model_static_files: Meta Llama access rejected; no bypass or mirror used,,,,,,,,,,,,,,,,,
"{""task"":""lm-arena-chat"",""model_id"":""meta-llama/Llama-4-Maverick-17B-128E-Instruct-FP8"",""gpu_model"":""H100"",""num_gpus"":8,""max_num_seqs"":256,""tensor_parallel"":1,""expert_parallel"":8,""data_parallel"":1,""seed"":48105,""num_request_repeats"":1}",lm-arena-chat,meta-llama/Llama-4-Maverick-17B-128E-Instruct-FP8,missing,effective_workload_missing: restricted_model_static_files: Meta Llama access rejected; no bypass or mirror used,,,,,,,,,,,,,,,,,
"{""task"":""lm-arena-chat"",""model_id"":""meta-llama/Llama-4-Maverick-17B-128E-Instruct-FP8"",""gpu_model"":""H100"",""num_gpus"":8,""max_num_seqs"":32,""tensor_parallel"":1,""expert_parallel"":8,""data_parallel"":1,""seed"":48105,""num_request_repeats"":1}",lm-arena-chat,meta-llama/Llama-4-Maverick-17B-128E-Instruct-FP8,missing,effective_workload_missing: restricted_model_static_files: Meta Llama access rejected; no bypass or mirror used,,,,,,,,,,,,,,,,,
"{""task"":""lm-arena-chat"",""model_id"":""meta-llama/Llama-4-Maverick-17B-128E-Instruct-FP8"",""gpu_model"":""H100"",""num_gpus"":8,""max_num_seqs"":384,""tensor_parallel"":1,""expert_parallel"":8,""data_parallel"":1,""seed"":48105,""num_request_repeats"":1}",lm-arena-chat,meta-llama/Llama-4-Maverick-17B-128E-Instruct-FP8,missing,effective_workload_missing: restricted_model_static_files: Meta Llama access rejected; no bypass or mirror used,,,,,,,,,,,,,,,,,
"{""task"":""lm-arena-chat"",""model_id"":""meta-llama/Llama-4-Maverick-17B-128E-Instruct-FP8"",""gpu_model"":""H100"",""num_gpus"":8,""max_num_seqs"":64,""tensor_parallel"":1,""expert_parallel"":8,""data_parallel"":1,""seed"":48105,""num_request_repeats"":1}",lm-arena-chat,meta-llama/Llama-4-Maverick-17B-128E-Instruct-FP8,missing,effective_workload_missing: restricted_model_static_files: Meta Llama access rejected; no bypass or mirror used,,,,,,,,,,,,,,,,,
"{""task"":""lm-arena-chat"",""model_id"":""meta-llama/Llama-4-Maverick-17B-128E-Instruct-FP8"",""gpu_model"":""H100"",""num_gpus"":8,""max_num_seqs"":8,""tensor_parallel"":1,""expert_parallel"":8,""data_parallel"":1,""seed"":48105,""num_request_repeats"":1}",lm-arena-chat,meta-llama/Llama-4-Maverick-17B-128E-Instruct-FP8,missing,effective_workload_missing: restricted_model_static_files: Meta Llama access rejected; no bypass or mirror used,,,,,,,,,,,,,,,,,
"{""task"":""lm-arena-chat"",""model_id"":""meta-llama/Llama-4-Maverick-17B-128E-Instruct-FP8"",""gpu_model"":""H100"",""num_gpus"":8,""max_num_seqs"":96,""tensor_parallel"":1,""expert_parallel"":8,""data_parallel"":1,""seed"":48105,""num_request_repeats"":1}",lm-arena-chat,meta-llama/Llama-4-Maverick-17B-128E-Instruct-FP8,missing,effective_workload_missing: restricted_model_static_files: Meta Llama access rejected; no bypass or mirror used,,,,,,,,,,,,,,,,,
"{""task"":""lm-arena-chat"",""model_id"":""meta-llama/Llama-4-Scout-17B-16E-Instruct"",""gpu_model"":""H100"",""num_gpus"":4,""max_num_seqs"":128,""tensor_parallel"":1,""expert_parallel"":4,""data_parallel"":1,""seed"":48105,""num_request_repeats"":1}",lm-arena-chat,meta-llama/Llama-4-Scout-17B-16E-Instruct,missing,effective_workload_missing: restricted_model_static_files: Meta Llama access rejected; no bypass or mirror used,,,,,,,,,,,,,,,,,
"{""task"":""lm-arena-chat"",""model_id"":""meta-llama/Llama-4-Scout-17B-16E-Instruct"",""gpu_model"":""H100"",""num_gpus"":4,""max_num_seqs"":16,""tensor_parallel"":1,""expert_parallel"":4,""data_parallel"":1,""seed"":48105,""num_request_repeats"":1}",lm-arena-chat,meta-llama/Llama-4-Scout-17B-16E-Instruct,missing,effective_workload_missing: restricted_model_static_files: Meta Llama access rejected; no bypass or mirror used,,,,,,,,,,,,,,,,,
"{""task"":""lm-arena-chat"",""model_id"":""meta-llama/Llama-4-Scout-17B-16E-Instruct"",""gpu_model"":""H100"",""num_gpus"":4,""max_num_seqs"":192,""tensor_parallel"":1,""expert_parallel"":4,""data_parallel"":1,""seed"":48105,""num_request_repeats"":1}",lm-arena-chat,meta-llama/Llama-4-Scout-17B-16E-Instruct,missing,effective_workload_missing: restricted_model_static_files: Meta Llama access rejected; no bypass or mirror used,,,,,,,,,,,,,,,,,
"{""task"":""lm-arena-chat"",""model_id"":""meta-llama/Llama-4-Scout-17B-16E-Instruct"",""gpu_model"":""H100"",""num_gpus"":4,""max_num_seqs"":256,""tensor_parallel"":1,""expert_parallel"":4,""data_parallel"":1,""seed"":48105,""num_request_repeats"":1}",lm-arena-chat,meta-llama/Llama-4-Scout-17B-16E-Instruct,missing,effective_workload_missing: restricted_model_static_files: Meta Llama access rejected; no bypass or mirror used,,,,,,,,,,,,,,,,,
"{""task"":""lm-arena-chat"",""model_id"":""meta-llama/Llama-4-Scout-17B-16E-Instruct"",""gpu_model"":""H100"",""num_gpus"":4,""max_num_seqs"":32,""tensor_parallel"":1,""expert_parallel"":4,""data_parallel"":1,""seed"":48105,""num_request_repeats"":1}",lm-arena-chat,meta-llama/Llama-4-Scout-17B-16E-Instruct,missing,effective_workload_missing: restricted_model_static_files: Meta Llama access rejected; no bypass or mirror used,,,,,,,,,,,,,,,,,
"{""task"":""lm-arena-chat"",""model_id"":""meta-llama/Llama-4-Scout-17B-16E-Instruct"",""gpu_model"":""H100"",""num_gpus"":4,""max_num_seqs"":384,""tensor_parallel"":1,""expert_parallel"":4,""data_parallel"":1,""seed"":48105,""num_request_repeats"":1}",lm-arena-chat,meta-llama/Llama-4-Scout-17B-16E-Instruct,missing,effective_workload_missing: restricted_model_static_files: Meta Llama access rejected; no bypass or mirror used,,,,,,,,,,,,,,,,,
"{""task"":""lm-arena-chat"",""model_id"":""meta-llama/Llama-4-Scout-17B-16E-Instruct"",""gpu_model"":""H100"",""num_gpus"":4,""max_num_seqs"":512,""tensor_parallel"":1,""expert_parallel"":4,""data_parallel"":1,""seed"":48105,""num_request_repeats"":1}",lm-arena-chat,meta-llama/Llama-4-Scout-17B-16E-Instruct,missing,effective_workload_missing: restricted_model_static_files: Meta Llama access rejected; no bypass or mirror used,,,,,,,,,,,,,,,,,
"{""task"":""lm-arena-chat"",""model_id"":""meta-llama/Llama-4-Scout-17B-16E-Instruct"",""gpu_model"":""H100"",""num_gpus"":4,""max_num_seqs"":64,""tensor_parallel"":1,""expert_parallel"":4,""data_parallel"":1,""seed"":48105,""num_request_repeats"":1}",lm-arena-chat,meta-llama/Llama-4-Scout-17B-16E-Instruct,missing,effective_workload_missing: restricted_model_static_files: Meta Llama access rejected; no bypass or mirror used,,,,,,,,,,,,,,,,,
"{""task"":""lm-arena-chat"",""model_id"":""meta-llama/Llama-4-Scout-17B-16E-Instruct"",""gpu_model"":""H100"",""num_gpus"":4,""max_num_seqs"":8,""tensor_parallel"":1,""expert_parallel"":4,""data_parallel"":1,""seed"":48105,""num_request_repeats"":1}",lm-arena-chat,meta-llama/Llama-4-Scout-17B-16E-Instruct,missing,effective_workload_missing: restricted_model_static_files: Meta Llama access rejected; no bypass or mirror used,,,,,,,,,,,,,,,,,
"{""task"":""lm-arena-chat"",""model_id"":""meta-llama/Llama-4-Scout-17B-16E-Instruct"",""gpu_model"":""H100"",""num_gpus"":4,""max_num_seqs"":96,""tensor_parallel"":1,""expert_parallel"":4,""data_parallel"":1,""seed"":48105,""num_request_repeats"":1}",lm-arena-chat,meta-llama/Llama-4-Scout-17B-16E-Instruct,missing,effective_workload_missing: restricted_model_static_files: Meta Llama access rejected; no bypass or mirror used,,,,,,,,,,,,,,,,,
"{""task"":""lm-arena-chat"",""model_id"":""meta-llama/Llama-4-Scout-17B-16E-Instruct"",""gpu_model"":""H100"",""num_gpus"":8,""max_num_seqs"":128,""tensor_parallel"":1,""expert_parallel"":8,""data_parallel"":1,""seed"":48105,""num_request_repeats"":1}",lm-arena-chat,meta-llama/Llama-4-Scout-17B-16E-Instruct,missing,effective_workload_missing: restricted_model_static_files: Meta Llama access rejected; no bypass or mirror used,,,,,,,,,,,,,,,,,
"{""task"":""lm-arena-chat"",""model_id"":""meta-llama/Llama-4-Scout-17B-16E-Instruct"",""gpu_model"":""H100"",""num_gpus"":8,""max_num_seqs"":16,""tensor_parallel"":1,""expert_parallel"":8,""data_parallel"":1,""seed"":48105,""num_request_repeats"":1}",lm-arena-chat,meta-llama/Llama-4-Scout-17B-16E-Instruct,missing,effective_workload_missing: restricted_model_static_files: Meta Llama access rejected; no bypass or mirror used,,,,,,,,,,,,,,,,,
"{""task"":""lm-arena-chat"",""model_id"":""meta-llama/Llama-4-Scout-17B-16E-Instruct"",""gpu_model"":""H100"",""num_gpus"":8,""max_num_seqs"":192,""tensor_parallel"":1,""expert_parallel"":8,""data_parallel"":1,""seed"":48105,""num_request_repeats"":1}",lm-arena-chat,meta-llama/Llama-4-Scout-17B-16E-Instruct,missing,effective_workload_missing: restricted_model_static_files: Meta Llama access rejected; no bypass or mirror used,,,,,,,,,,,,,,,,,
"{""task"":""lm-arena-chat"",""model_id"":""meta-llama/Llama-4-Scout-17B-16E-Instruct"",""gpu_model"":""H100"",""num_gpus"":8,""max_num_seqs"":256,""tensor_parallel"":1,""expert_parallel"":8,""data_parallel"":1,""seed"":48105,""num_request_repeats"":1}",lm-arena-chat,meta-llama/Llama-4-Scout-17B-16E-Instruct,missing,effective_workload_missing: restricted_model_static_files: Meta Llama access rejected; no bypass or mirror used,,,,,,,,,,,,,,,,,
"{""task"":""lm-arena-chat"",""model_id"":""meta-llama/Llama-4-Scout-17B-16E-Instruct"",""gpu_model"":""H100"",""num_gpus"":8,""max_num_seqs"":32,""tensor_parallel"":1,""expert_parallel"":8,""data_parallel"":1,""seed"":48105,""num_request_repeats"":1}",lm-arena-chat,meta-llama/Llama-4-Scout-17B-16E-Instruct,missing,effective_workload_missing: restricted_model_static_files: Meta Llama access rejected; no bypass or mirror used,,,,,,,,,,,,,,,,,
"{""task"":""lm-arena-chat"",""model_id"":""meta-llama/Llama-4-Scout-17B-16E-Instruct"",""gpu_model"":""H100"",""num_gpus"":8,""max_num_seqs"":384,""tensor_parallel"":1,""expert_parallel"":8,""data_parallel"":1,""seed"":48105,""num_request_repeats"":1}",lm-arena-chat,meta-llama/Llama-4-Scout-17B-16E-Instruct,missing,effective_workload_missing: restricted_model_static_files: Meta Llama access rejected; no bypass or mirror used,,,,,,,,,,,,,,,,,
"{""task"":""lm-arena-chat"",""model_id"":""meta-llama/Llama-4-Scout-17B-16E-Instruct"",""gpu_model"":""H100"",""num_gpus"":8,""max_num_seqs"":512,""tensor_parallel"":1,""expert_parallel"":8,""data_parallel"":1,""seed"":48105,""num_request_repeats"":1}",lm-arena-chat,meta-llama/Llama-4-Scout-17B-16E-Instruct,missing,effective_workload_missing: restricted_model_static_files: Meta Llama access rejected; no bypass or mirror used,,,,,,,,,,,,,,,,,
"{""task"":""lm-arena-chat"",""model_id"":""meta-llama/Llama-4-Scout-17B-16E-Instruct"",""gpu_model"":""H100"",""num_gpus"":8,""max_num_seqs"":64,""tensor_parallel"":1,""expert_parallel"":8,""data_parallel"":1,""seed"":48105,""num_request_repeats"":1}",lm-arena-chat,meta-llama/Llama-4-Scout-17B-16E-Instruct,missing,effective_workload_missing: restricted_model_static_files: Meta Llama access rejected; no bypass or mirror used,,,,,,,,,,,,,,,,,
"{""task"":""lm-arena-chat"",""model_id"":""meta-llama/Llama-4-Scout-17B-16E-Instruct"",""gpu_model"":""H100"",""num_gpus"":8,""max_num_seqs"":8,""tensor_parallel"":1,""expert_parallel"":8,""data_parallel"":1,""seed"":48105,""num_request_repeats"":1}",lm-arena-chat,meta-llama/Llama-4-Scout-17B-16E-Instruct,missing,effective_workload_missing: restricted_model_static_files: Meta Llama access rejected; no bypass or mirror used,,,,,,,,,,,,,,,,,
"{""task"":""lm-arena-chat"",""model_id"":""meta-llama/Llama-4-Scout-17B-16E-Instruct"",""gpu_model"":""H100"",""num_gpus"":8,""max_num_seqs"":96,""tensor_parallel"":1,""expert_parallel"":8,""data_parallel"":1,""seed"":48105,""num_request_repeats"":1}",lm-arena-chat,meta-llama/Llama-4-Scout-17B-16E-Instruct,missing,effective_workload_missing: restricted_model_static_files: Meta Llama access rejected; no bypass or mirror used,,,,,,,,,,,,,,,,,
"{""task"":""lm-arena-chat"",""model_id"":""nvidia/NVIDIA-Nemotron-Nano-12B-v2"",""gpu_model"":""B200"",""num_gpus"":1,""max_num_seqs"":128,""tensor_parallel"":1,""expert_parallel"":1,""data_parallel"":1,""seed"":48105,""num_request_repeats"":1}",lm-arena-chat,nvidia/NVIDIA-Nemotron-Nano-12B-v2,unsupported,unsupported_attention_variant: hybrid,,,,,,,,,,,,,,,,,
"{""task"":""lm-arena-chat"",""model_id"":""nvidia/NVIDIA-Nemotron-Nano-12B-v2"",""gpu_model"":""B200"",""num_gpus"":1,""max_num_seqs"":16,""tensor_parallel"":1,""expert_parallel"":1,""data_parallel"":1,""seed"":48105,""num_request_repeats"":1}",lm-arena-chat,nvidia/NVIDIA-Nemotron-Nano-12B-v2,unsupported,unsupported_attention_variant: hybrid,,,,,,,,,,,,,,,,,
"{""task"":""lm-arena-chat"",""model_id"":""nvidia/NVIDIA-Nemotron-Nano-12B-v2"",""gpu_model"":""B200"",""num_gpus"":1,""max_num_seqs"":256,""tensor_parallel"":1,""expert_parallel"":1,""data_parallel"":1,""seed"":48105,""num_request_repeats"":1}",lm-arena-chat,nvidia/NVIDIA-Nemotron-Nano-12B-v2,unsupported,unsupported_attention_variant: hybrid,,,,,,,,,,,,,,,,,
"{""task"":""lm-arena-chat"",""model_id"":""nvidia/NVIDIA-Nemotron-Nano-12B-v2"",""gpu_model"":""B200"",""num_gpus"":1,""max_num_seqs"":32,""tensor_parallel"":1,""expert_parallel"":1,""data_parallel"":1,""seed"":48105,""num_request_repeats"":1}",lm-arena-chat,nvidia/NVIDIA-Nemotron-Nano-12B-v2,unsupported,unsupported_attention_variant: hybrid,,,,,,,,,,,,,,,,,
"{""task"":""lm-arena-chat"",""model_id"":""nvidia/NVIDIA-Nemotron-Nano-12B-v2"",""gpu_model"":""B200"",""num_gpus"":1,""max_num_seqs"":64,""tensor_parallel"":1,""expert_parallel"":1,""data_parallel"":1,""seed"":48105,""num_request_repeats"":1}",lm-arena-chat,nvidia/NVIDIA-Nemotron-Nano-12B-v2,unsupported,unsupported_attention_variant: hybrid,,,,,,,,,,,,,,,,,
"{""task"":""lm-arena-chat"",""model_id"":""nvidia/NVIDIA-Nemotron-Nano-12B-v2"",""gpu_model"":""B200"",""num_gpus"":1,""max_num_seqs"":8,""tensor_parallel"":1,""expert_parallel"":1,""data_parallel"":1,""seed"":48105,""num_request_repeats"":1}",lm-arena-chat,nvidia/NVIDIA-Nemotron-Nano-12B-v2,unsupported,unsupported_attention_variant: hybrid,,,,,,,,,,,,,,,,,
"{""task"":""lm-arena-chat"",""model_id"":""nvidia/NVIDIA-Nemotron-Nano-12B-v2"",""gpu_model"":""H100"",""num_gpus"":1,""max_num_seqs"":128,""tensor_parallel"":1,""expert_parallel"":1,""data_parallel"":1,""seed"":48105,""num_request_repeats"":1}",lm-arena-chat,nvidia/NVIDIA-Nemotron-Nano-12B-v2,unsupported,unsupported_attention_variant: hybrid,,,,,,,,,,,,,,,,,
"{""task"":""lm-arena-chat"",""model_id"":""nvidia/NVIDIA-Nemotron-Nano-12B-v2"",""gpu_model"":""H100"",""num_gpus"":1,""max_num_seqs"":16,""tensor_parallel"":1,""expert_parallel"":1,""data_parallel"":1,""seed"":48105,""num_request_repeats"":1}",lm-arena-chat,nvidia/NVIDIA-Nemotron-Nano-12B-v2,unsupported,unsupported_attention_variant: hybrid,,,,,,,,,,,,,,,,,
"{""task"":""lm-arena-chat"",""model_id"":""nvidia/NVIDIA-Nemotron-Nano-12B-v2"",""gpu_model"":""H100"",""num_gpus"":1,""max_num_seqs"":192,""tensor_parallel"":1,""expert_parallel"":1,""data_parallel"":1,""seed"":48105,""num_request_repeats"":1}",lm-arena-chat,nvidia/NVIDIA-Nemotron-Nano-12B-v2,unsupported,unsupported_attention_variant: hybrid,,,,,,,,,,,,,,,,,
"{""task"":""lm-arena-chat"",""model_id"":""nvidia/NVIDIA-Nemotron-Nano-12B-v2"",""gpu_model"":""H100"",""num_gpus"":1,""max_num_seqs"":256,""tensor_parallel"":1,""expert_parallel"":1,""data_parallel"":1,""seed"":48105,""num_request_repeats"":1}",lm-arena-chat,nvidia/NVIDIA-Nemotron-Nano-12B-v2,unsupported,unsupported_attention_variant: hybrid,,,,,,,,,,,,,,,,,
"{""task"":""lm-arena-chat"",""model_id"":""nvidia/NVIDIA-Nemotron-Nano-12B-v2"",""gpu_model"":""H100"",""num_gpus"":1,""max_num_seqs"":32,""tensor_parallel"":1,""expert_parallel"":1,""data_parallel"":1,""seed"":48105,""num_request_repeats"":1}",lm-arena-chat,nvidia/NVIDIA-Nemotron-Nano-12B-v2,unsupported,unsupported_attention_variant: hybrid,,,,,,,,,,,,,,,,,
"{""task"":""lm-arena-chat"",""model_id"":""nvidia/NVIDIA-Nemotron-Nano-12B-v2"",""gpu_model"":""H100"",""num_gpus"":1,""max_num_seqs"":384,""tensor_parallel"":1,""expert_parallel"":1,""data_parallel"":1,""seed"":48105,""num_request_repeats"":1}",lm-arena-chat,nvidia/NVIDIA-Nemotron-Nano-12B-v2,unsupported,unsupported_attention_variant: hybrid,,,,,,,,,,,,,,,,,
"{""task"":""lm-arena-chat"",""model_id"":""nvidia/NVIDIA-Nemotron-Nano-12B-v2"",""gpu_model"":""H100"",""num_gpus"":1,""max_num_seqs"":512,""tensor_parallel"":1,""expert_parallel"":1,""data_parallel"":1,""seed"":48105,""num_request_repeats"":1}",lm-arena-chat,nvidia/NVIDIA-Nemotron-Nano-12B-v2,unsupported,unsupported_attention_variant: hybrid,,,,,,,,,,,,,,,,,
"{""task"":""lm-arena-chat"",""model_id"":""nvidia/NVIDIA-Nemotron-Nano-12B-v2"",""gpu_model"":""H100"",""num_gpus"":1,""max_num_seqs"":64,""tensor_parallel"":1,""expert_parallel"":1,""data_parallel"":1,""seed"":48105,""num_request_repeats"":1}",lm-arena-chat,nvidia/NVIDIA-Nemotron-Nano-12B-v2,unsupported,unsupported_attention_variant: hybrid,,,,,,,,,,,,,,,,,
"{""task"":""lm-arena-chat"",""model_id"":""nvidia/NVIDIA-Nemotron-Nano-12B-v2"",""gpu_model"":""H100"",""num_gpus"":1,""max_num_seqs"":8,""tensor_parallel"":1,""expert_parallel"":1,""data_parallel"":1,""seed"":48105,""num_request_repeats"":1}",lm-arena-chat,nvidia/NVIDIA-Nemotron-Nano-12B-v2,unsupported,unsupported_attention_variant: hybrid,,,,,,,,,,,,,,,,,
"{""task"":""lm-arena-chat"",""model_id"":""nvidia/NVIDIA-Nemotron-Nano-12B-v2"",""gpu_model"":""H100"",""num_gpus"":1,""max_num_seqs"":96,""tensor_parallel"":1,""expert_parallel"":1,""data_parallel"":1,""seed"":48105,""num_request_repeats"":1}",lm-arena-chat,nvidia/NVIDIA-Nemotron-Nano-12B-v2,unsupported,unsupported_attention_variant: hybrid,,,,,,,,,,,,,,,,,
"{""task"":""lm-arena-chat"",""model_id"":""nvidia/NVIDIA-Nemotron-Nano-9B-v2"",""gpu_model"":""B200"",""num_gpus"":1,""max_num_seqs"":128,""tensor_parallel"":1,""expert_parallel"":1,""data_parallel"":1,""seed"":48105,""num_request_repeats"":1}",lm-arena-chat,nvidia/NVIDIA-Nemotron-Nano-9B-v2,unsupported,unsupported_attention_variant: hybrid,,,,,,,,,,,,,,,,,
"{""task"":""lm-arena-chat"",""model_id"":""nvidia/NVIDIA-Nemotron-Nano-9B-v2"",""gpu_model"":""B200"",""num_gpus"":1,""max_num_seqs"":16,""tensor_parallel"":1,""expert_parallel"":1,""data_parallel"":1,""seed"":48105,""num_request_repeats"":1}",lm-arena-chat,nvidia/NVIDIA-Nemotron-Nano-9B-v2,unsupported,unsupported_attention_variant: hybrid,,,,,,,,,,,,,,,,,
"{""task"":""lm-arena-chat"",""model_id"":""nvidia/NVIDIA-Nemotron-Nano-9B-v2"",""gpu_model"":""B200"",""num_gpus"":1,""max_num_seqs"":256,""tensor_parallel"":1,""expert_parallel"":1,""data_parallel"":1,""seed"":48105,""num_request_repeats"":1}",lm-arena-chat,nvidia/NVIDIA-Nemotron-Nano-9B-v2,unsupported,unsupported_attention_variant: hybrid,,,,,,,,,,,,,,,,,
"{""task"":""lm-arena-chat"",""model_id"":""nvidia/NVIDIA-Nemotron-Nano-9B-v2"",""gpu_model"":""B200"",""num_gpus"":1,""max_num_seqs"":32,""tensor_parallel"":1,""expert_parallel"":1,""data_parallel"":1,""seed"":48105,""num_request_repeats"":1}",lm-arena-chat,nvidia/NVIDIA-Nemotron-Nano-9B-v2,unsupported,unsupported_attention_variant: hybrid,,,,,,,,,,,,,,,,,
"{""task"":""lm-arena-chat"",""model_id"":""nvidia/NVIDIA-Nemotron-Nano-9B-v2"",""gpu_model"":""B200"",""num_gpus"":1,""max_num_seqs"":64,""tensor_parallel"":1,""expert_parallel"":1,""data_parallel"":1,""seed"":48105,""num_request_repeats"":1}",lm-arena-chat,nvidia/NVIDIA-Nemotron-Nano-9B-v2,unsupported,unsupported_attention_variant: hybrid,,,,,,,,,,,,,,,,,
"{""task"":""lm-arena-chat"",""model_id"":""nvidia/NVIDIA-Nemotron-Nano-9B-v2"",""gpu_model"":""B200"",""num_gpus"":1,""max_num_seqs"":8,""tensor_parallel"":1,""expert_parallel"":1,""data_parallel"":1,""seed"":48105,""num_request_repeats"":1}",lm-arena-chat,nvidia/NVIDIA-Nemotron-Nano-9B-v2,unsupported,unsupported_attention_variant: hybrid,,,,,,,,,,,,,,,,,
"{""task"":""lm-arena-chat"",""model_id"":""nvidia/NVIDIA-Nemotron-Nano-9B-v2"",""gpu_model"":""H100"",""num_gpus"":1,""max_num_seqs"":128,""tensor_parallel"":1,""expert_parallel"":1,""data_parallel"":1,""seed"":48105,""num_request_repeats"":1}",lm-arena-chat,nvidia/NVIDIA-Nemotron-Nano-9B-v2,unsupported,unsupported_attention_variant: hybrid,,,,,,,,,,,,,,,,,
"{""task"":""lm-arena-chat"",""model_id"":""nvidia/NVIDIA-Nemotron-Nano-9B-v2"",""gpu_model"":""H100"",""num_gpus"":1,""max_num_seqs"":16,""tensor_parallel"":1,""expert_parallel"":1,""data_parallel"":1,""seed"":48105,""num_request_repeats"":1}",lm-arena-chat,nvidia/NVIDIA-Nemotron-Nano-9B-v2,unsupported,unsupported_attention_variant: hybrid,,,,,,,,,,,,,,,,,
"{""task"":""lm-arena-chat"",""model_id"":""nvidia/NVIDIA-Nemotron-Nano-9B-v2"",""gpu_model"":""H100"",""num_gpus"":1,""max_num_seqs"":192,""tensor_parallel"":1,""expert_parallel"":1,""data_parallel"":1,""seed"":48105,""num_request_repeats"":1}",lm-arena-chat,nvidia/NVIDIA-Nemotron-Nano-9B-v2,unsupported,unsupported_attention_variant: hybrid,,,,,,,,,,,,,,,,,
"{""task"":""lm-arena-chat"",""model_id"":""nvidia/NVIDIA-Nemotron-Nano-9B-v2"",""gpu_model"":""H100"",""num_gpus"":1,""max_num_seqs"":256,""tensor_parallel"":1,""expert_parallel"":1,""data_parallel"":1,""seed"":48105,""num_request_repeats"":1}",lm-arena-chat,nvidia/NVIDIA-Nemotron-Nano-9B-v2,unsupported,unsupported_attention_variant: hybrid,,,,,,,,,,,,,,,,,
"{""task"":""lm-arena-chat"",""model_id"":""nvidia/NVIDIA-Nemotron-Nano-9B-v2"",""gpu_model"":""H100"",""num_gpus"":1,""max_num_seqs"":32,""tensor_parallel"":1,""expert_parallel"":1,""data_parallel"":1,""seed"":48105,""num_request_repeats"":1}",lm-arena-chat,nvidia/NVIDIA-Nemotron-Nano-9B-v2,unsupported,unsupported_attention_variant: hybrid,,,,,,,,,,,,,,,,,
"{""task"":""lm-arena-chat"",""model_id"":""nvidia/NVIDIA-Nemotron-Nano-9B-v2"",""gpu_model"":""H100"",""num_gpus"":1,""max_num_seqs"":384,""tensor_parallel"":1,""expert_parallel"":1,""data_parallel"":1,""seed"":48105,""num_request_repeats"":1}",lm-arena-chat,nvidia/NVIDIA-Nemotron-Nano-9B-v2,unsupported,unsupported_attention_variant: hybrid,,,,,,,,,,,,,,,,,
"{""task"":""lm-arena-chat"",""model_id"":""nvidia/NVIDIA-Nemotron-Nano-9B-v2"",""gpu_model"":""H100"",""num_gpus"":1,""max_num_seqs"":512,""tensor_parallel"":1,""expert_parallel"":1,""data_parallel"":1,""seed"":48105,""num_request_repeats"":1}",lm-arena-chat,nvidia/NVIDIA-Nemotron-Nano-9B-v2,unsupported,unsupported_attention_variant: hybrid,,,,,,,,,,,,,,,,,
"{""task"":""lm-arena-chat"",""model_id"":""nvidia/NVIDIA-Nemotron-Nano-9B-v2"",""gpu_model"":""H100"",""num_gpus"":1,""max_num_seqs"":64,""tensor_parallel"":1,""expert_parallel"":1,""data_parallel"":1,""seed"":48105,""num_request_repeats"":1}",lm-arena-chat,nvidia/NVIDIA-Nemotron-Nano-9B-v2,unsupported,unsupported_attention_variant: hybrid,,,,,,,,,,,,,,,,,
"{""task"":""lm-arena-chat"",""model_id"":""nvidia/NVIDIA-Nemotron-Nano-9B-v2"",""gpu_model"":""H100"",""num_gpus"":1,""max_num_seqs"":8,""tensor_parallel"":1,""expert_parallel"":1,""data_parallel"":1,""seed"":48105,""num_request_repeats"":1}",lm-arena-chat,nvidia/NVIDIA-Nemotron-Nano-9B-v2,unsupported,unsupported_attention_variant: hybrid,,,,,,,,,,,,,,,,,
"{""task"":""lm-arena-chat"",""model_id"":""nvidia/NVIDIA-Nemotron-Nano-9B-v2"",""gpu_model"":""H100"",""num_gpus"":1,""max_num_seqs"":96,""tensor_parallel"":1,""expert_parallel"":1,""data_parallel"":1,""seed"":48105,""num_request_repeats"":1}",lm-arena-chat,nvidia/NVIDIA-Nemotron-Nano-9B-v2,unsupported,unsupported_attention_variant: hybrid,,,,,,,,,,,,,,,,,
"{""task"":""sourcegraph-fim"",""model_id"":""Qwen/Qwen3-Coder-30B-A3B-Instruct"",""gpu_model"":""B200"",""num_gpus"":1,""max_num_seqs"":1024,""tensor_parallel"":1,""expert_parallel"":1,""data_parallel"":1,""seed"":48105,""num_request_repeats"":6}",sourcegraph-fim,Qwen/Qwen3-Coder-30B-A3B-Instruct,available,,1.52969353887744e+16,1.1760748377145344e+16,3.05938707775488e+16,5.765155454346854e+16,2048.0,9.213374220573082e+16,829911859200.0,492011520.0,2066862440448.0,60000000000.0,5.765155454346854e+16,9.213374220573082e+16,829911859200.0,60000000000.0,1.0,2.0,False
"{""task"":""sourcegraph-fim"",""model_id"":""Qwen/Qwen3-Coder-30B-A3B-Instruct"",""gpu_model"":""B200"",""num_gpus"":1,""max_num_seqs"":128,""tensor_parallel"":1,""expert_parallel"":1,""data_parallel"":1,""seed"":48105,""num_request_repeats"":2}",sourcegraph-fim,Qwen/Qwen3-Coder-30B-A3B-Instruct,available,,5098978462924800.0,3920249459048448.0,1.01979569258496e+16,1.921718484782285e+16,2048.0,3.071124740191027e+16,276637286400.0,492011520.0,688954146816.0,60000000000.0,1.921718484782285e+16,3.071124740191027e+16,276637286400.0,60000000000.0,1.0,2.0,False
"{""task"":""sourcegraph-fim"",""model_id"":""Qwen/Qwen3-Coder-30B-A3B-Instruct"",""gpu_model"":""B200"",""num_gpus"":1,""max_num_seqs"":1536,""tensor_parallel"":1,""expert_parallel"":1,""data_parallel"":1,""seed"":48105,""num_request_repeats"":6}",sourcegraph-fim,Qwen/Qwen3-Coder-30B-A3B-Instruct,available,,1.52969353887744e+16,1.1760748377145344e+16,3.05938707775488e+16,5.765155454346854e+16,2048.0,9.213374220573082e+16,829911859200.0,492011520.0,2066862440448.0,60000000000.0,5.765155454346854e+16,9.213374220573082e+16,829911859200.0,60000000000.0,1.0,2.0,False
"{""task"":""sourcegraph-fim"",""model_id"":""Qwen/Qwen3-Coder-30B-A3B-Instruct"",""gpu_model"":""B200"",""num_gpus"":1,""max_num_seqs"":16,""tensor_parallel"":1,""expert_parallel"":1,""data_parallel"":1,""seed"":48105,""num_request_repeats"":1}",sourcegraph-fim,Qwen/Qwen3-Coder-30B-A3B-Instruct,available,,2549489231462400.0,1960124729524224.0,5098978462924800.0,9608592423911424.0,2048.0,1.5355623700955136e+16,138318643200.0,492011520.0,344477073408.0,60000000000.0,9608592423911424.0,1.5355623700955136e+16,138318643200.0,60000000000.0,1.0,2.0,False
"{""task"":""sourcegraph-fim"",""model_id"":""Qwen/Qwen3-Coder-30B-A3B-Instruct"",""gpu_model"":""B200"",""num_gpus"":1,""max_num_seqs"":256,""tensor_parallel"":1,""expert_parallel"":1,""data_parallel"":1,""seed"":48105,""num_request_repeats"":4}",sourcegraph-fim,Qwen/Qwen3-Coder-30B-A3B-Instruct,available,,1.01979569258496e+16,7840498918096896.0,2.03959138516992e+16,3.84343696956457e+16,2048.0,6.142249480382054e+16,553274572800.0,492011520.0,1377908293632.0,60000000000.0,3.84343696956457e+16,6.142249480382054e+16,553274572800.0,60000000000.0,1.0,2.0,False
"{""task"":""sourcegraph-fim"",""model_id"":""Qwen/Qwen3-Coder-30B-A3B-Instruct"",""gpu_model"":""B200"",""num_gpus"":1,""max_num_seqs"":32,""tensor_parallel"":1,""expert_parallel"":1,""data_parallel"":1,""seed"":48105,""num_request_repeats"":1}",sourcegraph-fim,Qwen/Qwen3-Coder-30B-A3B-Instruct,available,,2549489231462400.0,1960124729524224.0,5098978462924800.0,9608592423911424.0,2048.0,1.5355623700955136e+16,138318643200.0,492011520.0,344477073408.0,60000000000.0,9608592423911424.0,1.5355623700955136e+16,138318643200.0,60000000000.0,1.0,2.0,False
"{""task"":""sourcegraph-fim"",""model_id"":""Qwen/Qwen3-Coder-30B-A3B-Instruct"",""gpu_model"":""B200"",""num_gpus"":1,""max_num_seqs"":512,""tensor_parallel"":1,""expert_parallel"":1,""data_parallel"":1,""seed"":48105,""num_request_repeats"":4}",sourcegraph-fim,Qwen/Qwen3-Coder-30B-A3B-Instruct,available,,1.01979569258496e+16,7840498918096896.0,2.03959138516992e+16,3.84343696956457e+16,2048.0,6.142249480382054e+16,553274572800.0,492011520.0,1377908293632.0,60000000000.0,3.84343696956457e+16,6.142249480382054e+16,553274572800.0,60000000000.0,1.0,2.0,False
"{""task"":""sourcegraph-fim"",""model_id"":""Qwen/Qwen3-Coder-30B-A3B-Instruct"",""gpu_model"":""B200"",""num_gpus"":1,""max_num_seqs"":64,""tensor_parallel"":1,""expert_parallel"":1,""data_parallel"":1,""seed"":48105,""num_request_repeats"":2}",sourcegraph-fim,Qwen/Qwen3-Coder-30B-A3B-Instruct,available,,5098978462924800.0,3920249459048448.0,1.01979569258496e+16,1.921718484782285e+16,2048.0,3.071124740191027e+16,276637286400.0,492011520.0,688954146816.0,60000000000.0,1.921718484782285e+16,3.071124740191027e+16,276637286400.0,60000000000.0,1.0,2.0,False
"{""task"":""sourcegraph-fim"",""model_id"":""Qwen/Qwen3-Coder-30B-A3B-Instruct"",""gpu_model"":""B200"",""num_gpus"":1,""max_num_seqs"":8,""tensor_parallel"":1,""expert_parallel"":1,""data_parallel"":1,""seed"":48105,""num_request_repeats"":1}",sourcegraph-fim,Qwen/Qwen3-Coder-30B-A3B-Instruct,available,,2549489231462400.0,1960124729524224.0,5098978462924800.0,9608592423911424.0,2048.0,1.5355623700955136e+16,138318643200.0,492011520.0,344477073408.0,60000000000.0,9608592423911424.0,1.5355623700955136e+16,138318643200.0,60000000000.0,1.0,2.0,False
"{""task"":""sourcegraph-fim"",""model_id"":""Qwen/Qwen3-Coder-30B-A3B-Instruct"",""gpu_model"":""H100"",""num_gpus"":1,""max_num_seqs"":128,""tensor_parallel"":1,""expert_parallel"":1,""data_parallel"":1,""seed"":48105,""num_request_repeats"":1}",sourcegraph-fim,Qwen/Qwen3-Coder-30B-A3B-Instruct,available,,2549489231462400.0,1960124729524224.0,5098978462924800.0,9608592423911424.0,2048.0,1.5355623700955136e+16,138318643200.0,492011520.0,344477073408.0,60000000000.0,9608592423911424.0,1.5355623700955136e+16,138318643200.0,60000000000.0,1.0,2.0,False
"{""task"":""sourcegraph-fim"",""model_id"":""Qwen/Qwen3-Coder-30B-A3B-Instruct"",""gpu_model"":""H100"",""num_gpus"":1,""max_num_seqs"":16,""tensor_parallel"":1,""expert_parallel"":1,""data_parallel"":1,""seed"":48105,""num_request_repeats"":1}",sourcegraph-fim,Qwen/Qwen3-Coder-30B-A3B-Instruct,available,,2549489231462400.0,1960124729524224.0,5098978462924800.0,9608592423911424.0,2048.0,1.5355623700955136e+16,138318643200.0,492011520.0,344477073408.0,60000000000.0,9608592423911424.0,1.5355623700955136e+16,138318643200.0,60000000000.0,1.0,2.0,False
"{""task"":""sourcegraph-fim"",""model_id"":""Qwen/Qwen3-Coder-30B-A3B-Instruct"",""gpu_model"":""H100"",""num_gpus"":1,""max_num_seqs"":192,""tensor_parallel"":1,""expert_parallel"":1,""data_parallel"":1,""seed"":48105,""num_request_repeats"":1}",sourcegraph-fim,Qwen/Qwen3-Coder-30B-A3B-Instruct,available,,2549489231462400.0,1960124729524224.0,5098978462924800.0,9608592423911424.0,2048.0,1.5355623700955136e+16,138318643200.0,492011520.0,344477073408.0,60000000000.0,9608592423911424.0,1.5355623700955136e+16,138318643200.0,60000000000.0,1.0,2.0,False
"{""task"":""sourcegraph-fim"",""model_id"":""Qwen/Qwen3-Coder-30B-A3B-Instruct"",""gpu_model"":""H100"",""num_gpus"":1,""max_num_seqs"":256,""tensor_parallel"":1,""expert_parallel"":1,""data_parallel"":1,""seed"":48105,""num_request_repeats"":1}",sourcegraph-fim,Qwen/Qwen3-Coder-30B-A3B-Instruct,available,,2549489231462400.0,1960124729524224.0,5098978462924800.0,9608592423911424.0,2048.0,1.5355623700955136e+16,138318643200.0,492011520.0,344477073408.0,60000000000.0,9608592423911424.0,1.5355623700955136e+16,138318643200.0,60000000000.0,1.0,2.0,False
"{""task"":""sourcegraph-fim"",""model_id"":""Qwen/Qwen3-Coder-30B-A3B-Instruct"",""gpu_model"":""H100"",""num_gpus"":1,""max_num_seqs"":32,""tensor_parallel"":1,""expert_parallel"":1,""data_parallel"":1,""seed"":48105,""num_request_repeats"":1}",sourcegraph-fim,Qwen/Qwen3-Coder-30B-A3B-Instruct,available,,2549489231462400.0,1960124729524224.0,5098978462924800.0,9608592423911424.0,2048.0,1.5355623700955136e+16,138318643200.0,492011520.0,344477073408.0,60000000000.0,9608592423911424.0,1.5355623700955136e+16,138318643200.0,60000000000.0,1.0,2.0,False
"{""task"":""sourcegraph-fim"",""model_id"":""Qwen/Qwen3-Coder-30B-A3B-Instruct"",""gpu_model"":""H100"",""num_gpus"":1,""max_num_seqs"":384,""tensor_parallel"":1,""expert_parallel"":1,""data_parallel"":1,""seed"":48105,""num_request_repeats"":1}",sourcegraph-fim,Qwen/Qwen3-Coder-30B-A3B-Instruct,available,,2549489231462400.0,1960124729524224.0,5098978462924800.0,9608592423911424.0,2048.0,1.5355623700955136e+16,138318643200.0,492011520.0,344477073408.0,60000000000.0,9608592423911424.0,1.5355623700955136e+16,138318643200.0,60000000000.0,1.0,2.0,False
"{""task"":""sourcegraph-fim"",""model_id"":""Qwen/Qwen3-Coder-30B-A3B-Instruct"",""gpu_model"":""H100"",""num_gpus"":1,""max_num_seqs"":512,""tensor_parallel"":1,""expert_parallel"":1,""data_parallel"":1,""seed"":48105,""num_request_repeats"":1}",sourcegraph-fim,Qwen/Qwen3-Coder-30B-A3B-Instruct,available,,2549489231462400.0,1960124729524224.0,5098978462924800.0,9608592423911424.0,2048.0,1.5355623700955136e+16,138318643200.0,492011520.0,344477073408.0,60000000000.0,9608592423911424.0,1.5355623700955136e+16,138318643200.0,60000000000.0,1.0,2.0,False
"{""task"":""sourcegraph-fim"",""model_id"":""Qwen/Qwen3-Coder-30B-A3B-Instruct"",""gpu_model"":""H100"",""num_gpus"":1,""max_num_seqs"":64,""tensor_parallel"":1,""expert_parallel"":1,""data_parallel"":1,""seed"":48105,""num_request_repeats"":1}",sourcegraph-fim,Qwen/Qwen3-Coder-30B-A3B-Instruct,available,,2549489231462400.0,1960124729524224.0,5098978462924800.0,9608592423911424.0,2048.0,1.5355623700955136e+16,138318643200.0,492011520.0,344477073408.0,60000000000.0,9608592423911424.0,1.5355623700955136e+16,138318643200.0,60000000000.0,1.0,2.0,False
"{""task"":""sourcegraph-fim"",""model_id"":""Qwen/Qwen3-Coder-30B-A3B-Instruct"",""gpu_model"":""H100"",""num_gpus"":1,""max_num_seqs"":8,""tensor_parallel"":1,""expert_parallel"":1,""data_parallel"":1,""seed"":48105,""num_request_repeats"":1}",sourcegraph-fim,Qwen/Qwen3-Coder-30B-A3B-Instruct,available,,2549489231462400.0,1960124729524224.0,5098978462924800.0,9608592423911424.0,2048.0,1.5355623700955136e+16,138318643200.0,492011520.0,344477073408.0,60000000000.0,9608592423911424.0,1.5355623700955136e+16,138318643200.0,60000000000.0,1.0,2.0,False
"{""task"":""sourcegraph-fim"",""model_id"":""Qwen/Qwen3-Coder-30B-A3B-Instruct"",""gpu_model"":""H100"",""num_gpus"":1,""max_num_seqs"":96,""tensor_parallel"":1,""expert_parallel"":1,""data_parallel"":1,""seed"":48105,""num_request_repeats"":1}",sourcegraph-fim,Qwen/Qwen3-Coder-30B-A3B-Instruct,available,,2549489231462400.0,1960124729524224.0,5098978462924800.0,9608592423911424.0,2048.0,1.5355623700955136e+16,138318643200.0,492011520.0,344477073408.0,60000000000.0,9608592423911424.0,1.5355623700955136e+16,138318643200.0,60000000000.0,1.0,2.0,False
"{""task"":""sourcegraph-fim"",""model_id"":""Qwen/Qwen3-Coder-30B-A3B-Instruct"",""gpu_model"":""H100"",""num_gpus"":2,""max_num_seqs"":128,""tensor_parallel"":1,""expert_parallel"":2,""data_parallel"":1,""seed"":48105,""num_request_repeats"":1}",sourcegraph-fim,Qwen/Qwen3-Coder-30B-A3B-Instruct,available,,2549489231462400.0,1960124729524224.0,5098978462924800.0,9608592423911424.0,2048.0,1.5355623700955136e+16,138318643200.0,492011520.0,344477073408.0,60000000000.0,4804296211955712.0,7677811850477568.0,69159321600.0,30000000000.0,2.0,2.0,False
"{""task"":""sourcegraph-fim"",""model_id"":""Qwen/Qwen3-Coder-30B-A3B-Instruct"",""gpu_model"":""H100"",""num_gpus"":2,""max_num_seqs"":16,""tensor_parallel"":1,""expert_parallel"":2,""data_parallel"":1,""seed"":48105,""num_request_repeats"":1}",sourcegraph-fim,Qwen/Qwen3-Coder-30B-A3B-Instruct,available,,2549489231462400.0,1960124729524224.0,5098978462924800.0,9608592423911424.0,2048.0,1.5355623700955136e+16,138318643200.0,492011520.0,344477073408.0,60000000000.0,4804296211955712.0,7677811850477568.0,69159321600.0,30000000000.0,2.0,2.0,False
"{""task"":""sourcegraph-fim"",""model_id"":""Qwen/Qwen3-Coder-30B-A3B-Instruct"",""gpu_model"":""H100"",""num_gpus"":2,""max_num_seqs"":192,""tensor_parallel"":1,""expert_parallel"":2,""data_parallel"":1,""seed"":48105,""num_request_repeats"":1}",sourcegraph-fim,Qwen/Qwen3-Coder-30B-A3B-Instruct,available,,2549489231462400.0,1960124729524224.0,5098978462924800.0,9608592423911424.0,2048.0,1.5355623700955136e+16,138318643200.0,492011520.0,344477073408.0,60000000000.0,4804296211955712.0,7677811850477568.0,69159321600.0,30000000000.0,2.0,2.0,False
"{""task"":""sourcegraph-fim"",""model_id"":""Qwen/Qwen3-Coder-30B-A3B-Instruct"",""gpu_model"":""H100"",""num_gpus"":2,""max_num_seqs"":256,""tensor_parallel"":1,""expert_parallel"":2,""data_parallel"":1,""seed"":48105,""num_request_repeats"":2}",sourcegraph-fim,Qwen/Qwen3-Coder-30B-A3B-Instruct,available,,5098978462924800.0,3920249459048448.0,1.01979569258496e+16,1.921718484782285e+16,2048.0,3.071124740191027e+16,276637286400.0,492011520.0,688954146816.0,60000000000.0,9608592423911424.0,1.5355623700955136e+16,138318643200.0,30000000000.0,2.0,2.0,False
"{""task"":""sourcegraph-fim"",""model_id"":""Qwen/Qwen3-Coder-30B-A3B-Instruct"",""gpu_model"":""H100"",""num_gpus"":2,""max_num_seqs"":32,""tensor_parallel"":1,""expert_parallel"":2,""data_parallel"":1,""seed"":48105,""num_request_repeats"":1}",sourcegraph-fim,Qwen/Qwen3-Coder-30B-A3B-Instruct,available,,2549489231462400.0,1960124729524224.0,5098978462924800.0,9608592423911424.0,2048.0,1.5355623700955136e+16,138318643200.0,492011520.0,344477073408.0,60000000000.0,4804296211955712.0,7677811850477568.0,69159321600.0,30000000000.0,2.0,2.0,False
"{""task"":""sourcegraph-fim"",""model_id"":""Qwen/Qwen3-Coder-30B-A3B-Instruct"",""gpu_model"":""H100"",""num_gpus"":2,""max_num_seqs"":384,""tensor_parallel"":1,""expert_parallel"":2,""data_parallel"":1,""seed"":48105,""num_request_repeats"":2}",sourcegraph-fim,Qwen/Qwen3-Coder-30B-A3B-Instruct,available,,5098978462924800.0,3920249459048448.0,1.01979569258496e+16,1.921718484782285e+16,2048.0,3.071124740191027e+16,276637286400.0,492011520.0,688954146816.0,60000000000.0,9608592423911424.0,1.5355623700955136e+16,138318643200.0,30000000000.0,2.0,2.0,False
"{""task"":""sourcegraph-fim"",""model_id"":""Qwen/Qwen3-Coder-30B-A3B-Instruct"",""gpu_model"":""H100"",""num_gpus"":2,""max_num_seqs"":512,""tensor_parallel"":1,""expert_parallel"":2,""data_parallel"":1,""seed"":48105,""num_request_repeats"":2}",sourcegraph-fim,Qwen/Qwen3-Coder-30B-A3B-Instruct,available,,5098978462924800.0,3920249459048448.0,1.01979569258496e+16,1.921718484782285e+16,2048.0,3.071124740191027e+16,276637286400.0,492011520.0,688954146816.0,60000000000.0,9608592423911424.0,1.5355623700955136e+16,138318643200.0,30000000000.0,2.0,2.0,False
"{""task"":""sourcegraph-fim"",""model_id"":""Qwen/Qwen3-Coder-30B-A3B-Instruct"",""gpu_model"":""H100"",""num_gpus"":2,""max_num_seqs"":64,""tensor_parallel"":1,""expert_parallel"":2,""data_parallel"":1,""seed"":48105,""num_request_repeats"":1}",sourcegraph-fim,Qwen/Qwen3-Coder-30B-A3B-Instruct,available,,2549489231462400.0,1960124729524224.0,5098978462924800.0,9608592423911424.0,2048.0,1.5355623700955136e+16,138318643200.0,492011520.0,344477073408.0,60000000000.0,4804296211955712.0,7677811850477568.0,69159321600.0,30000000000.0,2.0,2.0,False
"{""task"":""sourcegraph-fim"",""model_id"":""Qwen/Qwen3-Coder-30B-A3B-Instruct"",""gpu_model"":""H100"",""num_gpus"":2,""max_num_seqs"":768,""tensor_parallel"":1,""expert_parallel"":2,""data_parallel"":1,""seed"":48105,""num_request_repeats"":3}",sourcegraph-fim,Qwen/Qwen3-Coder-30B-A3B-Instruct,available,,7648467694387200.0,5880374188572672.0,1.52969353887744e+16,2.882577727173427e+16,2048.0,4.606687110286541e+16,414955929600.0,492011520.0,1033431220224.0,60000000000.0,1.4412888635867136e+16,2.3033435551432704e+16,207477964800.0,30000000000.0,2.0,2.0,False
"{""task"":""sourcegraph-fim"",""model_id"":""Qwen/Qwen3-Coder-30B-A3B-Instruct"",""gpu_model"":""H100"",""num_gpus"":2,""max_num_seqs"":8,""tensor_parallel"":1,""expert_parallel"":2,""data_parallel"":1,""seed"":48105,""num_request_repeats"":1}",sourcegraph-fim,Qwen/Qwen3-Coder-30B-A3B-Instruct,available,,2549489231462400.0,1960124729524224.0,5098978462924800.0,9608592423911424.0,2048.0,1.5355623700955136e+16,138318643200.0,492011520.0,344477073408.0,60000000000.0,4804296211955712.0,7677811850477568.0,69159321600.0,30000000000.0,2.0,2.0,False
"{""task"":""sourcegraph-fim"",""model_id"":""Qwen/Qwen3-Coder-30B-A3B-Instruct"",""gpu_model"":""H100"",""num_gpus"":2,""max_num_seqs"":96,""tensor_parallel"":1,""expert_parallel"":2,""data_parallel"":1,""seed"":48105,""num_request_repeats"":1}",sourcegraph-fim,Qwen/Qwen3-Coder-30B-A3B-Instruct,available,,2549489231462400.0,1960124729524224.0,5098978462924800.0,9608592423911424.0,2048.0,1.5355623700955136e+16,138318643200.0,492011520.0,344477073408.0,60000000000.0,4804296211955712.0,7677811850477568.0,69159321600.0,30000000000.0,2.0,2.0,False
"{""task"":""sourcegraph-fim"",""model_id"":""Qwen/Qwen3-Coder-480B-A35B-Instruct"",""gpu_model"":""B200"",""num_gpus"":8,""max_num_seqs"":1024,""tensor_parallel"":1,""expert_parallel"":8,""data_parallel"":1,""seed"":48105,""num_request_repeats"":4}",sourcegraph-fim,Qwen/Qwen3-Coder-480B-A35B-Instruct,available,,1.141604622532608e+17,3.038193330762547e+16,2.63447220584448e+17,4.079896161453343e+17,2048.0,6.24125466667647e+17,1429292646400.0,1271029760.0,3559596425216.0,960000000000.0,5.099870201816678e+16,7.801568333345587e+16,178661580800.0,120000000000.0,8.0,2.0,False
"{""task"":""sourcegraph-fim"",""model_id"":""Qwen/Qwen3-Coder-480B-A35B-Instruct"",""gpu_model"":""B200"",""num_gpus"":8,""max_num_seqs"":128,""tensor_parallel"":1,""expert_parallel"":8,""data_parallel"":1,""seed"":48105,""num_request_repeats"":1}",sourcegraph-fim,Qwen/Qwen3-Coder-480B-A35B-Instruct,available,,2.85401155633152e+16,7595483326906368.0,6.5861805146112e+16,1.0199740403633357e+17,2048.0,1.5603136666691174e+17,357323161600.0,1271029760.0,889899106304.0,960000000000.0,1.2749675504541696e+16,1.950392083336397e+16,44665395200.0,120000000000.0,8.0,2.0,False
"{""task"":""sourcegraph-fim"",""model_id"":""Qwen/Qwen3-Coder-480B-A35B-Instruct"",""gpu_model"":""B200"",""num_gpus"":8,""max_num_seqs"":1536,""tensor_parallel"":1,""expert_parallel"":8,""data_parallel"":1,""seed"":48105,""num_request_repeats"":6}",sourcegraph-fim,Qwen/Qwen3-Coder-480B-A35B-Instruct,available,,1.712406933798912e+17,4.557289996143821e+16,3.95170830876672e+17,6.119844242180014e+17,2048.0,9.361882000014705e+17,2143938969600.0,1271029760.0,5339394637824.0,960000000000.0,7.649805302725018e+16,1.170235250001838e+17,267992371200.0,120000000000.0,8.0,2.0,False
"{""task"":""sourcegraph-fim"",""model_id"":""Qwen/Qwen3-Coder-480B-A35B-Instruct"",""gpu_model"":""B200"",""num_gpus"":8,""max_num_seqs"":16,""tensor_parallel"":1,""expert_parallel"":8,""data_parallel"":1,""seed"":48105,""num_request_repeats"":1}",sourcegraph-fim,Qwen/Qwen3-Coder-480B-A35B-Instruct,available,,2.85401155633152e+16,7595483326906368.0,6.5861805146112e+16,1.0199740403633357e+17,2048.0,1.5603136666691174e+17,357323161600.0,1271029760.0,889899106304.0,960000000000.0,1.2749675504541696e+16,1.950392083336397e+16,44665395200.0,120000000000.0,8.0,2.0,False
"{""task"":""sourcegraph-fim"",""model_id"":""Qwen/Qwen3-Coder-480B-A35B-Instruct"",""gpu_model"":""B200"",""num_gpus"":8,""max_num_seqs"":256,""tensor_parallel"":1,""expert_parallel"":8,""data_parallel"":1,""seed"":48105,""num_request_repeats"":1}",sourcegraph-fim,Qwen/Qwen3-Coder-480B-A35B-Instruct,available,,2.85401155633152e+16,7595483326906368.0,6.5861805146112e+16,1.0199740403633357e+17,2048.0,1.5603136666691174e+17,357323161600.0,1271029760.0,889899106304.0,960000000000.0,1.2749675504541696e+16,1.950392083336397e+16,44665395200.0,120000000000.0,8.0,2.0,False
"{""task"":""sourcegraph-fim"",""model_id"":""Qwen/Qwen3-Coder-480B-A35B-Instruct"",""gpu_model"":""B200"",""num_gpus"":8,""max_num_seqs"":32,""tensor_parallel"":1,""expert_parallel"":8,""data_parallel"":1,""seed"":48105,""num_request_repeats"":1}",sourcegraph-fim,Qwen/Qwen3-Coder-480B-A35B-Instruct,available,,2.85401155633152e+16,7595483326906368.0,6.5861805146112e+16,1.0199740403633357e+17,2048.0,1.5603136666691174e+17,357323161600.0,1271029760.0,889899106304.0,960000000000.0,1.2749675504541696e+16,1.950392083336397e+16,44665395200.0,120000000000.0,8.0,2.0,False
"{""task"":""sourcegraph-fim"",""model_id"":""Qwen/Qwen3-Coder-480B-A35B-Instruct"",""gpu_model"":""B200"",""num_gpus"":8,""max_num_seqs"":512,""tensor_parallel"":1,""expert_parallel"":8,""data_parallel"":1,""seed"":48105,""num_request_repeats"":2}",sourcegraph-fim,Qwen/Qwen3-Coder-480B-A35B-Instruct,available,,5.70802311266304e+16,1.5190966653812736e+16,1.31723610292224e+17,2.0399480807266714e+17,2048.0,3.120627333338235e+17,714646323200.0,1271029760.0,1779798212608.0,960000000000.0,2.549935100908339e+16,3.900784166672794e+16,89330790400.0,120000000000.0,8.0,2.0,False
"{""task"":""sourcegraph-fim"",""model_id"":""Qwen/Qwen3-Coder-480B-A35B-Instruct"",""gpu_model"":""B200"",""num_gpus"":8,""max_num_seqs"":64,""tensor_parallel"":1,""expert_parallel"":8,""data_parallel"":1,""seed"":48105,""num_request_repeats"":1}",sourcegraph-fim,Qwen/Qwen3-Coder-480B-A35B-Instruct,available,,2.85401155633152e+16,7595483326906368.0,6.5861805146112e+16,1.0199740403633357e+17,2048.0,1.5603136666691174e+17,357323161600.0,1271029760.0,889899106304.0,960000000000.0,1.2749675504541696e+16,1.950392083336397e+16,44665395200.0,120000000000.0,8.0,2.0,False
"{""task"":""sourcegraph-fim"",""model_id"":""Qwen/Qwen3-Coder-480B-A35B-Instruct"",""gpu_model"":""B200"",""num_gpus"":8,""max_num_seqs"":768,""tensor_parallel"":1,""expert_parallel"":8,""data_parallel"":1,""seed"":48105,""num_request_repeats"":2}",sourcegraph-fim,Qwen/Qwen3-Coder-480B-A35B-Instruct,available,,5.70802311266304e+16,1.5190966653812736e+16,1.31723610292224e+17,2.0399480807266714e+17,2048.0,3.120627333338235e+17,714646323200.0,1271029760.0,1779798212608.0,960000000000.0,2.549935100908339e+16,3.900784166672794e+16,89330790400.0,120000000000.0,8.0,2.0,False
"{""task"":""sourcegraph-fim"",""model_id"":""Qwen/Qwen3-Coder-480B-A35B-Instruct"",""gpu_model"":""B200"",""num_gpus"":8,""max_num_seqs"":8,""tensor_parallel"":1,""expert_parallel"":8,""data_parallel"":1,""seed"":48105,""num_request_repeats"":1}",sourcegraph-fim,Qwen/Qwen3-Coder-480B-A35B-Instruct,available,,2.85401155633152e+16,7595483326906368.0,6.5861805146112e+16,1.0199740403633357e+17,2048.0,1.5603136666691174e+17,357323161600.0,1271029760.0,889899106304.0,960000000000.0,1.2749675504541696e+16,1.950392083336397e+16,44665395200.0,120000000000.0,8.0,2.0,False
"{""task"":""sourcegraph-fim"",""model_id"":""Qwen/Qwen3-Coder-480B-A35B-Instruct-FP8"",""gpu_model"":""B200"",""num_gpus"":4,""max_num_seqs"":1024,""tensor_parallel"":1,""expert_parallel"":4,""data_parallel"":4,""seed"":48105,""num_request_repeats"":2}",sourcegraph-fim,Qwen/Qwen3-Coder-480B-A35B-Instruct-FP8,available,,5.70802311266304e+16,1.5190966653812736e+16,1.31723610292224e+17,2.0399480807266714e+17,2048.0,3.120627333338235e+17,714646323200.0,1271029760.0,1779798212608.0,480000000000.0,5.099870201816678e+16,7.801568333345587e+16,178661580800.0,480000000000.0,1.0,2.0,False
"{""task"":""sourcegraph-fim"",""model_id"":""Qwen/Qwen3-Coder-480B-A35B-Instruct-FP8"",""gpu_model"":""B200"",""num_gpus"":4,""max_num_seqs"":128,""tensor_parallel"":1,""expert_parallel"":4,""data_parallel"":4,""seed"":48105,""num_request_repeats"":1}",sourcegraph-fim,Qwen/Qwen3-Coder-480B-A35B-Instruct-FP8,available,,2.85401155633152e+16,7595483326906368.0,6.5861805146112e+16,1.0199740403633357e+17,2048.0,1.5603136666691174e+17,357323161600.0,1271029760.0,889899106304.0,480000000000.0,2.549935100908339e+16,3.900784166672794e+16,89330790400.0,480000000000.0,1.0,2.0,False
"{""task"":""sourcegraph-fim"",""model_id"":""Qwen/Qwen3-Coder-480B-A35B-Instruct-FP8"",""gpu_model"":""B200"",""num_gpus"":4,""max_num_seqs"":16,""tensor_parallel"":1,""expert_parallel"":4,""data_parallel"":4,""seed"":48105,""num_request_repeats"":1}",sourcegraph-fim,Qwen/Qwen3-Coder-480B-A35B-Instruct-FP8,available,,2.85401155633152e+16,7595483326906368.0,6.5861805146112e+16,1.0199740403633357e+17,2048.0,1.5603136666691174e+17,357323161600.0,1271029760.0,889899106304.0,480000000000.0,2.549935100908339e+16,3.900784166672794e+16,89330790400.0,480000000000.0,1.0,2.0,False
"{""task"":""sourcegraph-fim"",""model_id"":""Qwen/Qwen3-Coder-480B-A35B-Instruct-FP8"",""gpu_model"":""B200"",""num_gpus"":4,""max_num_seqs"":256,""tensor_parallel"":1,""expert_parallel"":4,""data_parallel"":4,""seed"":48105,""num_request_repeats"":1}",sourcegraph-fim,Qwen/Qwen3-Coder-480B-A35B-Instruct-FP8,available,,2.85401155633152e+16,7595483326906368.0,6.5861805146112e+16,1.0199740403633357e+17,2048.0,1.5603136666691174e+17,357323161600.0,1271029760.0,889899106304.0,480000000000.0,2.549935100908339e+16,3.900784166672794e+16,89330790400.0,480000000000.0,1.0,2.0,False
"{""task"":""sourcegraph-fim"",""model_id"":""Qwen/Qwen3-Coder-480B-A35B-Instruct-FP8"",""gpu_model"":""B200"",""num_gpus"":4,""max_num_seqs"":32,""tensor_parallel"":1,""expert_parallel"":4,""data_parallel"":4,""seed"":48105,""num_request_repeats"":1}",sourcegraph-fim,Qwen/Qwen3-Coder-480B-A35B-Instruct-FP8,available,,2.85401155633152e+16,7595483326906368.0,6.5861805146112e+16,1.0199740403633357e+17,2048.0,1.5603136666691174e+17,357323161600.0,1271029760.0,889899106304.0,480000000000.0,2.549935100908339e+16,3.900784166672794e+16,89330790400.0,480000000000.0,1.0,2.0,False
"{""task"":""sourcegraph-fim"",""model_id"":""Qwen/Qwen3-Coder-480B-A35B-Instruct-FP8"",""gpu_model"":""B200"",""num_gpus"":4,""max_num_seqs"":512,""tensor_parallel"":1,""expert_parallel"":4,""data_parallel"":4,""seed"":48105,""num_request_repeats"":1}",sourcegraph-fim,Qwen/Qwen3-Coder-480B-A35B-Instruct-FP8,available,,2.85401155633152e+16,7595483326906368.0,6.5861805146112e+16,1.0199740403633357e+17,2048.0,1.5603136666691174e+17,357323161600.0,1271029760.0,889899106304.0,480000000000.0,2.549935100908339e+16,3.900784166672794e+16,89330790400.0,480000000000.0,1.0,2.0,False
"{""task"":""sourcegraph-fim"",""model_id"":""Qwen/Qwen3-Coder-480B-A35B-Instruct-FP8"",""gpu_model"":""B200"",""num_gpus"":4,""max_num_seqs"":64,""tensor_parallel"":1,""expert_parallel"":4,""data_parallel"":4,""seed"":48105,""num_request_repeats"":1}",sourcegraph-fim,Qwen/Qwen3-Coder-480B-A35B-Instruct-FP8,available,,2.85401155633152e+16,7595483326906368.0,6.5861805146112e+16,1.0199740403633357e+17,2048.0,1.5603136666691174e+17,357323161600.0,1271029760.0,889899106304.0,480000000000.0,2.549935100908339e+16,3.900784166672794e+16,89330790400.0,480000000000.0,1.0,2.0,False
"{""task"":""sourcegraph-fim"",""model_id"":""Qwen/Qwen3-Coder-480B-A35B-Instruct-FP8"",""gpu_model"":""B200"",""num_gpus"":4,""max_num_seqs"":768,""tensor_parallel"":1,""expert_parallel"":4,""data_parallel"":4,""seed"":48105,""num_request_repeats"":2}",sourcegraph-fim,Qwen/Qwen3-Coder-480B-A35B-Instruct-FP8,available,,5.70802311266304e+16,1.5190966653812736e+16,1.31723610292224e+17,2.0399480807266714e+17,2048.0,3.120627333338235e+17,714646323200.0,1271029760.0,1779798212608.0,480000000000.0,5.099870201816678e+16,7.801568333345587e+16,178661580800.0,480000000000.0,1.0,2.0,False
"{""task"":""sourcegraph-fim"",""model_id"":""Qwen/Qwen3-Coder-480B-A35B-Instruct-FP8"",""gpu_model"":""B200"",""num_gpus"":4,""max_num_seqs"":8,""tensor_parallel"":1,""expert_parallel"":4,""data_parallel"":4,""seed"":48105,""num_request_repeats"":1}",sourcegraph-fim,Qwen/Qwen3-Coder-480B-A35B-Instruct-FP8,available,,2.85401155633152e+16,7595483326906368.0,6.5861805146112e+16,1.0199740403633357e+17,2048.0,1.5603136666691174e+17,357323161600.0,1271029760.0,889899106304.0,480000000000.0,2.549935100908339e+16,3.900784166672794e+16,89330790400.0,480000000000.0,1.0,2.0,False
"{""task"":""sourcegraph-fim"",""model_id"":""Qwen/Qwen3-Coder-480B-A35B-Instruct-FP8"",""gpu_model"":""B200"",""num_gpus"":8,""max_num_seqs"":1024,""tensor_parallel"":1,""expert_parallel"":8,""data_parallel"":8,""seed"":48105,""num_request_repeats"":3}",sourcegraph-fim,Qwen/Qwen3-Coder-480B-A35B-Instruct-FP8,available,,8.56203466899456e+16,2.2786449980719104e+16,1.97585415438336e+17,3.059922121090007e+17,2048.0,4.680941000007352e+17,1071969484800.0,1271029760.0,2669697318912.0,480000000000.0,3.824902651362509e+16,5.85117625000919e+16,133996185600.0,480000000000.0,1.0,2.0,False
"{""task"":""sourcegraph-fim"",""model_id"":""Qwen/Qwen3-Coder-480B-A35B-Instruct-FP8"",""gpu_model"":""B200"",""num_gpus"":8,""max_num_seqs"":128,""tensor_parallel"":1,""expert_parallel"":8,""data_parallel"":8,""seed"":48105,""num_request_repeats"":1}",sourcegraph-fim,Qwen/Qwen3-Coder-480B-A35B-Instruct-FP8,available,,2.85401155633152e+16,7595483326906368.0,6.5861805146112e+16,1.0199740403633357e+17,2048.0,1.5603136666691174e+17,357323161600.0,1271029760.0,889899106304.0,480000000000.0,1.2749675504541696e+16,1.950392083336397e+16,44665395200.0,480000000000.0,1.0,2.0,False
"{""task"":""sourcegraph-fim"",""model_id"":""Qwen/Qwen3-Coder-480B-A35B-Instruct-FP8"",""gpu_model"":""B200"",""num_gpus"":8,""max_num_seqs"":16,""tensor_parallel"":1,""expert_parallel"":8,""data_parallel"":8,""seed"":48105,""num_request_repeats"":1}",sourcegraph-fim,Qwen/Qwen3-Coder-480B-A35B-Instruct-FP8,available,,2.85401155633152e+16,7595483326906368.0,6.5861805146112e+16,1.0199740403633357e+17,2048.0,1.5603136666691174e+17,357323161600.0,1271029760.0,889899106304.0,480000000000.0,1.2749675504541696e+16,1.950392083336397e+16,44665395200.0,480000000000.0,1.0,2.0,False
"{""task"":""sourcegraph-fim"",""model_id"":""Qwen/Qwen3-Coder-480B-A35B-Instruct-FP8"",""gpu_model"":""B200"",""num_gpus"":8,""max_num_seqs"":2048,""tensor_parallel"":1,""expert_parallel"":8,""data_parallel"":8,""seed"":48105,""num_request_repeats"":4}",sourcegraph-fim,Qwen/Qwen3-Coder-480B-A35B-Instruct-FP8,available,,1.141604622532608e+17,3.038193330762547e+16,2.63447220584448e+17,4.079896161453343e+17,2048.0,6.24125466667647e+17,1429292646400.0,1271029760.0,3559596425216.0,480000000000.0,5.099870201816678e+16,7.801568333345587e+16,178661580800.0,480000000000.0,1.0,2.0,False
"{""task"":""sourcegraph-fim"",""model_id"":""Qwen/Qwen3-Coder-480B-A35B-Instruct-FP8"",""gpu_model"":""B200"",""num_gpus"":8,""max_num_seqs"":256,""tensor_parallel"":1,""expert_parallel"":8,""data_parallel"":8,""seed"":48105,""num_request_repeats"":1}",sourcegraph-fim,Qwen/Qwen3-Coder-480B-A35B-Instruct-FP8,available,,2.85401155633152e+16,7595483326906368.0,6.5861805146112e+16,1.0199740403633357e+17,2048.0,1.5603136666691174e+17,357323161600.0,1271029760.0,889899106304.0,480000000000.0,1.2749675504541696e+16,1.950392083336397e+16,44665395200.0,480000000000.0,1.0,2.0,False
"{""task"":""sourcegraph-fim"",""model_id"":""Qwen/Qwen3-Coder-480B-A35B-Instruct-FP8"",""gpu_model"":""B200"",""num_gpus"":8,""max_num_seqs"":32,""tensor_parallel"":1,""expert_parallel"":8,""data_parallel"":8,""seed"":48105,""num_request_repeats"":1}",sourcegraph-fim,Qwen/Qwen3-Coder-480B-A35B-Instruct-FP8,available,,2.85401155633152e+16,7595483326906368.0,6.5861805146112e+16,1.0199740403633357e+17,2048.0,1.5603136666691174e+17,357323161600.0,1271029760.0,889899106304.0,480000000000.0,1.2749675504541696e+16,1.950392083336397e+16,44665395200.0,480000000000.0,1.0,2.0,False
"{""task"":""sourcegraph-fim"",""model_id"":""Qwen/Qwen3-Coder-480B-A35B-Instruct-FP8"",""gpu_model"":""B200"",""num_gpus"":8,""max_num_seqs"":512,""tensor_parallel"":1,""expert_parallel"":8,""data_parallel"":8,""seed"":48105,""num_request_repeats"":1}",sourcegraph-fim,Qwen/Qwen3-Coder-480B-A35B-Instruct-FP8,available,,2.85401155633152e+16,7595483326906368.0,6.5861805146112e+16,1.0199740403633357e+17,2048.0,1.5603136666691174e+17,357323161600.0,1271029760.0,889899106304.0,480000000000.0,1.2749675504541696e+16,1.950392083336397e+16,44665395200.0,480000000000.0,1.0,2.0,False
"{""task"":""sourcegraph-fim"",""model_id"":""Qwen/Qwen3-Coder-480B-A35B-Instruct-FP8"",""gpu_model"":""B200"",""num_gpus"":8,""max_num_seqs"":64,""tensor_parallel"":1,""expert_parallel"":8,""data_parallel"":8,""seed"":48105,""num_request_repeats"":1}",sourcegraph-fim,Qwen/Qwen3-Coder-480B-A35B-Instruct-FP8,available,,2.85401155633152e+16,7595483326906368.0,6.5861805146112e+16,1.0199740403633357e+17,2048.0,1.5603136666691174e+17,357323161600.0,1271029760.0,889899106304.0,480000000000.0,1.2749675504541696e+16,1.950392083336397e+16,44665395200.0,480000000000.0,1.0,2.0,False
"{""task"":""sourcegraph-fim"",""model_id"":""Qwen/Qwen3-Coder-480B-A35B-Instruct-FP8"",""gpu_model"":""B200"",""num_gpus"":8,""max_num_seqs"":768,""tensor_parallel"":1,""expert_parallel"":8,""data_parallel"":8,""seed"":48105,""num_request_repeats"":2}",sourcegraph-fim,Qwen/Qwen3-Coder-480B-A35B-Instruct-FP8,available,,5.70802311266304e+16,1.5190966653812736e+16,1.31723610292224e+17,2.0399480807266714e+17,2048.0,3.120627333338235e+17,714646323200.0,1271029760.0,1779798212608.0,480000000000.0,2.549935100908339e+16,3.900784166672794e+16,89330790400.0,480000000000.0,1.0,2.0,False
"{""task"":""sourcegraph-fim"",""model_id"":""Qwen/Qwen3-Coder-480B-A35B-Instruct-FP8"",""gpu_model"":""B200"",""num_gpus"":8,""max_num_seqs"":8,""tensor_parallel"":1,""expert_parallel"":8,""data_parallel"":8,""seed"":48105,""num_request_repeats"":1}",sourcegraph-fim,Qwen/Qwen3-Coder-480B-A35B-Instruct-FP8,available,,2.85401155633152e+16,7595483326906368.0,6.5861805146112e+16,1.0199740403633357e+17,2048.0,1.5603136666691174e+17,357323161600.0,1271029760.0,889899106304.0,480000000000.0,1.2749675504541696e+16,1.950392083336397e+16,44665395200.0,480000000000.0,1.0,2.0,False
