model_variant,bundle,model_name,feature,feature_type,outer_fold,method,fit_scope,n_train,n_test,baseline_mae_watts,importance_mae_increase_mean,importance_mae_increase_std,permutation_repeats,selected_candidate_json,backend_module
B4-Hardware__XGBoost,B4-Hardware,XGBoost,x_hardware_num_gpus,numeric,0,outer_test_permutation,outer_train_only,242,63,281.11084741822935,356.10780420933906,37.91190971345611,10,"{""colsample_bytree"":0.8,""learning_rate"":0.03,""max_depth"":3,""n_estimators"":300,""subsample"":0.8}",xgboost.sklearn
B4-Hardware__XGBoost,B4-Hardware,XGBoost,x_deployment_max_num_seqs,numeric,0,outer_test_permutation,outer_train_only,242,63,281.11084741822935,65.62684422202162,27.096621540847305,10,"{""colsample_bytree"":0.8,""learning_rate"":0.03,""max_depth"":3,""n_estimators"":300,""subsample"":0.8}",xgboost.sklearn
B4-Hardware__XGBoost,B4-Hardware,XGBoost,x_deployment_tensor_parallel,numeric,0,outer_test_permutation,outer_train_only,242,63,281.11084741822935,0.0,0.0,10,"{""colsample_bytree"":0.8,""learning_rate"":0.03,""max_depth"":3,""n_estimators"":300,""subsample"":0.8}",xgboost.sklearn
B4-Hardware__XGBoost,B4-Hardware,XGBoost,x_deployment_data_parallel,numeric,0,outer_test_permutation,outer_train_only,242,63,281.11084741822935,0.0,0.0,10,"{""colsample_bytree"":0.8,""learning_rate"":0.03,""max_depth"":3,""n_estimators"":300,""subsample"":0.8}",xgboost.sklearn
B4-Hardware__XGBoost,B4-Hardware,XGBoost,x_deployment_expert_parallel,numeric,0,outer_test_permutation,outer_train_only,242,63,281.11084741822935,74.69647931089841,10.879688097237931,10,"{""colsample_bytree"":0.8,""learning_rate"":0.03,""max_depth"":3,""n_estimators"":300,""subsample"":0.8}",xgboost.sklearn
B4-Hardware__XGBoost,B4-Hardware,XGBoost,x_model_benchmark_total_params_billions,numeric,0,outer_test_permutation,outer_train_only,242,63,281.11084741822935,507.0457224141919,64.03954728661407,10,"{""colsample_bytree"":0.8,""learning_rate"":0.03,""max_depth"":3,""n_estimators"":300,""subsample"":0.8}",xgboost.sklearn
B4-Hardware__XGBoost,B4-Hardware,XGBoost,x_model_benchmark_activated_params_billions,numeric,0,outer_test_permutation,outer_train_only,242,63,281.11084741822935,27.424310133500974,4.868497163371139,10,"{""colsample_bytree"":0.8,""learning_rate"":0.03,""max_depth"":3,""n_estimators"":300,""subsample"":0.8}",xgboost.sklearn
B4-Hardware__XGBoost,B4-Hardware,XGBoost,x_model_num_layers,numeric,0,outer_test_permutation,outer_train_only,242,63,281.11084741822935,0.0,0.0,10,"{""colsample_bytree"":0.8,""learning_rate"":0.03,""max_depth"":3,""n_estimators"":300,""subsample"":0.8}",xgboost.sklearn
B4-Hardware__XGBoost,B4-Hardware,XGBoost,x_model_hidden_size,numeric,0,outer_test_permutation,outer_train_only,242,63,281.11084741822935,2.6392288450211425,1.3063237161219798,10,"{""colsample_bytree"":0.8,""learning_rate"":0.03,""max_depth"":3,""n_estimators"":300,""subsample"":0.8}",xgboost.sklearn
B4-Hardware__XGBoost,B4-Hardware,XGBoost,x_model_intermediate_size,numeric,0,outer_test_permutation,outer_train_only,242,63,281.11084741822935,1.0275364467076487,0.2677713103161985,10,"{""colsample_bytree"":0.8,""learning_rate"":0.03,""max_depth"":3,""n_estimators"":300,""subsample"":0.8}",xgboost.sklearn
B4-Hardware__XGBoost,B4-Hardware,XGBoost,x_model_num_attention_heads,numeric,0,outer_test_permutation,outer_train_only,242,63,281.11084741822935,0.0,0.0,10,"{""colsample_bytree"":0.8,""learning_rate"":0.03,""max_depth"":3,""n_estimators"":300,""subsample"":0.8}",xgboost.sklearn
B4-Hardware__XGBoost,B4-Hardware,XGBoost,x_model_num_key_value_heads,numeric,0,outer_test_permutation,outer_train_only,242,63,281.11084741822935,0.0,0.0,10,"{""colsample_bytree"":0.8,""learning_rate"":0.03,""max_depth"":3,""n_estimators"":300,""subsample"":0.8}",xgboost.sklearn
B4-Hardware__XGBoost,B4-Hardware,XGBoost,x_model_vocab_size,numeric,0,outer_test_permutation,outer_train_only,242,63,281.11084741822935,0.08071550641742534,0.08212709982575322,10,"{""colsample_bytree"":0.8,""learning_rate"":0.03,""max_depth"":3,""n_estimators"":300,""subsample"":0.8}",xgboost.sklearn
B4-Hardware__XGBoost,B4-Hardware,XGBoost,x_model_context_length,numeric,0,outer_test_permutation,outer_train_only,242,63,281.11084741822935,0.0,0.0,10,"{""colsample_bytree"":0.8,""learning_rate"":0.03,""max_depth"":3,""n_estimators"":300,""subsample"":0.8}",xgboost.sklearn
B4-Hardware__XGBoost,B4-Hardware,XGBoost,x_model_head_dim,numeric,0,outer_test_permutation,outer_train_only,242,63,281.11084741822935,0.0,0.0,10,"{""colsample_bytree"":0.8,""learning_rate"":0.03,""max_depth"":3,""n_estimators"":300,""subsample"":0.8}",xgboost.sklearn
B4-Hardware__XGBoost,B4-Hardware,XGBoost,x_workload_effective_input_tokens_mean,numeric,0,outer_test_permutation,outer_train_only,242,63,281.11084741822935,12.786953320615345,4.693805477356352,10,"{""colsample_bytree"":0.8,""learning_rate"":0.03,""max_depth"":3,""n_estimators"":300,""subsample"":0.8}",xgboost.sklearn
B4-Hardware__XGBoost,B4-Hardware,XGBoost,x_workload_effective_input_tokens_p50,numeric,0,outer_test_permutation,outer_train_only,242,63,281.11084741822935,6.966075885106704,1.8186855025304687,10,"{""colsample_bytree"":0.8,""learning_rate"":0.03,""max_depth"":3,""n_estimators"":300,""subsample"":0.8}",xgboost.sklearn
B4-Hardware__XGBoost,B4-Hardware,XGBoost,x_workload_effective_input_tokens_p90,numeric,0,outer_test_permutation,outer_train_only,242,63,281.11084741822935,-0.939771764564631,2.6855944839649553,10,"{""colsample_bytree"":0.8,""learning_rate"":0.03,""max_depth"":3,""n_estimators"":300,""subsample"":0.8}",xgboost.sklearn
B4-Hardware__XGBoost,B4-Hardware,XGBoost,x_workload_effective_input_tokens_p95,numeric,0,outer_test_permutation,outer_train_only,242,63,281.11084741822935,0.6360513354105308,0.15317161359124726,10,"{""colsample_bytree"":0.8,""learning_rate"":0.03,""max_depth"":3,""n_estimators"":300,""subsample"":0.8}",xgboost.sklearn
B4-Hardware__XGBoost,B4-Hardware,XGBoost,x_workload_effective_input_tokens_min,numeric,0,outer_test_permutation,outer_train_only,242,63,281.11084741822935,0.0,0.0,10,"{""colsample_bytree"":0.8,""learning_rate"":0.03,""max_depth"":3,""n_estimators"":300,""subsample"":0.8}",xgboost.sklearn
B4-Hardware__XGBoost,B4-Hardware,XGBoost,x_workload_effective_input_tokens_max,numeric,0,outer_test_permutation,outer_train_only,242,63,281.11084741822935,-0.07696416945684632,0.018647552098526844,10,"{""colsample_bytree"":0.8,""learning_rate"":0.03,""max_depth"":3,""n_estimators"":300,""subsample"":0.8}",xgboost.sklearn
B4-Hardware__XGBoost,B4-Hardware,XGBoost,x_workload_effective_input_tokens_std,numeric,0,outer_test_permutation,outer_train_only,242,63,281.11084741822935,0.0,0.0,10,"{""colsample_bytree"":0.8,""learning_rate"":0.03,""max_depth"":3,""n_estimators"":300,""subsample"":0.8}",xgboost.sklearn
B4-Hardware__XGBoost,B4-Hardware,XGBoost,x_workload_effective_input_tokens_second_moment,numeric,0,outer_test_permutation,outer_train_only,242,63,281.11084741822935,0.0,0.0,10,"{""colsample_bytree"":0.8,""learning_rate"":0.03,""max_depth"":3,""n_estimators"":300,""subsample"":0.8}",xgboost.sklearn
B4-Hardware__XGBoost,B4-Hardware,XGBoost,x_workload_effective_input_tokens_rms,numeric,0,outer_test_permutation,outer_train_only,242,63,281.11084741822935,0.0,0.0,10,"{""colsample_bytree"":0.8,""learning_rate"":0.03,""max_depth"":3,""n_estimators"":300,""subsample"":0.8}",xgboost.sklearn
B4-Hardware__XGBoost,B4-Hardware,XGBoost,x_workload_effective_input_tokens_cv,numeric,0,outer_test_permutation,outer_train_only,242,63,281.11084741822935,0.0,0.0,10,"{""colsample_bytree"":0.8,""learning_rate"":0.03,""max_depth"":3,""n_estimators"":300,""subsample"":0.8}",xgboost.sklearn
B4-Hardware__XGBoost,B4-Hardware,XGBoost,x_physics_prefill_projection_flop_per_request,numeric,0,outer_test_permutation,outer_train_only,242,63,281.11084741822935,1.6108233566337105,0.5884645168793512,10,"{""colsample_bytree"":0.8,""learning_rate"":0.03,""max_depth"":3,""n_estimators"":300,""subsample"":0.8}",xgboost.sklearn
B4-Hardware__XGBoost,B4-Hardware,XGBoost,x_physics_prefill_attention_flop_per_request,numeric,0,outer_test_permutation,outer_train_only,242,63,281.11084741822935,0.19568630215431995,1.0293996742549498,10,"{""colsample_bytree"":0.8,""learning_rate"":0.03,""max_depth"":3,""n_estimators"":300,""subsample"":0.8}",xgboost.sklearn
B4-Hardware__XGBoost,B4-Hardware,XGBoost,x_physics_prefill_mlp_flop_per_request,numeric,0,outer_test_permutation,outer_train_only,242,63,281.11084741822935,0.0,0.0,10,"{""colsample_bytree"":0.8,""learning_rate"":0.03,""max_depth"":3,""n_estimators"":300,""subsample"":0.8}",xgboost.sklearn
B4-Hardware__XGBoost,B4-Hardware,XGBoost,x_physics_prefill_total_flop_per_request,numeric,0,outer_test_permutation,outer_train_only,242,63,281.11084741822935,-0.022136094835065023,0.029871315338516946,10,"{""colsample_bytree"":0.8,""learning_rate"":0.03,""max_depth"":3,""n_estimators"":300,""subsample"":0.8}",xgboost.sklearn
B4-Hardware__XGBoost,B4-Hardware,XGBoost,x_physics_prefill_total_flop_per_input_token,numeric,0,outer_test_permutation,outer_train_only,242,63,281.11084741822935,0.0,0.0,10,"{""colsample_bytree"":0.8,""learning_rate"":0.03,""max_depth"":3,""n_estimators"":300,""subsample"":0.8}",xgboost.sklearn
B4-Hardware__XGBoost,B4-Hardware,XGBoost,x_physics_kv_cache_prefill_mean_request_bytes,numeric,0,outer_test_permutation,outer_train_only,242,63,281.11084741822935,0.18311913004086477,1.6359120609806457,10,"{""colsample_bytree"":0.8,""learning_rate"":0.03,""max_depth"":3,""n_estimators"":300,""subsample"":0.8}",xgboost.sklearn
B4-Hardware__XGBoost,B4-Hardware,XGBoost,x_physics_kv_cache_prefill_max_request_bytes,numeric,0,outer_test_permutation,outer_train_only,242,63,281.11084741822935,0.4748908148872033,0.07740137773347236,10,"{""colsample_bytree"":0.8,""learning_rate"":0.03,""max_depth"":3,""n_estimators"":300,""subsample"":0.8}",xgboost.sklearn
B4-Hardware__XGBoost,B4-Hardware,XGBoost,x_physics_weight_bytes_per_gpu_ideal,numeric,0,outer_test_permutation,outer_train_only,242,63,281.11084741822935,0.27504455600352457,2.031587620395608,10,"{""colsample_bytree"":0.8,""learning_rate"":0.03,""max_depth"":3,""n_estimators"":300,""subsample"":0.8}",xgboost.sklearn
B4-Hardware__XGBoost,B4-Hardware,XGBoost,x_physics_decode_one_token_flop_per_request_mean,numeric,0,outer_test_permutation,outer_train_only,242,63,281.11084741822935,0.0,0.0,10,"{""colsample_bytree"":0.8,""learning_rate"":0.03,""max_depth"":3,""n_estimators"":300,""subsample"":0.8}",xgboost.sklearn
B4-Hardware__XGBoost,B4-Hardware,XGBoost,x_physics_decode_one_token_flop_per_request_p90,numeric,0,outer_test_permutation,outer_train_only,242,63,281.11084741822935,0.0,0.0,10,"{""colsample_bytree"":0.8,""learning_rate"":0.03,""max_depth"":3,""n_estimators"":300,""subsample"":0.8}",xgboost.sklearn
B4-Hardware__XGBoost,B4-Hardware,XGBoost,x_physics_decode_one_token_flop_per_request_p95,numeric,0,outer_test_permutation,outer_train_only,242,63,281.11084741822935,0.0,0.0,10,"{""colsample_bytree"":0.8,""learning_rate"":0.03,""max_depth"":3,""n_estimators"":300,""subsample"":0.8}",xgboost.sklearn
B4-Hardware__XGBoost,B4-Hardware,XGBoost,x_physics_decode_one_token_flop_per_request_max,numeric,0,outer_test_permutation,outer_train_only,242,63,281.11084741822935,0.0,0.0,10,"{""colsample_bytree"":0.8,""learning_rate"":0.03,""max_depth"":3,""n_estimators"":300,""subsample"":0.8}",xgboost.sklearn
B4-Hardware__XGBoost,B4-Hardware,XGBoost,x_hardware_peak_compute_bf16_dense_tflops,numeric,0,outer_test_permutation,outer_train_only,242,63,281.11084741822935,4.041544118353056,2.2499070079715455,10,"{""colsample_bytree"":0.8,""learning_rate"":0.03,""max_depth"":3,""n_estimators"":300,""subsample"":0.8}",xgboost.sklearn
B4-Hardware__XGBoost,B4-Hardware,XGBoost,x_hardware_peak_compute_fp8_dense_tflops,numeric,0,outer_test_permutation,outer_train_only,242,63,281.11084741822935,2.7637366233646445,0.9081345229384302,10,"{""colsample_bytree"":0.8,""learning_rate"":0.03,""max_depth"":3,""n_estimators"":300,""subsample"":0.8}",xgboost.sklearn
B4-Hardware__XGBoost,B4-Hardware,XGBoost,x_hardware_precision_matched_peak_compute_tflops,numeric,0,outer_test_permutation,outer_train_only,242,63,281.11084741822935,14.32605794113034,7.429552305887165,10,"{""colsample_bytree"":0.8,""learning_rate"":0.03,""max_depth"":3,""n_estimators"":300,""subsample"":0.8}",xgboost.sklearn
B4-Hardware__XGBoost,B4-Hardware,XGBoost,x_hardware_hbm_bandwidth_gbps,numeric,0,outer_test_permutation,outer_train_only,242,63,281.11084741822935,0.0,0.0,10,"{""colsample_bytree"":0.8,""learning_rate"":0.03,""max_depth"":3,""n_estimators"":300,""subsample"":0.8}",xgboost.sklearn
B4-Hardware__XGBoost,B4-Hardware,XGBoost,x_hardware_hbm_capacity_gb,numeric,0,outer_test_permutation,outer_train_only,242,63,281.11084741822935,0.0,0.0,10,"{""colsample_bytree"":0.8,""learning_rate"":0.03,""max_depth"":3,""n_estimators"":300,""subsample"":0.8}",xgboost.sklearn
B4-Hardware__XGBoost,B4-Hardware,XGBoost,x_hardware_rated_power_w,numeric,0,outer_test_permutation,outer_train_only,242,63,281.11084741822935,0.0,0.0,10,"{""colsample_bytree"":0.8,""learning_rate"":0.03,""max_depth"":3,""n_estimators"":300,""subsample"":0.8}",xgboost.sklearn
B4-Hardware__XGBoost,B4-Hardware,XGBoost,x_hardware_interconnect_bandwidth_gbps,numeric,0,outer_test_permutation,outer_train_only,242,63,281.11084741822935,0.0,0.0,10,"{""colsample_bytree"":0.8,""learning_rate"":0.03,""max_depth"":3,""n_estimators"":300,""subsample"":0.8}",xgboost.sklearn
B4-Hardware__XGBoost,B4-Hardware,XGBoost,x_hardware_aggregate_rated_power_w,numeric,0,outer_test_permutation,outer_train_only,242,63,281.11084741822935,486.5551510537347,71.47281437036855,10,"{""colsample_bytree"":0.8,""learning_rate"":0.03,""max_depth"":3,""n_estimators"":300,""subsample"":0.8}",xgboost.sklearn
B4-Hardware__XGBoost,B4-Hardware,XGBoost,x_hardware_gpu_model,categorical,0,outer_test_permutation,outer_train_only,242,63,281.11084741822935,0.0,0.0,10,"{""colsample_bytree"":0.8,""learning_rate"":0.03,""max_depth"":3,""n_estimators"":300,""subsample"":0.8}",xgboost.sklearn
B4-Hardware__XGBoost,B4-Hardware,XGBoost,x_model_benchmark_architecture,categorical,0,outer_test_permutation,outer_train_only,242,63,281.11084741822935,0.0,0.0,10,"{""colsample_bytree"":0.8,""learning_rate"":0.03,""max_depth"":3,""n_estimators"":300,""subsample"":0.8}",xgboost.sklearn
B4-Hardware__XGBoost,B4-Hardware,XGBoost,x_model_benchmark_weight_precision,categorical,0,outer_test_permutation,outer_train_only,242,63,281.11084741822935,3.0580624157444047,1.157662225834724,10,"{""colsample_bytree"":0.8,""learning_rate"":0.03,""max_depth"":3,""n_estimators"":300,""subsample"":0.8}",xgboost.sklearn
B4-Hardware__XGBoost,B4-Hardware,XGBoost,x_model_architecture_family,categorical,0,outer_test_permutation,outer_train_only,242,63,281.11084741822935,0.0,0.0,10,"{""colsample_bytree"":0.8,""learning_rate"":0.03,""max_depth"":3,""n_estimators"":300,""subsample"":0.8}",xgboost.sklearn
B4-Hardware__XGBoost,B4-Hardware,XGBoost,x_model_attention_variant,categorical,0,outer_test_permutation,outer_train_only,242,63,281.11084741822935,0.0,0.0,10,"{""colsample_bytree"":0.8,""learning_rate"":0.03,""max_depth"":3,""n_estimators"":300,""subsample"":0.8}",xgboost.sklearn
B4-Hardware__XGBoost,B4-Hardware,XGBoost,x_model_mlp_structure,categorical,0,outer_test_permutation,outer_train_only,242,63,281.11084741822935,0.0,0.0,10,"{""colsample_bytree"":0.8,""learning_rate"":0.03,""max_depth"":3,""n_estimators"":300,""subsample"":0.8}",xgboost.sklearn
B4-Hardware__XGBoost,B4-Hardware,XGBoost,x_hardware_num_gpus,numeric,1,outer_test_permutation,outer_train_only,252,53,142.32927544183207,363.043772626863,56.518913126846634,10,"{""colsample_bytree"":0.8,""learning_rate"":0.03,""max_depth"":3,""n_estimators"":300,""subsample"":0.8}",xgboost.sklearn
B4-Hardware__XGBoost,B4-Hardware,XGBoost,x_deployment_max_num_seqs,numeric,1,outer_test_permutation,outer_train_only,252,53,142.32927544183207,32.188968520344375,9.204983546430828,10,"{""colsample_bytree"":0.8,""learning_rate"":0.03,""max_depth"":3,""n_estimators"":300,""subsample"":0.8}",xgboost.sklearn
B4-Hardware__XGBoost,B4-Hardware,XGBoost,x_deployment_tensor_parallel,numeric,1,outer_test_permutation,outer_train_only,252,53,142.32927544183207,0.0,0.0,10,"{""colsample_bytree"":0.8,""learning_rate"":0.03,""max_depth"":3,""n_estimators"":300,""subsample"":0.8}",xgboost.sklearn
B4-Hardware__XGBoost,B4-Hardware,XGBoost,x_deployment_data_parallel,numeric,1,outer_test_permutation,outer_train_only,252,53,142.32927544183207,0.0,0.0,10,"{""colsample_bytree"":0.8,""learning_rate"":0.03,""max_depth"":3,""n_estimators"":300,""subsample"":0.8}",xgboost.sklearn
B4-Hardware__XGBoost,B4-Hardware,XGBoost,x_deployment_expert_parallel,numeric,1,outer_test_permutation,outer_train_only,252,53,142.32927544183207,6.555629984320501,3.3217902909099717,10,"{""colsample_bytree"":0.8,""learning_rate"":0.03,""max_depth"":3,""n_estimators"":300,""subsample"":0.8}",xgboost.sklearn
B4-Hardware__XGBoost,B4-Hardware,XGBoost,x_model_benchmark_total_params_billions,numeric,1,outer_test_permutation,outer_train_only,252,53,142.32927544183207,258.16868173503156,41.59350498617476,10,"{""colsample_bytree"":0.8,""learning_rate"":0.03,""max_depth"":3,""n_estimators"":300,""subsample"":0.8}",xgboost.sklearn
B4-Hardware__XGBoost,B4-Hardware,XGBoost,x_model_benchmark_activated_params_billions,numeric,1,outer_test_permutation,outer_train_only,252,53,142.32927544183207,4.15108569672536,1.781764077821894,10,"{""colsample_bytree"":0.8,""learning_rate"":0.03,""max_depth"":3,""n_estimators"":300,""subsample"":0.8}",xgboost.sklearn
B4-Hardware__XGBoost,B4-Hardware,XGBoost,x_model_num_layers,numeric,1,outer_test_permutation,outer_train_only,252,53,142.32927544183207,-1.7792384309588614,1.1536216727315618,10,"{""colsample_bytree"":0.8,""learning_rate"":0.03,""max_depth"":3,""n_estimators"":300,""subsample"":0.8}",xgboost.sklearn
B4-Hardware__XGBoost,B4-Hardware,XGBoost,x_model_hidden_size,numeric,1,outer_test_permutation,outer_train_only,252,53,142.32927544183207,-1.1448863479326206,0.6695935188916993,10,"{""colsample_bytree"":0.8,""learning_rate"":0.03,""max_depth"":3,""n_estimators"":300,""subsample"":0.8}",xgboost.sklearn
B4-Hardware__XGBoost,B4-Hardware,XGBoost,x_model_intermediate_size,numeric,1,outer_test_permutation,outer_train_only,252,53,142.32927544183207,0.7084339645673736,0.9020177629659983,10,"{""colsample_bytree"":0.8,""learning_rate"":0.03,""max_depth"":3,""n_estimators"":300,""subsample"":0.8}",xgboost.sklearn
B4-Hardware__XGBoost,B4-Hardware,XGBoost,x_model_num_attention_heads,numeric,1,outer_test_permutation,outer_train_only,252,53,142.32927544183207,-0.0667820192732762,0.08750296223029745,10,"{""colsample_bytree"":0.8,""learning_rate"":0.03,""max_depth"":3,""n_estimators"":300,""subsample"":0.8}",xgboost.sklearn
B4-Hardware__XGBoost,B4-Hardware,XGBoost,x_model_num_key_value_heads,numeric,1,outer_test_permutation,outer_train_only,252,53,142.32927544183207,0.0,0.0,10,"{""colsample_bytree"":0.8,""learning_rate"":0.03,""max_depth"":3,""n_estimators"":300,""subsample"":0.8}",xgboost.sklearn
B4-Hardware__XGBoost,B4-Hardware,XGBoost,x_model_vocab_size,numeric,1,outer_test_permutation,outer_train_only,252,53,142.32927544183207,0.0,0.0,10,"{""colsample_bytree"":0.8,""learning_rate"":0.03,""max_depth"":3,""n_estimators"":300,""subsample"":0.8}",xgboost.sklearn
B4-Hardware__XGBoost,B4-Hardware,XGBoost,x_model_context_length,numeric,1,outer_test_permutation,outer_train_only,252,53,142.32927544183207,0.0,0.0,10,"{""colsample_bytree"":0.8,""learning_rate"":0.03,""max_depth"":3,""n_estimators"":300,""subsample"":0.8}",xgboost.sklearn
B4-Hardware__XGBoost,B4-Hardware,XGBoost,x_model_head_dim,numeric,1,outer_test_permutation,outer_train_only,252,53,142.32927544183207,0.0,0.0,10,"{""colsample_bytree"":0.8,""learning_rate"":0.03,""max_depth"":3,""n_estimators"":300,""subsample"":0.8}",xgboost.sklearn
B4-Hardware__XGBoost,B4-Hardware,XGBoost,x_workload_effective_input_tokens_mean,numeric,1,outer_test_permutation,outer_train_only,252,53,142.32927544183207,1.2109605897147844,0.3721596211804018,10,"{""colsample_bytree"":0.8,""learning_rate"":0.03,""max_depth"":3,""n_estimators"":300,""subsample"":0.8}",xgboost.sklearn
B4-Hardware__XGBoost,B4-Hardware,XGBoost,x_workload_effective_input_tokens_p50,numeric,1,outer_test_permutation,outer_train_only,252,53,142.32927544183207,1.745980083214795,0.6369980396259155,10,"{""colsample_bytree"":0.8,""learning_rate"":0.03,""max_depth"":3,""n_estimators"":300,""subsample"":0.8}",xgboost.sklearn
B4-Hardware__XGBoost,B4-Hardware,XGBoost,x_workload_effective_input_tokens_p90,numeric,1,outer_test_permutation,outer_train_only,252,53,142.32927544183207,-0.5861871683372499,0.3216365981830416,10,"{""colsample_bytree"":0.8,""learning_rate"":0.03,""max_depth"":3,""n_estimators"":300,""subsample"":0.8}",xgboost.sklearn
B4-Hardware__XGBoost,B4-Hardware,XGBoost,x_workload_effective_input_tokens_p95,numeric,1,outer_test_permutation,outer_train_only,252,53,142.32927544183207,0.08152961011204525,0.13625009200904425,10,"{""colsample_bytree"":0.8,""learning_rate"":0.03,""max_depth"":3,""n_estimators"":300,""subsample"":0.8}",xgboost.sklearn
B4-Hardware__XGBoost,B4-Hardware,XGBoost,x_workload_effective_input_tokens_min,numeric,1,outer_test_permutation,outer_train_only,252,53,142.32927544183207,-0.1324450222950901,0.09396373418096614,10,"{""colsample_bytree"":0.8,""learning_rate"":0.03,""max_depth"":3,""n_estimators"":300,""subsample"":0.8}",xgboost.sklearn
B4-Hardware__XGBoost,B4-Hardware,XGBoost,x_workload_effective_input_tokens_max,numeric,1,outer_test_permutation,outer_train_only,252,53,142.32927544183207,0.0,0.0,10,"{""colsample_bytree"":0.8,""learning_rate"":0.03,""max_depth"":3,""n_estimators"":300,""subsample"":0.8}",xgboost.sklearn
B4-Hardware__XGBoost,B4-Hardware,XGBoost,x_workload_effective_input_tokens_std,numeric,1,outer_test_permutation,outer_train_only,252,53,142.32927544183207,0.0,0.0,10,"{""colsample_bytree"":0.8,""learning_rate"":0.03,""max_depth"":3,""n_estimators"":300,""subsample"":0.8}",xgboost.sklearn
B4-Hardware__XGBoost,B4-Hardware,XGBoost,x_workload_effective_input_tokens_second_moment,numeric,1,outer_test_permutation,outer_train_only,252,53,142.32927544183207,0.0,0.0,10,"{""colsample_bytree"":0.8,""learning_rate"":0.03,""max_depth"":3,""n_estimators"":300,""subsample"":0.8}",xgboost.sklearn
B4-Hardware__XGBoost,B4-Hardware,XGBoost,x_workload_effective_input_tokens_rms,numeric,1,outer_test_permutation,outer_train_only,252,53,142.32927544183207,0.0,0.0,10,"{""colsample_bytree"":0.8,""learning_rate"":0.03,""max_depth"":3,""n_estimators"":300,""subsample"":0.8}",xgboost.sklearn
B4-Hardware__XGBoost,B4-Hardware,XGBoost,x_workload_effective_input_tokens_cv,numeric,1,outer_test_permutation,outer_train_only,252,53,142.32927544183207,0.0,0.0,10,"{""colsample_bytree"":0.8,""learning_rate"":0.03,""max_depth"":3,""n_estimators"":300,""subsample"":0.8}",xgboost.sklearn
B4-Hardware__XGBoost,B4-Hardware,XGBoost,x_physics_prefill_projection_flop_per_request,numeric,1,outer_test_permutation,outer_train_only,252,53,142.32927544183207,2.0036668463395957,3.6489860589228322,10,"{""colsample_bytree"":0.8,""learning_rate"":0.03,""max_depth"":3,""n_estimators"":300,""subsample"":0.8}",xgboost.sklearn
B4-Hardware__XGBoost,B4-Hardware,XGBoost,x_physics_prefill_attention_flop_per_request,numeric,1,outer_test_permutation,outer_train_only,252,53,142.32927544183207,0.0,0.0,10,"{""colsample_bytree"":0.8,""learning_rate"":0.03,""max_depth"":3,""n_estimators"":300,""subsample"":0.8}",xgboost.sklearn
B4-Hardware__XGBoost,B4-Hardware,XGBoost,x_physics_prefill_mlp_flop_per_request,numeric,1,outer_test_permutation,outer_train_only,252,53,142.32927544183207,-0.014938239331505088,0.24926020004185745,10,"{""colsample_bytree"":0.8,""learning_rate"":0.03,""max_depth"":3,""n_estimators"":300,""subsample"":0.8}",xgboost.sklearn
B4-Hardware__XGBoost,B4-Hardware,XGBoost,x_physics_prefill_total_flop_per_request,numeric,1,outer_test_permutation,outer_train_only,252,53,142.32927544183207,0.05415321206148747,0.06439163003780156,10,"{""colsample_bytree"":0.8,""learning_rate"":0.03,""max_depth"":3,""n_estimators"":300,""subsample"":0.8}",xgboost.sklearn
B4-Hardware__XGBoost,B4-Hardware,XGBoost,x_physics_prefill_total_flop_per_input_token,numeric,1,outer_test_permutation,outer_train_only,252,53,142.32927544183207,-0.24059787966168927,0.09191756950425446,10,"{""colsample_bytree"":0.8,""learning_rate"":0.03,""max_depth"":3,""n_estimators"":300,""subsample"":0.8}",xgboost.sklearn
B4-Hardware__XGBoost,B4-Hardware,XGBoost,x_physics_kv_cache_prefill_mean_request_bytes,numeric,1,outer_test_permutation,outer_train_only,252,53,142.32927544183207,-3.1710574743882516,1.3005054631118345,10,"{""colsample_bytree"":0.8,""learning_rate"":0.03,""max_depth"":3,""n_estimators"":300,""subsample"":0.8}",xgboost.sklearn
B4-Hardware__XGBoost,B4-Hardware,XGBoost,x_physics_kv_cache_prefill_max_request_bytes,numeric,1,outer_test_permutation,outer_train_only,252,53,142.32927544183207,0.0,0.0,10,"{""colsample_bytree"":0.8,""learning_rate"":0.03,""max_depth"":3,""n_estimators"":300,""subsample"":0.8}",xgboost.sklearn
B4-Hardware__XGBoost,B4-Hardware,XGBoost,x_physics_weight_bytes_per_gpu_ideal,numeric,1,outer_test_permutation,outer_train_only,252,53,142.32927544183207,1.1172610876695301,1.0457017082509146,10,"{""colsample_bytree"":0.8,""learning_rate"":0.03,""max_depth"":3,""n_estimators"":300,""subsample"":0.8}",xgboost.sklearn
B4-Hardware__XGBoost,B4-Hardware,XGBoost,x_physics_decode_one_token_flop_per_request_mean,numeric,1,outer_test_permutation,outer_train_only,252,53,142.32927544183207,-0.049594979915966064,0.028726136663683323,10,"{""colsample_bytree"":0.8,""learning_rate"":0.03,""max_depth"":3,""n_estimators"":300,""subsample"":0.8}",xgboost.sklearn
B4-Hardware__XGBoost,B4-Hardware,XGBoost,x_physics_decode_one_token_flop_per_request_p90,numeric,1,outer_test_permutation,outer_train_only,252,53,142.32927544183207,0.0,0.0,10,"{""colsample_bytree"":0.8,""learning_rate"":0.03,""max_depth"":3,""n_estimators"":300,""subsample"":0.8}",xgboost.sklearn
B4-Hardware__XGBoost,B4-Hardware,XGBoost,x_physics_decode_one_token_flop_per_request_p95,numeric,1,outer_test_permutation,outer_train_only,252,53,142.32927544183207,0.0,0.0,10,"{""colsample_bytree"":0.8,""learning_rate"":0.03,""max_depth"":3,""n_estimators"":300,""subsample"":0.8}",xgboost.sklearn
B4-Hardware__XGBoost,B4-Hardware,XGBoost,x_physics_decode_one_token_flop_per_request_max,numeric,1,outer_test_permutation,outer_train_only,252,53,142.32927544183207,-0.0029669995577705777,0.009382071789005296,10,"{""colsample_bytree"":0.8,""learning_rate"":0.03,""max_depth"":3,""n_estimators"":300,""subsample"":0.8}",xgboost.sklearn
B4-Hardware__XGBoost,B4-Hardware,XGBoost,x_hardware_peak_compute_bf16_dense_tflops,numeric,1,outer_test_permutation,outer_train_only,252,53,142.32927544183207,2.672981694059561,1.203104808987284,10,"{""colsample_bytree"":0.8,""learning_rate"":0.03,""max_depth"":3,""n_estimators"":300,""subsample"":0.8}",xgboost.sklearn
B4-Hardware__XGBoost,B4-Hardware,XGBoost,x_hardware_peak_compute_fp8_dense_tflops,numeric,1,outer_test_permutation,outer_train_only,252,53,142.32927544183207,-0.06623235738501307,0.8360538923445257,10,"{""colsample_bytree"":0.8,""learning_rate"":0.03,""max_depth"":3,""n_estimators"":300,""subsample"":0.8}",xgboost.sklearn
B4-Hardware__XGBoost,B4-Hardware,XGBoost,x_hardware_precision_matched_peak_compute_tflops,numeric,1,outer_test_permutation,outer_train_only,252,53,142.32927544183207,8.140410683493633,4.326426113208986,10,"{""colsample_bytree"":0.8,""learning_rate"":0.03,""max_depth"":3,""n_estimators"":300,""subsample"":0.8}",xgboost.sklearn
B4-Hardware__XGBoost,B4-Hardware,XGBoost,x_hardware_hbm_bandwidth_gbps,numeric,1,outer_test_permutation,outer_train_only,252,53,142.32927544183207,0.0,0.0,10,"{""colsample_bytree"":0.8,""learning_rate"":0.03,""max_depth"":3,""n_estimators"":300,""subsample"":0.8}",xgboost.sklearn
B4-Hardware__XGBoost,B4-Hardware,XGBoost,x_hardware_hbm_capacity_gb,numeric,1,outer_test_permutation,outer_train_only,252,53,142.32927544183207,0.0,0.0,10,"{""colsample_bytree"":0.8,""learning_rate"":0.03,""max_depth"":3,""n_estimators"":300,""subsample"":0.8}",xgboost.sklearn
B4-Hardware__XGBoost,B4-Hardware,XGBoost,x_hardware_rated_power_w,numeric,1,outer_test_permutation,outer_train_only,252,53,142.32927544183207,0.0,0.0,10,"{""colsample_bytree"":0.8,""learning_rate"":0.03,""max_depth"":3,""n_estimators"":300,""subsample"":0.8}",xgboost.sklearn
B4-Hardware__XGBoost,B4-Hardware,XGBoost,x_hardware_interconnect_bandwidth_gbps,numeric,1,outer_test_permutation,outer_train_only,252,53,142.32927544183207,0.0,0.0,10,"{""colsample_bytree"":0.8,""learning_rate"":0.03,""max_depth"":3,""n_estimators"":300,""subsample"":0.8}",xgboost.sklearn
B4-Hardware__XGBoost,B4-Hardware,XGBoost,x_hardware_aggregate_rated_power_w,numeric,1,outer_test_permutation,outer_train_only,252,53,142.32927544183207,355.7259432455004,42.26027115238461,10,"{""colsample_bytree"":0.8,""learning_rate"":0.03,""max_depth"":3,""n_estimators"":300,""subsample"":0.8}",xgboost.sklearn
B4-Hardware__XGBoost,B4-Hardware,XGBoost,x_hardware_gpu_model,categorical,1,outer_test_permutation,outer_train_only,252,53,142.32927544183207,0.0,0.0,10,"{""colsample_bytree"":0.8,""learning_rate"":0.03,""max_depth"":3,""n_estimators"":300,""subsample"":0.8}",xgboost.sklearn
B4-Hardware__XGBoost,B4-Hardware,XGBoost,x_model_benchmark_architecture,categorical,1,outer_test_permutation,outer_train_only,252,53,142.32927544183207,0.0,0.0,10,"{""colsample_bytree"":0.8,""learning_rate"":0.03,""max_depth"":3,""n_estimators"":300,""subsample"":0.8}",xgboost.sklearn
B4-Hardware__XGBoost,B4-Hardware,XGBoost,x_model_benchmark_weight_precision,categorical,1,outer_test_permutation,outer_train_only,252,53,142.32927544183207,0.33190180940449066,0.7832584275809699,10,"{""colsample_bytree"":0.8,""learning_rate"":0.03,""max_depth"":3,""n_estimators"":300,""subsample"":0.8}",xgboost.sklearn
B4-Hardware__XGBoost,B4-Hardware,XGBoost,x_model_architecture_family,categorical,1,outer_test_permutation,outer_train_only,252,53,142.32927544183207,0.0,0.0,10,"{""colsample_bytree"":0.8,""learning_rate"":0.03,""max_depth"":3,""n_estimators"":300,""subsample"":0.8}",xgboost.sklearn
B4-Hardware__XGBoost,B4-Hardware,XGBoost,x_model_attention_variant,categorical,1,outer_test_permutation,outer_train_only,252,53,142.32927544183207,0.0,0.0,10,"{""colsample_bytree"":0.8,""learning_rate"":0.03,""max_depth"":3,""n_estimators"":300,""subsample"":0.8}",xgboost.sklearn
B4-Hardware__XGBoost,B4-Hardware,XGBoost,x_model_mlp_structure,categorical,1,outer_test_permutation,outer_train_only,252,53,142.32927544183207,0.0,0.0,10,"{""colsample_bytree"":0.8,""learning_rate"":0.03,""max_depth"":3,""n_estimators"":300,""subsample"":0.8}",xgboost.sklearn
B4-Hardware__XGBoost,B4-Hardware,XGBoost,x_hardware_num_gpus,numeric,2,outer_test_permutation,outer_train_only,240,65,93.75946583047529,40.423331598860095,6.735230769645443,10,"{""colsample_bytree"":0.8,""learning_rate"":0.03,""max_depth"":3,""n_estimators"":300,""subsample"":0.8}",xgboost.sklearn
B4-Hardware__XGBoost,B4-Hardware,XGBoost,x_deployment_max_num_seqs,numeric,2,outer_test_permutation,outer_train_only,240,65,93.75946583047529,43.1996398748924,10.06292365262773,10,"{""colsample_bytree"":0.8,""learning_rate"":0.03,""max_depth"":3,""n_estimators"":300,""subsample"":0.8}",xgboost.sklearn
B4-Hardware__XGBoost,B4-Hardware,XGBoost,x_deployment_tensor_parallel,numeric,2,outer_test_permutation,outer_train_only,240,65,93.75946583047529,0.0,0.0,10,"{""colsample_bytree"":0.8,""learning_rate"":0.03,""max_depth"":3,""n_estimators"":300,""subsample"":0.8}",xgboost.sklearn
B4-Hardware__XGBoost,B4-Hardware,XGBoost,x_deployment_data_parallel,numeric,2,outer_test_permutation,outer_train_only,240,65,93.75946583047529,0.0,0.0,10,"{""colsample_bytree"":0.8,""learning_rate"":0.03,""max_depth"":3,""n_estimators"":300,""subsample"":0.8}",xgboost.sklearn
B4-Hardware__XGBoost,B4-Hardware,XGBoost,x_deployment_expert_parallel,numeric,2,outer_test_permutation,outer_train_only,240,65,93.75946583047529,0.04692119891826678,0.08765996485669614,10,"{""colsample_bytree"":0.8,""learning_rate"":0.03,""max_depth"":3,""n_estimators"":300,""subsample"":0.8}",xgboost.sklearn
B4-Hardware__XGBoost,B4-Hardware,XGBoost,x_model_benchmark_total_params_billions,numeric,2,outer_test_permutation,outer_train_only,240,65,93.75946583047529,-0.5302027775691116,0.054672234136852745,10,"{""colsample_bytree"":0.8,""learning_rate"":0.03,""max_depth"":3,""n_estimators"":300,""subsample"":0.8}",xgboost.sklearn
B4-Hardware__XGBoost,B4-Hardware,XGBoost,x_model_benchmark_activated_params_billions,numeric,2,outer_test_permutation,outer_train_only,240,65,93.75946583047529,-1.1914161513093688,0.3460487570924926,10,"{""colsample_bytree"":0.8,""learning_rate"":0.03,""max_depth"":3,""n_estimators"":300,""subsample"":0.8}",xgboost.sklearn
B4-Hardware__XGBoost,B4-Hardware,XGBoost,x_model_num_layers,numeric,2,outer_test_permutation,outer_train_only,240,65,93.75946583047529,1.9041262331826174,0.5336102841090671,10,"{""colsample_bytree"":0.8,""learning_rate"":0.03,""max_depth"":3,""n_estimators"":300,""subsample"":0.8}",xgboost.sklearn
B4-Hardware__XGBoost,B4-Hardware,XGBoost,x_model_hidden_size,numeric,2,outer_test_permutation,outer_train_only,240,65,93.75946583047529,0.3954798302283621,0.08063614991371051,10,"{""colsample_bytree"":0.8,""learning_rate"":0.03,""max_depth"":3,""n_estimators"":300,""subsample"":0.8}",xgboost.sklearn
B4-Hardware__XGBoost,B4-Hardware,XGBoost,x_model_intermediate_size,numeric,2,outer_test_permutation,outer_train_only,240,65,93.75946583047529,-0.6298225285456738,0.17956549373267852,10,"{""colsample_bytree"":0.8,""learning_rate"":0.03,""max_depth"":3,""n_estimators"":300,""subsample"":0.8}",xgboost.sklearn
B4-Hardware__XGBoost,B4-Hardware,XGBoost,x_model_num_attention_heads,numeric,2,outer_test_permutation,outer_train_only,240,65,93.75946583047529,0.0,0.0,10,"{""colsample_bytree"":0.8,""learning_rate"":0.03,""max_depth"":3,""n_estimators"":300,""subsample"":0.8}",xgboost.sklearn
B4-Hardware__XGBoost,B4-Hardware,XGBoost,x_model_num_key_value_heads,numeric,2,outer_test_permutation,outer_train_only,240,65,93.75946583047529,-0.12562537560096274,0.14920045568986606,10,"{""colsample_bytree"":0.8,""learning_rate"":0.03,""max_depth"":3,""n_estimators"":300,""subsample"":0.8}",xgboost.sklearn
B4-Hardware__XGBoost,B4-Hardware,XGBoost,x_model_vocab_size,numeric,2,outer_test_permutation,outer_train_only,240,65,93.75946583047529,0.0,0.0,10,"{""colsample_bytree"":0.8,""learning_rate"":0.03,""max_depth"":3,""n_estimators"":300,""subsample"":0.8}",xgboost.sklearn
B4-Hardware__XGBoost,B4-Hardware,XGBoost,x_model_context_length,numeric,2,outer_test_permutation,outer_train_only,240,65,93.75946583047529,0.10456693209134187,0.05907207728855061,10,"{""colsample_bytree"":0.8,""learning_rate"":0.03,""max_depth"":3,""n_estimators"":300,""subsample"":0.8}",xgboost.sklearn
B4-Hardware__XGBoost,B4-Hardware,XGBoost,x_model_head_dim,numeric,2,outer_test_permutation,outer_train_only,240,65,93.75946583047529,0.0,0.0,10,"{""colsample_bytree"":0.8,""learning_rate"":0.03,""max_depth"":3,""n_estimators"":300,""subsample"":0.8}",xgboost.sklearn
B4-Hardware__XGBoost,B4-Hardware,XGBoost,x_workload_effective_input_tokens_mean,numeric,2,outer_test_permutation,outer_train_only,240,65,93.75946583047529,7.873064017391878,2.701259015676279,10,"{""colsample_bytree"":0.8,""learning_rate"":0.03,""max_depth"":3,""n_estimators"":300,""subsample"":0.8}",xgboost.sklearn
B4-Hardware__XGBoost,B4-Hardware,XGBoost,x_workload_effective_input_tokens_p50,numeric,2,outer_test_permutation,outer_train_only,240,65,93.75946583047529,4.511741373138882,0.9884305927907326,10,"{""colsample_bytree"":0.8,""learning_rate"":0.03,""max_depth"":3,""n_estimators"":300,""subsample"":0.8}",xgboost.sklearn
B4-Hardware__XGBoost,B4-Hardware,XGBoost,x_workload_effective_input_tokens_p90,numeric,2,outer_test_permutation,outer_train_only,240,65,93.75946583047529,1.0410917331758198,0.13143814310651777,10,"{""colsample_bytree"":0.8,""learning_rate"":0.03,""max_depth"":3,""n_estimators"":300,""subsample"":0.8}",xgboost.sklearn
B4-Hardware__XGBoost,B4-Hardware,XGBoost,x_workload_effective_input_tokens_p95,numeric,2,outer_test_permutation,outer_train_only,240,65,93.75946583047529,-0.09166480431189825,0.09995479639183957,10,"{""colsample_bytree"":0.8,""learning_rate"":0.03,""max_depth"":3,""n_estimators"":300,""subsample"":0.8}",xgboost.sklearn
B4-Hardware__XGBoost,B4-Hardware,XGBoost,x_workload_effective_input_tokens_min,numeric,2,outer_test_permutation,outer_train_only,240,65,93.75946583047529,4.063408525972287,0.9673083237767074,10,"{""colsample_bytree"":0.8,""learning_rate"":0.03,""max_depth"":3,""n_estimators"":300,""subsample"":0.8}",xgboost.sklearn
B4-Hardware__XGBoost,B4-Hardware,XGBoost,x_workload_effective_input_tokens_max,numeric,2,outer_test_permutation,outer_train_only,240,65,93.75946583047529,0.0,0.0,10,"{""colsample_bytree"":0.8,""learning_rate"":0.03,""max_depth"":3,""n_estimators"":300,""subsample"":0.8}",xgboost.sklearn
B4-Hardware__XGBoost,B4-Hardware,XGBoost,x_workload_effective_input_tokens_std,numeric,2,outer_test_permutation,outer_train_only,240,65,93.75946583047529,0.0,0.0,10,"{""colsample_bytree"":0.8,""learning_rate"":0.03,""max_depth"":3,""n_estimators"":300,""subsample"":0.8}",xgboost.sklearn
B4-Hardware__XGBoost,B4-Hardware,XGBoost,x_workload_effective_input_tokens_second_moment,numeric,2,outer_test_permutation,outer_train_only,240,65,93.75946583047529,0.036142343374395126,0.007243012502725001,10,"{""colsample_bytree"":0.8,""learning_rate"":0.03,""max_depth"":3,""n_estimators"":300,""subsample"":0.8}",xgboost.sklearn
B4-Hardware__XGBoost,B4-Hardware,XGBoost,x_workload_effective_input_tokens_rms,numeric,2,outer_test_permutation,outer_train_only,240,65,93.75946583047529,0.0,0.0,10,"{""colsample_bytree"":0.8,""learning_rate"":0.03,""max_depth"":3,""n_estimators"":300,""subsample"":0.8}",xgboost.sklearn
B4-Hardware__XGBoost,B4-Hardware,XGBoost,x_workload_effective_input_tokens_cv,numeric,2,outer_test_permutation,outer_train_only,240,65,93.75946583047529,1.518036076472353,0.2862442725897196,10,"{""colsample_bytree"":0.8,""learning_rate"":0.03,""max_depth"":3,""n_estimators"":300,""subsample"":0.8}",xgboost.sklearn
B4-Hardware__XGBoost,B4-Hardware,XGBoost,x_physics_prefill_projection_flop_per_request,numeric,2,outer_test_permutation,outer_train_only,240,65,93.75946583047529,16.56390559335958,4.590663380593875,10,"{""colsample_bytree"":0.8,""learning_rate"":0.03,""max_depth"":3,""n_estimators"":300,""subsample"":0.8}",xgboost.sklearn
B4-Hardware__XGBoost,B4-Hardware,XGBoost,x_physics_prefill_attention_flop_per_request,numeric,2,outer_test_permutation,outer_train_only,240,65,93.75946583047529,2.9476149577717563,0.5478918507223252,10,"{""colsample_bytree"":0.8,""learning_rate"":0.03,""max_depth"":3,""n_estimators"":300,""subsample"":0.8}",xgboost.sklearn
B4-Hardware__XGBoost,B4-Hardware,XGBoost,x_physics_prefill_mlp_flop_per_request,numeric,2,outer_test_permutation,outer_train_only,240,65,93.75946583047529,-0.2856382399338969,0.1267533146082861,10,"{""colsample_bytree"":0.8,""learning_rate"":0.03,""max_depth"":3,""n_estimators"":300,""subsample"":0.8}",xgboost.sklearn
B4-Hardware__XGBoost,B4-Hardware,XGBoost,x_physics_prefill_total_flop_per_request,numeric,2,outer_test_permutation,outer_train_only,240,65,93.75946583047529,-0.06274883563701934,0.07245615947387869,10,"{""colsample_bytree"":0.8,""learning_rate"":0.03,""max_depth"":3,""n_estimators"":300,""subsample"":0.8}",xgboost.sklearn
B4-Hardware__XGBoost,B4-Hardware,XGBoost,x_physics_prefill_total_flop_per_input_token,numeric,2,outer_test_permutation,outer_train_only,240,65,93.75946583047529,-0.1433073073167094,0.04473506219725511,10,"{""colsample_bytree"":0.8,""learning_rate"":0.03,""max_depth"":3,""n_estimators"":300,""subsample"":0.8}",xgboost.sklearn
B4-Hardware__XGBoost,B4-Hardware,XGBoost,x_physics_kv_cache_prefill_mean_request_bytes,numeric,2,outer_test_permutation,outer_train_only,240,65,93.75946583047529,1.1233358448394015,0.3695854956386375,10,"{""colsample_bytree"":0.8,""learning_rate"":0.03,""max_depth"":3,""n_estimators"":300,""subsample"":0.8}",xgboost.sklearn
B4-Hardware__XGBoost,B4-Hardware,XGBoost,x_physics_kv_cache_prefill_max_request_bytes,numeric,2,outer_test_permutation,outer_train_only,240,65,93.75946583047529,0.0,0.0,10,"{""colsample_bytree"":0.8,""learning_rate"":0.03,""max_depth"":3,""n_estimators"":300,""subsample"":0.8}",xgboost.sklearn
B4-Hardware__XGBoost,B4-Hardware,XGBoost,x_physics_weight_bytes_per_gpu_ideal,numeric,2,outer_test_permutation,outer_train_only,240,65,93.75946583047529,0.8486712262024667,0.5451263904630089,10,"{""colsample_bytree"":0.8,""learning_rate"":0.03,""max_depth"":3,""n_estimators"":300,""subsample"":0.8}",xgboost.sklearn
B4-Hardware__XGBoost,B4-Hardware,XGBoost,x_physics_decode_one_token_flop_per_request_mean,numeric,2,outer_test_permutation,outer_train_only,240,65,93.75946583047529,0.0,0.0,10,"{""colsample_bytree"":0.8,""learning_rate"":0.03,""max_depth"":3,""n_estimators"":300,""subsample"":0.8}",xgboost.sklearn
B4-Hardware__XGBoost,B4-Hardware,XGBoost,x_physics_decode_one_token_flop_per_request_p90,numeric,2,outer_test_permutation,outer_train_only,240,65,93.75946583047529,0.0,0.0,10,"{""colsample_bytree"":0.8,""learning_rate"":0.03,""max_depth"":3,""n_estimators"":300,""subsample"":0.8}",xgboost.sklearn
B4-Hardware__XGBoost,B4-Hardware,XGBoost,x_physics_decode_one_token_flop_per_request_p95,numeric,2,outer_test_permutation,outer_train_only,240,65,93.75946583047529,0.0,0.0,10,"{""colsample_bytree"":0.8,""learning_rate"":0.03,""max_depth"":3,""n_estimators"":300,""subsample"":0.8}",xgboost.sklearn
B4-Hardware__XGBoost,B4-Hardware,XGBoost,x_physics_decode_one_token_flop_per_request_max,numeric,2,outer_test_permutation,outer_train_only,240,65,93.75946583047529,0.0,0.0,10,"{""colsample_bytree"":0.8,""learning_rate"":0.03,""max_depth"":3,""n_estimators"":300,""subsample"":0.8}",xgboost.sklearn
B4-Hardware__XGBoost,B4-Hardware,XGBoost,x_hardware_peak_compute_bf16_dense_tflops,numeric,2,outer_test_permutation,outer_train_only,240,65,93.75946583047529,0.5853320278053786,0.581074592255735,10,"{""colsample_bytree"":0.8,""learning_rate"":0.03,""max_depth"":3,""n_estimators"":300,""subsample"":0.8}",xgboost.sklearn
B4-Hardware__XGBoost,B4-Hardware,XGBoost,x_hardware_peak_compute_fp8_dense_tflops,numeric,2,outer_test_permutation,outer_train_only,240,65,93.75946583047529,-0.09597022423377552,0.3766057509861613,10,"{""colsample_bytree"":0.8,""learning_rate"":0.03,""max_depth"":3,""n_estimators"":300,""subsample"":0.8}",xgboost.sklearn
B4-Hardware__XGBoost,B4-Hardware,XGBoost,x_hardware_precision_matched_peak_compute_tflops,numeric,2,outer_test_permutation,outer_train_only,240,65,93.75946583047529,-0.30904996431790865,0.33622497283138697,10,"{""colsample_bytree"":0.8,""learning_rate"":0.03,""max_depth"":3,""n_estimators"":300,""subsample"":0.8}",xgboost.sklearn
B4-Hardware__XGBoost,B4-Hardware,XGBoost,x_hardware_hbm_bandwidth_gbps,numeric,2,outer_test_permutation,outer_train_only,240,65,93.75946583047529,0.0,0.0,10,"{""colsample_bytree"":0.8,""learning_rate"":0.03,""max_depth"":3,""n_estimators"":300,""subsample"":0.8}",xgboost.sklearn
B4-Hardware__XGBoost,B4-Hardware,XGBoost,x_hardware_hbm_capacity_gb,numeric,2,outer_test_permutation,outer_train_only,240,65,93.75946583047529,0.0,0.0,10,"{""colsample_bytree"":0.8,""learning_rate"":0.03,""max_depth"":3,""n_estimators"":300,""subsample"":0.8}",xgboost.sklearn
B4-Hardware__XGBoost,B4-Hardware,XGBoost,x_hardware_rated_power_w,numeric,2,outer_test_permutation,outer_train_only,240,65,93.75946583047529,0.0,0.0,10,"{""colsample_bytree"":0.8,""learning_rate"":0.03,""max_depth"":3,""n_estimators"":300,""subsample"":0.8}",xgboost.sklearn
B4-Hardware__XGBoost,B4-Hardware,XGBoost,x_hardware_interconnect_bandwidth_gbps,numeric,2,outer_test_permutation,outer_train_only,240,65,93.75946583047529,0.0,0.0,10,"{""colsample_bytree"":0.8,""learning_rate"":0.03,""max_depth"":3,""n_estimators"":300,""subsample"":0.8}",xgboost.sklearn
B4-Hardware__XGBoost,B4-Hardware,XGBoost,x_hardware_aggregate_rated_power_w,numeric,2,outer_test_permutation,outer_train_only,240,65,93.75946583047529,36.05677289849747,8.78884412314915,10,"{""colsample_bytree"":0.8,""learning_rate"":0.03,""max_depth"":3,""n_estimators"":300,""subsample"":0.8}",xgboost.sklearn
B4-Hardware__XGBoost,B4-Hardware,XGBoost,x_hardware_gpu_model,categorical,2,outer_test_permutation,outer_train_only,240,65,93.75946583047529,0.0,0.0,10,"{""colsample_bytree"":0.8,""learning_rate"":0.03,""max_depth"":3,""n_estimators"":300,""subsample"":0.8}",xgboost.sklearn
B4-Hardware__XGBoost,B4-Hardware,XGBoost,x_model_benchmark_architecture,categorical,2,outer_test_permutation,outer_train_only,240,65,93.75946583047529,0.0,0.0,10,"{""colsample_bytree"":0.8,""learning_rate"":0.03,""max_depth"":3,""n_estimators"":300,""subsample"":0.8}",xgboost.sklearn
B4-Hardware__XGBoost,B4-Hardware,XGBoost,x_model_benchmark_weight_precision,categorical,2,outer_test_permutation,outer_train_only,240,65,93.75946583047529,0.0,0.0,10,"{""colsample_bytree"":0.8,""learning_rate"":0.03,""max_depth"":3,""n_estimators"":300,""subsample"":0.8}",xgboost.sklearn
B4-Hardware__XGBoost,B4-Hardware,XGBoost,x_model_architecture_family,categorical,2,outer_test_permutation,outer_train_only,240,65,93.75946583047529,0.0,0.0,10,"{""colsample_bytree"":0.8,""learning_rate"":0.03,""max_depth"":3,""n_estimators"":300,""subsample"":0.8}",xgboost.sklearn
B4-Hardware__XGBoost,B4-Hardware,XGBoost,x_model_attention_variant,categorical,2,outer_test_permutation,outer_train_only,240,65,93.75946583047529,0.0,0.0,10,"{""colsample_bytree"":0.8,""learning_rate"":0.03,""max_depth"":3,""n_estimators"":300,""subsample"":0.8}",xgboost.sklearn
B4-Hardware__XGBoost,B4-Hardware,XGBoost,x_model_mlp_structure,categorical,2,outer_test_permutation,outer_train_only,240,65,93.75946583047529,0.0,0.0,10,"{""colsample_bytree"":0.8,""learning_rate"":0.03,""max_depth"":3,""n_estimators"":300,""subsample"":0.8}",xgboost.sklearn
B4-Hardware__XGBoost,B4-Hardware,XGBoost,x_hardware_num_gpus,numeric,3,outer_test_permutation,outer_train_only,243,62,255.33780918032346,472.20720467070043,39.536946158768934,10,"{""colsample_bytree"":0.8,""learning_rate"":0.03,""max_depth"":3,""n_estimators"":300,""subsample"":0.8}",xgboost.sklearn
B4-Hardware__XGBoost,B4-Hardware,XGBoost,x_deployment_max_num_seqs,numeric,3,outer_test_permutation,outer_train_only,243,62,255.33780918032346,81.82680254652298,26.74862611887483,10,"{""colsample_bytree"":0.8,""learning_rate"":0.03,""max_depth"":3,""n_estimators"":300,""subsample"":0.8}",xgboost.sklearn
B4-Hardware__XGBoost,B4-Hardware,XGBoost,x_deployment_tensor_parallel,numeric,3,outer_test_permutation,outer_train_only,243,62,255.33780918032346,0.0,0.0,10,"{""colsample_bytree"":0.8,""learning_rate"":0.03,""max_depth"":3,""n_estimators"":300,""subsample"":0.8}",xgboost.sklearn
B4-Hardware__XGBoost,B4-Hardware,XGBoost,x_deployment_data_parallel,numeric,3,outer_test_permutation,outer_train_only,243,62,255.33780918032346,0.0,0.0,10,"{""colsample_bytree"":0.8,""learning_rate"":0.03,""max_depth"":3,""n_estimators"":300,""subsample"":0.8}",xgboost.sklearn
B4-Hardware__XGBoost,B4-Hardware,XGBoost,x_deployment_expert_parallel,numeric,3,outer_test_permutation,outer_train_only,243,62,255.33780918032346,-1.8521878609094302,5.979552600845737,10,"{""colsample_bytree"":0.8,""learning_rate"":0.03,""max_depth"":3,""n_estimators"":300,""subsample"":0.8}",xgboost.sklearn
B4-Hardware__XGBoost,B4-Hardware,XGBoost,x_model_benchmark_total_params_billions,numeric,3,outer_test_permutation,outer_train_only,243,62,255.33780918032346,66.36761741069441,16.887037292459553,10,"{""colsample_bytree"":0.8,""learning_rate"":0.03,""max_depth"":3,""n_estimators"":300,""subsample"":0.8}",xgboost.sklearn
B4-Hardware__XGBoost,B4-Hardware,XGBoost,x_model_benchmark_activated_params_billions,numeric,3,outer_test_permutation,outer_train_only,243,62,255.33780918032346,-4.621448298507294,1.6538933313317812,10,"{""colsample_bytree"":0.8,""learning_rate"":0.03,""max_depth"":3,""n_estimators"":300,""subsample"":0.8}",xgboost.sklearn
B4-Hardware__XGBoost,B4-Hardware,XGBoost,x_model_num_layers,numeric,3,outer_test_permutation,outer_train_only,243,62,255.33780918032346,-0.5219015306042053,0.35185163396209473,10,"{""colsample_bytree"":0.8,""learning_rate"":0.03,""max_depth"":3,""n_estimators"":300,""subsample"":0.8}",xgboost.sklearn
B4-Hardware__XGBoost,B4-Hardware,XGBoost,x_model_hidden_size,numeric,3,outer_test_permutation,outer_train_only,243,62,255.33780918032346,0.0,0.0,10,"{""colsample_bytree"":0.8,""learning_rate"":0.03,""max_depth"":3,""n_estimators"":300,""subsample"":0.8}",xgboost.sklearn
B4-Hardware__XGBoost,B4-Hardware,XGBoost,x_model_intermediate_size,numeric,3,outer_test_permutation,outer_train_only,243,62,255.33780918032346,0.0,0.0,10,"{""colsample_bytree"":0.8,""learning_rate"":0.03,""max_depth"":3,""n_estimators"":300,""subsample"":0.8}",xgboost.sklearn
B4-Hardware__XGBoost,B4-Hardware,XGBoost,x_model_num_attention_heads,numeric,3,outer_test_permutation,outer_train_only,243,62,255.33780918032346,0.15571919102823414,0.04065913643516048,10,"{""colsample_bytree"":0.8,""learning_rate"":0.03,""max_depth"":3,""n_estimators"":300,""subsample"":0.8}",xgboost.sklearn
B4-Hardware__XGBoost,B4-Hardware,XGBoost,x_model_num_key_value_heads,numeric,3,outer_test_permutation,outer_train_only,243,62,255.33780918032346,-0.12167520830707587,0.03444256025608948,10,"{""colsample_bytree"":0.8,""learning_rate"":0.03,""max_depth"":3,""n_estimators"":300,""subsample"":0.8}",xgboost.sklearn
B4-Hardware__XGBoost,B4-Hardware,XGBoost,x_model_vocab_size,numeric,3,outer_test_permutation,outer_train_only,243,62,255.33780918032346,-0.013375460716986254,0.0051408196168699636,10,"{""colsample_bytree"":0.8,""learning_rate"":0.03,""max_depth"":3,""n_estimators"":300,""subsample"":0.8}",xgboost.sklearn
B4-Hardware__XGBoost,B4-Hardware,XGBoost,x_model_context_length,numeric,3,outer_test_permutation,outer_train_only,243,62,255.33780918032346,0.0,0.0,10,"{""colsample_bytree"":0.8,""learning_rate"":0.03,""max_depth"":3,""n_estimators"":300,""subsample"":0.8}",xgboost.sklearn
B4-Hardware__XGBoost,B4-Hardware,XGBoost,x_model_head_dim,numeric,3,outer_test_permutation,outer_train_only,243,62,255.33780918032346,0.0,0.0,10,"{""colsample_bytree"":0.8,""learning_rate"":0.03,""max_depth"":3,""n_estimators"":300,""subsample"":0.8}",xgboost.sklearn
B4-Hardware__XGBoost,B4-Hardware,XGBoost,x_workload_effective_input_tokens_mean,numeric,3,outer_test_permutation,outer_train_only,243,62,255.33780918032346,3.308953335995733,1.7008253765596804,10,"{""colsample_bytree"":0.8,""learning_rate"":0.03,""max_depth"":3,""n_estimators"":300,""subsample"":0.8}",xgboost.sklearn
B4-Hardware__XGBoost,B4-Hardware,XGBoost,x_workload_effective_input_tokens_p50,numeric,3,outer_test_permutation,outer_train_only,243,62,255.33780918032346,-0.6231260782640845,3.4032492928412195,10,"{""colsample_bytree"":0.8,""learning_rate"":0.03,""max_depth"":3,""n_estimators"":300,""subsample"":0.8}",xgboost.sklearn
B4-Hardware__XGBoost,B4-Hardware,XGBoost,x_workload_effective_input_tokens_p90,numeric,3,outer_test_permutation,outer_train_only,243,62,255.33780918032346,0.43920435041634676,0.17884781741241845,10,"{""colsample_bytree"":0.8,""learning_rate"":0.03,""max_depth"":3,""n_estimators"":300,""subsample"":0.8}",xgboost.sklearn
B4-Hardware__XGBoost,B4-Hardware,XGBoost,x_workload_effective_input_tokens_p95,numeric,3,outer_test_permutation,outer_train_only,243,62,255.33780918032346,-4.5486127820868205,3.0739557461595166,10,"{""colsample_bytree"":0.8,""learning_rate"":0.03,""max_depth"":3,""n_estimators"":300,""subsample"":0.8}",xgboost.sklearn
B4-Hardware__XGBoost,B4-Hardware,XGBoost,x_workload_effective_input_tokens_min,numeric,3,outer_test_permutation,outer_train_only,243,62,255.33780918032346,-0.033117089378475836,0.21509790671156775,10,"{""colsample_bytree"":0.8,""learning_rate"":0.03,""max_depth"":3,""n_estimators"":300,""subsample"":0.8}",xgboost.sklearn
B4-Hardware__XGBoost,B4-Hardware,XGBoost,x_workload_effective_input_tokens_max,numeric,3,outer_test_permutation,outer_train_only,243,62,255.33780918032346,0.058040200510336606,0.04561237082549589,10,"{""colsample_bytree"":0.8,""learning_rate"":0.03,""max_depth"":3,""n_estimators"":300,""subsample"":0.8}",xgboost.sklearn
B4-Hardware__XGBoost,B4-Hardware,XGBoost,x_workload_effective_input_tokens_std,numeric,3,outer_test_permutation,outer_train_only,243,62,255.33780918032346,0.0,0.0,10,"{""colsample_bytree"":0.8,""learning_rate"":0.03,""max_depth"":3,""n_estimators"":300,""subsample"":0.8}",xgboost.sklearn
B4-Hardware__XGBoost,B4-Hardware,XGBoost,x_workload_effective_input_tokens_second_moment,numeric,3,outer_test_permutation,outer_train_only,243,62,255.33780918032346,0.0,0.0,10,"{""colsample_bytree"":0.8,""learning_rate"":0.03,""max_depth"":3,""n_estimators"":300,""subsample"":0.8}",xgboost.sklearn
B4-Hardware__XGBoost,B4-Hardware,XGBoost,x_workload_effective_input_tokens_rms,numeric,3,outer_test_permutation,outer_train_only,243,62,255.33780918032346,0.0,0.0,10,"{""colsample_bytree"":0.8,""learning_rate"":0.03,""max_depth"":3,""n_estimators"":300,""subsample"":0.8}",xgboost.sklearn
B4-Hardware__XGBoost,B4-Hardware,XGBoost,x_workload_effective_input_tokens_cv,numeric,3,outer_test_permutation,outer_train_only,243,62,255.33780918032346,0.0,0.0,10,"{""colsample_bytree"":0.8,""learning_rate"":0.03,""max_depth"":3,""n_estimators"":300,""subsample"":0.8}",xgboost.sklearn
B4-Hardware__XGBoost,B4-Hardware,XGBoost,x_physics_prefill_projection_flop_per_request,numeric,3,outer_test_permutation,outer_train_only,243,62,255.33780918032346,2.272904020306595,0.7091526378690787,10,"{""colsample_bytree"":0.8,""learning_rate"":0.03,""max_depth"":3,""n_estimators"":300,""subsample"":0.8}",xgboost.sklearn
B4-Hardware__XGBoost,B4-Hardware,XGBoost,x_physics_prefill_attention_flop_per_request,numeric,3,outer_test_permutation,outer_train_only,243,62,255.33780918032346,0.6230296812943493,1.1376615378624317,10,"{""colsample_bytree"":0.8,""learning_rate"":0.03,""max_depth"":3,""n_estimators"":300,""subsample"":0.8}",xgboost.sklearn
B4-Hardware__XGBoost,B4-Hardware,XGBoost,x_physics_prefill_mlp_flop_per_request,numeric,3,outer_test_permutation,outer_train_only,243,62,255.33780918032346,2.6208460464899646,1.5429035454070053,10,"{""colsample_bytree"":0.8,""learning_rate"":0.03,""max_depth"":3,""n_estimators"":300,""subsample"":0.8}",xgboost.sklearn
B4-Hardware__XGBoost,B4-Hardware,XGBoost,x_physics_prefill_total_flop_per_request,numeric,3,outer_test_permutation,outer_train_only,243,62,255.33780918032346,-0.039990135931196845,0.014874877533339123,10,"{""colsample_bytree"":0.8,""learning_rate"":0.03,""max_depth"":3,""n_estimators"":300,""subsample"":0.8}",xgboost.sklearn
B4-Hardware__XGBoost,B4-Hardware,XGBoost,x_physics_prefill_total_flop_per_input_token,numeric,3,outer_test_permutation,outer_train_only,243,62,255.33780918032346,-0.048789239698842836,0.05928403509997698,10,"{""colsample_bytree"":0.8,""learning_rate"":0.03,""max_depth"":3,""n_estimators"":300,""subsample"":0.8}",xgboost.sklearn
B4-Hardware__XGBoost,B4-Hardware,XGBoost,x_physics_kv_cache_prefill_mean_request_bytes,numeric,3,outer_test_permutation,outer_train_only,243,62,255.33780918032346,0.5462774633430059,0.36786006860025544,10,"{""colsample_bytree"":0.8,""learning_rate"":0.03,""max_depth"":3,""n_estimators"":300,""subsample"":0.8}",xgboost.sklearn
B4-Hardware__XGBoost,B4-Hardware,XGBoost,x_physics_kv_cache_prefill_max_request_bytes,numeric,3,outer_test_permutation,outer_train_only,243,62,255.33780918032346,0.11624086441532314,0.17006069926082462,10,"{""colsample_bytree"":0.8,""learning_rate"":0.03,""max_depth"":3,""n_estimators"":300,""subsample"":0.8}",xgboost.sklearn
B4-Hardware__XGBoost,B4-Hardware,XGBoost,x_physics_weight_bytes_per_gpu_ideal,numeric,3,outer_test_permutation,outer_train_only,243,62,255.33780918032346,4.96439554157202,4.463531080778577,10,"{""colsample_bytree"":0.8,""learning_rate"":0.03,""max_depth"":3,""n_estimators"":300,""subsample"":0.8}",xgboost.sklearn
B4-Hardware__XGBoost,B4-Hardware,XGBoost,x_physics_decode_one_token_flop_per_request_mean,numeric,3,outer_test_permutation,outer_train_only,243,62,255.33780918032346,0.0,0.0,10,"{""colsample_bytree"":0.8,""learning_rate"":0.03,""max_depth"":3,""n_estimators"":300,""subsample"":0.8}",xgboost.sklearn
B4-Hardware__XGBoost,B4-Hardware,XGBoost,x_physics_decode_one_token_flop_per_request_p90,numeric,3,outer_test_permutation,outer_train_only,243,62,255.33780918032346,0.0,0.0,10,"{""colsample_bytree"":0.8,""learning_rate"":0.03,""max_depth"":3,""n_estimators"":300,""subsample"":0.8}",xgboost.sklearn
B4-Hardware__XGBoost,B4-Hardware,XGBoost,x_physics_decode_one_token_flop_per_request_p95,numeric,3,outer_test_permutation,outer_train_only,243,62,255.33780918032346,0.0,0.0,10,"{""colsample_bytree"":0.8,""learning_rate"":0.03,""max_depth"":3,""n_estimators"":300,""subsample"":0.8}",xgboost.sklearn
B4-Hardware__XGBoost,B4-Hardware,XGBoost,x_physics_decode_one_token_flop_per_request_max,numeric,3,outer_test_permutation,outer_train_only,243,62,255.33780918032346,0.0,0.0,10,"{""colsample_bytree"":0.8,""learning_rate"":0.03,""max_depth"":3,""n_estimators"":300,""subsample"":0.8}",xgboost.sklearn
B4-Hardware__XGBoost,B4-Hardware,XGBoost,x_hardware_peak_compute_bf16_dense_tflops,numeric,3,outer_test_permutation,outer_train_only,243,62,255.33780918032346,3.076073554969875,1.6990056985846067,10,"{""colsample_bytree"":0.8,""learning_rate"":0.03,""max_depth"":3,""n_estimators"":300,""subsample"":0.8}",xgboost.sklearn
B4-Hardware__XGBoost,B4-Hardware,XGBoost,x_hardware_peak_compute_fp8_dense_tflops,numeric,3,outer_test_permutation,outer_train_only,243,62,255.33780918032346,-0.08496083905619685,0.03051419439381812,10,"{""colsample_bytree"":0.8,""learning_rate"":0.03,""max_depth"":3,""n_estimators"":300,""subsample"":0.8}",xgboost.sklearn
B4-Hardware__XGBoost,B4-Hardware,XGBoost,x_hardware_precision_matched_peak_compute_tflops,numeric,3,outer_test_permutation,outer_train_only,243,62,255.33780918032346,-6.354177552544305,4.54381717771594,10,"{""colsample_bytree"":0.8,""learning_rate"":0.03,""max_depth"":3,""n_estimators"":300,""subsample"":0.8}",xgboost.sklearn
B4-Hardware__XGBoost,B4-Hardware,XGBoost,x_hardware_hbm_bandwidth_gbps,numeric,3,outer_test_permutation,outer_train_only,243,62,255.33780918032346,0.0,0.0,10,"{""colsample_bytree"":0.8,""learning_rate"":0.03,""max_depth"":3,""n_estimators"":300,""subsample"":0.8}",xgboost.sklearn
B4-Hardware__XGBoost,B4-Hardware,XGBoost,x_hardware_hbm_capacity_gb,numeric,3,outer_test_permutation,outer_train_only,243,62,255.33780918032346,0.0,0.0,10,"{""colsample_bytree"":0.8,""learning_rate"":0.03,""max_depth"":3,""n_estimators"":300,""subsample"":0.8}",xgboost.sklearn
B4-Hardware__XGBoost,B4-Hardware,XGBoost,x_hardware_rated_power_w,numeric,3,outer_test_permutation,outer_train_only,243,62,255.33780918032346,0.0,0.0,10,"{""colsample_bytree"":0.8,""learning_rate"":0.03,""max_depth"":3,""n_estimators"":300,""subsample"":0.8}",xgboost.sklearn
B4-Hardware__XGBoost,B4-Hardware,XGBoost,x_hardware_interconnect_bandwidth_gbps,numeric,3,outer_test_permutation,outer_train_only,243,62,255.33780918032346,0.0,0.0,10,"{""colsample_bytree"":0.8,""learning_rate"":0.03,""max_depth"":3,""n_estimators"":300,""subsample"":0.8}",xgboost.sklearn
B4-Hardware__XGBoost,B4-Hardware,XGBoost,x_hardware_aggregate_rated_power_w,numeric,3,outer_test_permutation,outer_train_only,243,62,255.33780918032346,599.5449472547396,67.46079035387888,10,"{""colsample_bytree"":0.8,""learning_rate"":0.03,""max_depth"":3,""n_estimators"":300,""subsample"":0.8}",xgboost.sklearn
B4-Hardware__XGBoost,B4-Hardware,XGBoost,x_hardware_gpu_model,categorical,3,outer_test_permutation,outer_train_only,243,62,255.33780918032346,0.0,0.0,10,"{""colsample_bytree"":0.8,""learning_rate"":0.03,""max_depth"":3,""n_estimators"":300,""subsample"":0.8}",xgboost.sklearn
B4-Hardware__XGBoost,B4-Hardware,XGBoost,x_model_benchmark_architecture,categorical,3,outer_test_permutation,outer_train_only,243,62,255.33780918032346,0.0,0.0,10,"{""colsample_bytree"":0.8,""learning_rate"":0.03,""max_depth"":3,""n_estimators"":300,""subsample"":0.8}",xgboost.sklearn
B4-Hardware__XGBoost,B4-Hardware,XGBoost,x_model_benchmark_weight_precision,categorical,3,outer_test_permutation,outer_train_only,243,62,255.33780918032346,0.0,0.0,10,"{""colsample_bytree"":0.8,""learning_rate"":0.03,""max_depth"":3,""n_estimators"":300,""subsample"":0.8}",xgboost.sklearn
B4-Hardware__XGBoost,B4-Hardware,XGBoost,x_model_architecture_family,categorical,3,outer_test_permutation,outer_train_only,243,62,255.33780918032346,0.0,0.0,10,"{""colsample_bytree"":0.8,""learning_rate"":0.03,""max_depth"":3,""n_estimators"":300,""subsample"":0.8}",xgboost.sklearn
B4-Hardware__XGBoost,B4-Hardware,XGBoost,x_model_attention_variant,categorical,3,outer_test_permutation,outer_train_only,243,62,255.33780918032346,0.0,0.0,10,"{""colsample_bytree"":0.8,""learning_rate"":0.03,""max_depth"":3,""n_estimators"":300,""subsample"":0.8}",xgboost.sklearn
B4-Hardware__XGBoost,B4-Hardware,XGBoost,x_model_mlp_structure,categorical,3,outer_test_permutation,outer_train_only,243,62,255.33780918032346,0.0,0.0,10,"{""colsample_bytree"":0.8,""learning_rate"":0.03,""max_depth"":3,""n_estimators"":300,""subsample"":0.8}",xgboost.sklearn
B4-Hardware__XGBoost,B4-Hardware,XGBoost,x_hardware_num_gpus,numeric,4,outer_test_permutation,outer_train_only,243,62,244.4002721058207,574.4588352401179,52.584245491911865,10,"{""colsample_bytree"":0.8,""learning_rate"":0.05,""max_depth"":4,""n_estimators"":200,""subsample"":0.7}",xgboost.sklearn
B4-Hardware__XGBoost,B4-Hardware,XGBoost,x_deployment_max_num_seqs,numeric,4,outer_test_permutation,outer_train_only,243,62,244.4002721058207,61.51168106796697,16.639042700620287,10,"{""colsample_bytree"":0.8,""learning_rate"":0.05,""max_depth"":4,""n_estimators"":200,""subsample"":0.7}",xgboost.sklearn
B4-Hardware__XGBoost,B4-Hardware,XGBoost,x_deployment_tensor_parallel,numeric,4,outer_test_permutation,outer_train_only,243,62,244.4002721058207,0.0,0.0,10,"{""colsample_bytree"":0.8,""learning_rate"":0.05,""max_depth"":4,""n_estimators"":200,""subsample"":0.7}",xgboost.sklearn
B4-Hardware__XGBoost,B4-Hardware,XGBoost,x_deployment_data_parallel,numeric,4,outer_test_permutation,outer_train_only,243,62,244.4002721058207,0.0,0.0,10,"{""colsample_bytree"":0.8,""learning_rate"":0.05,""max_depth"":4,""n_estimators"":200,""subsample"":0.7}",xgboost.sklearn
B4-Hardware__XGBoost,B4-Hardware,XGBoost,x_deployment_expert_parallel,numeric,4,outer_test_permutation,outer_train_only,243,62,244.4002721058207,30.020948801066613,6.389025986820993,10,"{""colsample_bytree"":0.8,""learning_rate"":0.05,""max_depth"":4,""n_estimators"":200,""subsample"":0.7}",xgboost.sklearn
B4-Hardware__XGBoost,B4-Hardware,XGBoost,x_model_benchmark_total_params_billions,numeric,4,outer_test_permutation,outer_train_only,243,62,244.4002721058207,389.8772171666268,56.8850649541607,10,"{""colsample_bytree"":0.8,""learning_rate"":0.05,""max_depth"":4,""n_estimators"":200,""subsample"":0.7}",xgboost.sklearn
B4-Hardware__XGBoost,B4-Hardware,XGBoost,x_model_benchmark_activated_params_billions,numeric,4,outer_test_permutation,outer_train_only,243,62,244.4002721058207,10.537459691234858,2.013627817391535,10,"{""colsample_bytree"":0.8,""learning_rate"":0.05,""max_depth"":4,""n_estimators"":200,""subsample"":0.7}",xgboost.sklearn
B4-Hardware__XGBoost,B4-Hardware,XGBoost,x_model_num_layers,numeric,4,outer_test_permutation,outer_train_only,243,62,244.4002721058207,13.153959560272051,2.7876391045173987,10,"{""colsample_bytree"":0.8,""learning_rate"":0.05,""max_depth"":4,""n_estimators"":200,""subsample"":0.7}",xgboost.sklearn
B4-Hardware__XGBoost,B4-Hardware,XGBoost,x_model_hidden_size,numeric,4,outer_test_permutation,outer_train_only,243,62,244.4002721058207,1.3470174643818182,0.7391944812840471,10,"{""colsample_bytree"":0.8,""learning_rate"":0.05,""max_depth"":4,""n_estimators"":200,""subsample"":0.7}",xgboost.sklearn
B4-Hardware__XGBoost,B4-Hardware,XGBoost,x_model_intermediate_size,numeric,4,outer_test_permutation,outer_train_only,243,62,244.4002721058207,0.19207694761215635,0.08097930194859923,10,"{""colsample_bytree"":0.8,""learning_rate"":0.05,""max_depth"":4,""n_estimators"":200,""subsample"":0.7}",xgboost.sklearn
B4-Hardware__XGBoost,B4-Hardware,XGBoost,x_model_num_attention_heads,numeric,4,outer_test_permutation,outer_train_only,243,62,244.4002721058207,-0.6385644926018074,0.4137982578477879,10,"{""colsample_bytree"":0.8,""learning_rate"":0.05,""max_depth"":4,""n_estimators"":200,""subsample"":0.7}",xgboost.sklearn
B4-Hardware__XGBoost,B4-Hardware,XGBoost,x_model_num_key_value_heads,numeric,4,outer_test_permutation,outer_train_only,243,62,244.4002721058207,-0.12671638447667705,0.042124113996775354,10,"{""colsample_bytree"":0.8,""learning_rate"":0.05,""max_depth"":4,""n_estimators"":200,""subsample"":0.7}",xgboost.sklearn
B4-Hardware__XGBoost,B4-Hardware,XGBoost,x_model_vocab_size,numeric,4,outer_test_permutation,outer_train_only,243,62,244.4002721058207,0.0,0.0,10,"{""colsample_bytree"":0.8,""learning_rate"":0.05,""max_depth"":4,""n_estimators"":200,""subsample"":0.7}",xgboost.sklearn
B4-Hardware__XGBoost,B4-Hardware,XGBoost,x_model_context_length,numeric,4,outer_test_permutation,outer_train_only,243,62,244.4002721058207,0.48064864276081776,0.4111617817900072,10,"{""colsample_bytree"":0.8,""learning_rate"":0.05,""max_depth"":4,""n_estimators"":200,""subsample"":0.7}",xgboost.sklearn
B4-Hardware__XGBoost,B4-Hardware,XGBoost,x_model_head_dim,numeric,4,outer_test_permutation,outer_train_only,243,62,244.4002721058207,0.0,0.0,10,"{""colsample_bytree"":0.8,""learning_rate"":0.05,""max_depth"":4,""n_estimators"":200,""subsample"":0.7}",xgboost.sklearn
B4-Hardware__XGBoost,B4-Hardware,XGBoost,x_workload_effective_input_tokens_mean,numeric,4,outer_test_permutation,outer_train_only,243,62,244.4002721058207,16.247544028115133,3.344941530548524,10,"{""colsample_bytree"":0.8,""learning_rate"":0.05,""max_depth"":4,""n_estimators"":200,""subsample"":0.7}",xgboost.sklearn
B4-Hardware__XGBoost,B4-Hardware,XGBoost,x_workload_effective_input_tokens_p50,numeric,4,outer_test_permutation,outer_train_only,243,62,244.4002721058207,16.755863059451542,3.0702082598997755,10,"{""colsample_bytree"":0.8,""learning_rate"":0.05,""max_depth"":4,""n_estimators"":200,""subsample"":0.7}",xgboost.sklearn
B4-Hardware__XGBoost,B4-Hardware,XGBoost,x_workload_effective_input_tokens_p90,numeric,4,outer_test_permutation,outer_train_only,243,62,244.4002721058207,0.8186768935675588,0.22452692180631748,10,"{""colsample_bytree"":0.8,""learning_rate"":0.05,""max_depth"":4,""n_estimators"":200,""subsample"":0.7}",xgboost.sklearn
B4-Hardware__XGBoost,B4-Hardware,XGBoost,x_workload_effective_input_tokens_p95,numeric,4,outer_test_permutation,outer_train_only,243,62,244.4002721058207,1.2796324699155832,0.2640900492396528,10,"{""colsample_bytree"":0.8,""learning_rate"":0.05,""max_depth"":4,""n_estimators"":200,""subsample"":0.7}",xgboost.sklearn
B4-Hardware__XGBoost,B4-Hardware,XGBoost,x_workload_effective_input_tokens_min,numeric,4,outer_test_permutation,outer_train_only,243,62,244.4002721058207,1.3079491588571102,0.4586836455515134,10,"{""colsample_bytree"":0.8,""learning_rate"":0.05,""max_depth"":4,""n_estimators"":200,""subsample"":0.7}",xgboost.sklearn
B4-Hardware__XGBoost,B4-Hardware,XGBoost,x_workload_effective_input_tokens_max,numeric,4,outer_test_permutation,outer_train_only,243,62,244.4002721058207,0.08376248267389882,0.08927962153180576,10,"{""colsample_bytree"":0.8,""learning_rate"":0.05,""max_depth"":4,""n_estimators"":200,""subsample"":0.7}",xgboost.sklearn
B4-Hardware__XGBoost,B4-Hardware,XGBoost,x_workload_effective_input_tokens_std,numeric,4,outer_test_permutation,outer_train_only,243,62,244.4002721058207,0.0,0.0,10,"{""colsample_bytree"":0.8,""learning_rate"":0.05,""max_depth"":4,""n_estimators"":200,""subsample"":0.7}",xgboost.sklearn
B4-Hardware__XGBoost,B4-Hardware,XGBoost,x_workload_effective_input_tokens_second_moment,numeric,4,outer_test_permutation,outer_train_only,243,62,244.4002721058207,0.08248743857107854,0.09012902505515083,10,"{""colsample_bytree"":0.8,""learning_rate"":0.05,""max_depth"":4,""n_estimators"":200,""subsample"":0.7}",xgboost.sklearn
B4-Hardware__XGBoost,B4-Hardware,XGBoost,x_workload_effective_input_tokens_rms,numeric,4,outer_test_permutation,outer_train_only,243,62,244.4002721058207,0.0,0.0,10,"{""colsample_bytree"":0.8,""learning_rate"":0.05,""max_depth"":4,""n_estimators"":200,""subsample"":0.7}",xgboost.sklearn
B4-Hardware__XGBoost,B4-Hardware,XGBoost,x_workload_effective_input_tokens_cv,numeric,4,outer_test_permutation,outer_train_only,243,62,244.4002721058207,-0.0008740825037762079,0.004018036489960076,10,"{""colsample_bytree"":0.8,""learning_rate"":0.05,""max_depth"":4,""n_estimators"":200,""subsample"":0.7}",xgboost.sklearn
B4-Hardware__XGBoost,B4-Hardware,XGBoost,x_physics_prefill_projection_flop_per_request,numeric,4,outer_test_permutation,outer_train_only,243,62,244.4002721058207,36.321109946127564,12.583766902820203,10,"{""colsample_bytree"":0.8,""learning_rate"":0.05,""max_depth"":4,""n_estimators"":200,""subsample"":0.7}",xgboost.sklearn
B4-Hardware__XGBoost,B4-Hardware,XGBoost,x_physics_prefill_attention_flop_per_request,numeric,4,outer_test_permutation,outer_train_only,243,62,244.4002721058207,6.635289710952224,1.8457042414227685,10,"{""colsample_bytree"":0.8,""learning_rate"":0.05,""max_depth"":4,""n_estimators"":200,""subsample"":0.7}",xgboost.sklearn
B4-Hardware__XGBoost,B4-Hardware,XGBoost,x_physics_prefill_mlp_flop_per_request,numeric,4,outer_test_permutation,outer_train_only,243,62,244.4002721058207,2.9638568766680122,0.8143782942546671,10,"{""colsample_bytree"":0.8,""learning_rate"":0.05,""max_depth"":4,""n_estimators"":200,""subsample"":0.7}",xgboost.sklearn
B4-Hardware__XGBoost,B4-Hardware,XGBoost,x_physics_prefill_total_flop_per_request,numeric,4,outer_test_permutation,outer_train_only,243,62,244.4002721058207,-0.1929088961693509,0.20493010172140075,10,"{""colsample_bytree"":0.8,""learning_rate"":0.05,""max_depth"":4,""n_estimators"":200,""subsample"":0.7}",xgboost.sklearn
B4-Hardware__XGBoost,B4-Hardware,XGBoost,x_physics_prefill_total_flop_per_input_token,numeric,4,outer_test_permutation,outer_train_only,243,62,244.4002721058207,1.078134734725151,0.6100596867716179,10,"{""colsample_bytree"":0.8,""learning_rate"":0.05,""max_depth"":4,""n_estimators"":200,""subsample"":0.7}",xgboost.sklearn
B4-Hardware__XGBoost,B4-Hardware,XGBoost,x_physics_kv_cache_prefill_mean_request_bytes,numeric,4,outer_test_permutation,outer_train_only,243,62,244.4002721058207,4.945931868931825,0.9115721175423742,10,"{""colsample_bytree"":0.8,""learning_rate"":0.05,""max_depth"":4,""n_estimators"":200,""subsample"":0.7}",xgboost.sklearn
B4-Hardware__XGBoost,B4-Hardware,XGBoost,x_physics_kv_cache_prefill_max_request_bytes,numeric,4,outer_test_permutation,outer_train_only,243,62,244.4002721058207,0.4053844821068623,0.04289563809209367,10,"{""colsample_bytree"":0.8,""learning_rate"":0.05,""max_depth"":4,""n_estimators"":200,""subsample"":0.7}",xgboost.sklearn
B4-Hardware__XGBoost,B4-Hardware,XGBoost,x_physics_weight_bytes_per_gpu_ideal,numeric,4,outer_test_permutation,outer_train_only,243,62,244.4002721058207,14.457990729220702,2.949873236898274,10,"{""colsample_bytree"":0.8,""learning_rate"":0.05,""max_depth"":4,""n_estimators"":200,""subsample"":0.7}",xgboost.sklearn
B4-Hardware__XGBoost,B4-Hardware,XGBoost,x_physics_decode_one_token_flop_per_request_mean,numeric,4,outer_test_permutation,outer_train_only,243,62,244.4002721058207,0.0,0.0,10,"{""colsample_bytree"":0.8,""learning_rate"":0.05,""max_depth"":4,""n_estimators"":200,""subsample"":0.7}",xgboost.sklearn
B4-Hardware__XGBoost,B4-Hardware,XGBoost,x_physics_decode_one_token_flop_per_request_p90,numeric,4,outer_test_permutation,outer_train_only,243,62,244.4002721058207,0.0,0.0,10,"{""colsample_bytree"":0.8,""learning_rate"":0.05,""max_depth"":4,""n_estimators"":200,""subsample"":0.7}",xgboost.sklearn
B4-Hardware__XGBoost,B4-Hardware,XGBoost,x_physics_decode_one_token_flop_per_request_p95,numeric,4,outer_test_permutation,outer_train_only,243,62,244.4002721058207,0.0,0.0,10,"{""colsample_bytree"":0.8,""learning_rate"":0.05,""max_depth"":4,""n_estimators"":200,""subsample"":0.7}",xgboost.sklearn
B4-Hardware__XGBoost,B4-Hardware,XGBoost,x_physics_decode_one_token_flop_per_request_max,numeric,4,outer_test_permutation,outer_train_only,243,62,244.4002721058207,0.9967061443867891,0.41266912099254355,10,"{""colsample_bytree"":0.8,""learning_rate"":0.05,""max_depth"":4,""n_estimators"":200,""subsample"":0.7}",xgboost.sklearn
B4-Hardware__XGBoost,B4-Hardware,XGBoost,x_hardware_peak_compute_bf16_dense_tflops,numeric,4,outer_test_permutation,outer_train_only,243,62,244.4002721058207,19.175082049701643,4.295192008566908,10,"{""colsample_bytree"":0.8,""learning_rate"":0.05,""max_depth"":4,""n_estimators"":200,""subsample"":0.7}",xgboost.sklearn
B4-Hardware__XGBoost,B4-Hardware,XGBoost,x_hardware_peak_compute_fp8_dense_tflops,numeric,4,outer_test_permutation,outer_train_only,243,62,244.4002721058207,7.026361563167683,2.513257666892172,10,"{""colsample_bytree"":0.8,""learning_rate"":0.05,""max_depth"":4,""n_estimators"":200,""subsample"":0.7}",xgboost.sklearn
B4-Hardware__XGBoost,B4-Hardware,XGBoost,x_hardware_precision_matched_peak_compute_tflops,numeric,4,outer_test_permutation,outer_train_only,243,62,244.4002721058207,17.456193424045793,7.477963027702412,10,"{""colsample_bytree"":0.8,""learning_rate"":0.05,""max_depth"":4,""n_estimators"":200,""subsample"":0.7}",xgboost.sklearn
B4-Hardware__XGBoost,B4-Hardware,XGBoost,x_hardware_hbm_bandwidth_gbps,numeric,4,outer_test_permutation,outer_train_only,243,62,244.4002721058207,0.12028749527470098,0.0982143286201487,10,"{""colsample_bytree"":0.8,""learning_rate"":0.05,""max_depth"":4,""n_estimators"":200,""subsample"":0.7}",xgboost.sklearn
B4-Hardware__XGBoost,B4-Hardware,XGBoost,x_hardware_hbm_capacity_gb,numeric,4,outer_test_permutation,outer_train_only,243,62,244.4002721058207,0.0,0.0,10,"{""colsample_bytree"":0.8,""learning_rate"":0.05,""max_depth"":4,""n_estimators"":200,""subsample"":0.7}",xgboost.sklearn
B4-Hardware__XGBoost,B4-Hardware,XGBoost,x_hardware_rated_power_w,numeric,4,outer_test_permutation,outer_train_only,243,62,244.4002721058207,0.0,0.0,10,"{""colsample_bytree"":0.8,""learning_rate"":0.05,""max_depth"":4,""n_estimators"":200,""subsample"":0.7}",xgboost.sklearn
B4-Hardware__XGBoost,B4-Hardware,XGBoost,x_hardware_interconnect_bandwidth_gbps,numeric,4,outer_test_permutation,outer_train_only,243,62,244.4002721058207,0.0,0.0,10,"{""colsample_bytree"":0.8,""learning_rate"":0.05,""max_depth"":4,""n_estimators"":200,""subsample"":0.7}",xgboost.sklearn
B4-Hardware__XGBoost,B4-Hardware,XGBoost,x_hardware_aggregate_rated_power_w,numeric,4,outer_test_permutation,outer_train_only,243,62,244.4002721058207,588.0600624048557,56.93715468379696,10,"{""colsample_bytree"":0.8,""learning_rate"":0.05,""max_depth"":4,""n_estimators"":200,""subsample"":0.7}",xgboost.sklearn
B4-Hardware__XGBoost,B4-Hardware,XGBoost,x_hardware_gpu_model,categorical,4,outer_test_permutation,outer_train_only,243,62,244.4002721058207,0.0,0.0,10,"{""colsample_bytree"":0.8,""learning_rate"":0.05,""max_depth"":4,""n_estimators"":200,""subsample"":0.7}",xgboost.sklearn
B4-Hardware__XGBoost,B4-Hardware,XGBoost,x_model_benchmark_architecture,categorical,4,outer_test_permutation,outer_train_only,243,62,244.4002721058207,0.0,0.0,10,"{""colsample_bytree"":0.8,""learning_rate"":0.05,""max_depth"":4,""n_estimators"":200,""subsample"":0.7}",xgboost.sklearn
B4-Hardware__XGBoost,B4-Hardware,XGBoost,x_model_benchmark_weight_precision,categorical,4,outer_test_permutation,outer_train_only,243,62,244.4002721058207,2.7303105008848263,1.4034098709342078,10,"{""colsample_bytree"":0.8,""learning_rate"":0.05,""max_depth"":4,""n_estimators"":200,""subsample"":0.7}",xgboost.sklearn
B4-Hardware__XGBoost,B4-Hardware,XGBoost,x_model_architecture_family,categorical,4,outer_test_permutation,outer_train_only,243,62,244.4002721058207,0.0,0.0,10,"{""colsample_bytree"":0.8,""learning_rate"":0.05,""max_depth"":4,""n_estimators"":200,""subsample"":0.7}",xgboost.sklearn
B4-Hardware__XGBoost,B4-Hardware,XGBoost,x_model_attention_variant,categorical,4,outer_test_permutation,outer_train_only,243,62,244.4002721058207,0.0,0.0,10,"{""colsample_bytree"":0.8,""learning_rate"":0.05,""max_depth"":4,""n_estimators"":200,""subsample"":0.7}",xgboost.sklearn
B4-Hardware__XGBoost,B4-Hardware,XGBoost,x_model_mlp_structure,categorical,4,outer_test_permutation,outer_train_only,243,62,244.4002721058207,0.0,0.0,10,"{""colsample_bytree"":0.8,""learning_rate"":0.05,""max_depth"":4,""n_estimators"":200,""subsample"":0.7}",xgboost.sklearn
B3-Physics__XGBoost,B3-Physics,XGBoost,x_hardware_num_gpus,numeric,0,outer_test_permutation,outer_train_only,242,63,318.4101321671927,812.919856483851,87.68129009730848,10,"{""colsample_bytree"":1.0,""learning_rate"":0.05,""max_depth"":2,""n_estimators"":200,""subsample"":1.0}",xgboost.sklearn
B3-Physics__XGBoost,B3-Physics,XGBoost,x_deployment_max_num_seqs,numeric,0,outer_test_permutation,outer_train_only,242,63,318.4101321671927,78.1197146899829,36.75004577049293,10,"{""colsample_bytree"":1.0,""learning_rate"":0.05,""max_depth"":2,""n_estimators"":200,""subsample"":1.0}",xgboost.sklearn
B3-Physics__XGBoost,B3-Physics,XGBoost,x_deployment_tensor_parallel,numeric,0,outer_test_permutation,outer_train_only,242,63,318.4101321671927,0.0,0.0,10,"{""colsample_bytree"":1.0,""learning_rate"":0.05,""max_depth"":2,""n_estimators"":200,""subsample"":1.0}",xgboost.sklearn
B3-Physics__XGBoost,B3-Physics,XGBoost,x_deployment_data_parallel,numeric,0,outer_test_permutation,outer_train_only,242,63,318.4101321671927,0.0,0.0,10,"{""colsample_bytree"":1.0,""learning_rate"":0.05,""max_depth"":2,""n_estimators"":200,""subsample"":1.0}",xgboost.sklearn
B3-Physics__XGBoost,B3-Physics,XGBoost,x_deployment_expert_parallel,numeric,0,outer_test_permutation,outer_train_only,242,63,318.4101321671927,0.0,0.0,10,"{""colsample_bytree"":1.0,""learning_rate"":0.05,""max_depth"":2,""n_estimators"":200,""subsample"":1.0}",xgboost.sklearn
B3-Physics__XGBoost,B3-Physics,XGBoost,x_model_benchmark_total_params_billions,numeric,0,outer_test_permutation,outer_train_only,242,63,318.4101321671927,700.5777079229772,86.15677117163973,10,"{""colsample_bytree"":1.0,""learning_rate"":0.05,""max_depth"":2,""n_estimators"":200,""subsample"":1.0}",xgboost.sklearn
B3-Physics__XGBoost,B3-Physics,XGBoost,x_model_benchmark_activated_params_billions,numeric,0,outer_test_permutation,outer_train_only,242,63,318.4101321671927,0.0,0.0,10,"{""colsample_bytree"":1.0,""learning_rate"":0.05,""max_depth"":2,""n_estimators"":200,""subsample"":1.0}",xgboost.sklearn
B3-Physics__XGBoost,B3-Physics,XGBoost,x_model_num_layers,numeric,0,outer_test_permutation,outer_train_only,242,63,318.4101321671927,0.0,0.0,10,"{""colsample_bytree"":1.0,""learning_rate"":0.05,""max_depth"":2,""n_estimators"":200,""subsample"":1.0}",xgboost.sklearn
B3-Physics__XGBoost,B3-Physics,XGBoost,x_model_hidden_size,numeric,0,outer_test_permutation,outer_train_only,242,63,318.4101321671927,0.0,0.0,10,"{""colsample_bytree"":1.0,""learning_rate"":0.05,""max_depth"":2,""n_estimators"":200,""subsample"":1.0}",xgboost.sklearn
B3-Physics__XGBoost,B3-Physics,XGBoost,x_model_intermediate_size,numeric,0,outer_test_permutation,outer_train_only,242,63,318.4101321671927,0.0,0.0,10,"{""colsample_bytree"":1.0,""learning_rate"":0.05,""max_depth"":2,""n_estimators"":200,""subsample"":1.0}",xgboost.sklearn
B3-Physics__XGBoost,B3-Physics,XGBoost,x_model_num_attention_heads,numeric,0,outer_test_permutation,outer_train_only,242,63,318.4101321671927,0.0,0.0,10,"{""colsample_bytree"":1.0,""learning_rate"":0.05,""max_depth"":2,""n_estimators"":200,""subsample"":1.0}",xgboost.sklearn
B3-Physics__XGBoost,B3-Physics,XGBoost,x_model_num_key_value_heads,numeric,0,outer_test_permutation,outer_train_only,242,63,318.4101321671927,0.0,0.0,10,"{""colsample_bytree"":1.0,""learning_rate"":0.05,""max_depth"":2,""n_estimators"":200,""subsample"":1.0}",xgboost.sklearn
B3-Physics__XGBoost,B3-Physics,XGBoost,x_model_vocab_size,numeric,0,outer_test_permutation,outer_train_only,242,63,318.4101321671927,0.0,0.0,10,"{""colsample_bytree"":1.0,""learning_rate"":0.05,""max_depth"":2,""n_estimators"":200,""subsample"":1.0}",xgboost.sklearn
B3-Physics__XGBoost,B3-Physics,XGBoost,x_model_context_length,numeric,0,outer_test_permutation,outer_train_only,242,63,318.4101321671927,0.0,0.0,10,"{""colsample_bytree"":1.0,""learning_rate"":0.05,""max_depth"":2,""n_estimators"":200,""subsample"":1.0}",xgboost.sklearn
B3-Physics__XGBoost,B3-Physics,XGBoost,x_model_head_dim,numeric,0,outer_test_permutation,outer_train_only,242,63,318.4101321671927,0.0,0.0,10,"{""colsample_bytree"":1.0,""learning_rate"":0.05,""max_depth"":2,""n_estimators"":200,""subsample"":1.0}",xgboost.sklearn
B3-Physics__XGBoost,B3-Physics,XGBoost,x_workload_effective_input_tokens_mean,numeric,0,outer_test_permutation,outer_train_only,242,63,318.4101321671927,-2.530851164969954,3.640671330115565,10,"{""colsample_bytree"":1.0,""learning_rate"":0.05,""max_depth"":2,""n_estimators"":200,""subsample"":1.0}",xgboost.sklearn
B3-Physics__XGBoost,B3-Physics,XGBoost,x_workload_effective_input_tokens_p50,numeric,0,outer_test_permutation,outer_train_only,242,63,318.4101321671927,-0.6667212056511176,0.5268248307564434,10,"{""colsample_bytree"":1.0,""learning_rate"":0.05,""max_depth"":2,""n_estimators"":200,""subsample"":1.0}",xgboost.sklearn
B3-Physics__XGBoost,B3-Physics,XGBoost,x_workload_effective_input_tokens_p90,numeric,0,outer_test_permutation,outer_train_only,242,63,318.4101321671927,0.0,0.0,10,"{""colsample_bytree"":1.0,""learning_rate"":0.05,""max_depth"":2,""n_estimators"":200,""subsample"":1.0}",xgboost.sklearn
B3-Physics__XGBoost,B3-Physics,XGBoost,x_workload_effective_input_tokens_p95,numeric,0,outer_test_permutation,outer_train_only,242,63,318.4101321671927,-0.053391229538692644,0.10445068929854763,10,"{""colsample_bytree"":1.0,""learning_rate"":0.05,""max_depth"":2,""n_estimators"":200,""subsample"":1.0}",xgboost.sklearn
B3-Physics__XGBoost,B3-Physics,XGBoost,x_workload_effective_input_tokens_min,numeric,0,outer_test_permutation,outer_train_only,242,63,318.4101321671927,0.0,0.0,10,"{""colsample_bytree"":1.0,""learning_rate"":0.05,""max_depth"":2,""n_estimators"":200,""subsample"":1.0}",xgboost.sklearn
B3-Physics__XGBoost,B3-Physics,XGBoost,x_workload_effective_input_tokens_max,numeric,0,outer_test_permutation,outer_train_only,242,63,318.4101321671927,0.0,0.0,10,"{""colsample_bytree"":1.0,""learning_rate"":0.05,""max_depth"":2,""n_estimators"":200,""subsample"":1.0}",xgboost.sklearn
B3-Physics__XGBoost,B3-Physics,XGBoost,x_workload_effective_input_tokens_std,numeric,0,outer_test_permutation,outer_train_only,242,63,318.4101321671927,0.0,0.0,10,"{""colsample_bytree"":1.0,""learning_rate"":0.05,""max_depth"":2,""n_estimators"":200,""subsample"":1.0}",xgboost.sklearn
B3-Physics__XGBoost,B3-Physics,XGBoost,x_workload_effective_input_tokens_second_moment,numeric,0,outer_test_permutation,outer_train_only,242,63,318.4101321671927,0.0,0.0,10,"{""colsample_bytree"":1.0,""learning_rate"":0.05,""max_depth"":2,""n_estimators"":200,""subsample"":1.0}",xgboost.sklearn
B3-Physics__XGBoost,B3-Physics,XGBoost,x_workload_effective_input_tokens_rms,numeric,0,outer_test_permutation,outer_train_only,242,63,318.4101321671927,0.0,0.0,10,"{""colsample_bytree"":1.0,""learning_rate"":0.05,""max_depth"":2,""n_estimators"":200,""subsample"":1.0}",xgboost.sklearn
B3-Physics__XGBoost,B3-Physics,XGBoost,x_workload_effective_input_tokens_cv,numeric,0,outer_test_permutation,outer_train_only,242,63,318.4101321671927,0.0,0.0,10,"{""colsample_bytree"":1.0,""learning_rate"":0.05,""max_depth"":2,""n_estimators"":200,""subsample"":1.0}",xgboost.sklearn
B3-Physics__XGBoost,B3-Physics,XGBoost,x_physics_prefill_projection_flop_per_request,numeric,0,outer_test_permutation,outer_train_only,242,63,318.4101321671927,0.05670195422077882,0.11146096536353964,10,"{""colsample_bytree"":1.0,""learning_rate"":0.05,""max_depth"":2,""n_estimators"":200,""subsample"":1.0}",xgboost.sklearn
B3-Physics__XGBoost,B3-Physics,XGBoost,x_physics_prefill_attention_flop_per_request,numeric,0,outer_test_permutation,outer_train_only,242,63,318.4101321671927,1.2593991745953588,0.6467949029009371,10,"{""colsample_bytree"":1.0,""learning_rate"":0.05,""max_depth"":2,""n_estimators"":200,""subsample"":1.0}",xgboost.sklearn
B3-Physics__XGBoost,B3-Physics,XGBoost,x_physics_prefill_mlp_flop_per_request,numeric,0,outer_test_permutation,outer_train_only,242,63,318.4101321671927,0.0,0.0,10,"{""colsample_bytree"":1.0,""learning_rate"":0.05,""max_depth"":2,""n_estimators"":200,""subsample"":1.0}",xgboost.sklearn
B3-Physics__XGBoost,B3-Physics,XGBoost,x_physics_prefill_total_flop_per_request,numeric,0,outer_test_permutation,outer_train_only,242,63,318.4101321671927,0.0,0.0,10,"{""colsample_bytree"":1.0,""learning_rate"":0.05,""max_depth"":2,""n_estimators"":200,""subsample"":1.0}",xgboost.sklearn
B3-Physics__XGBoost,B3-Physics,XGBoost,x_physics_prefill_total_flop_per_input_token,numeric,0,outer_test_permutation,outer_train_only,242,63,318.4101321671927,0.0,0.0,10,"{""colsample_bytree"":1.0,""learning_rate"":0.05,""max_depth"":2,""n_estimators"":200,""subsample"":1.0}",xgboost.sklearn
B3-Physics__XGBoost,B3-Physics,XGBoost,x_physics_kv_cache_prefill_mean_request_bytes,numeric,0,outer_test_permutation,outer_train_only,242,63,318.4101321671927,1.237509589462394,3.3438530115375493,10,"{""colsample_bytree"":1.0,""learning_rate"":0.05,""max_depth"":2,""n_estimators"":200,""subsample"":1.0}",xgboost.sklearn
B3-Physics__XGBoost,B3-Physics,XGBoost,x_physics_kv_cache_prefill_max_request_bytes,numeric,0,outer_test_permutation,outer_train_only,242,63,318.4101321671927,-0.17364161671605985,0.12348969082709116,10,"{""colsample_bytree"":1.0,""learning_rate"":0.05,""max_depth"":2,""n_estimators"":200,""subsample"":1.0}",xgboost.sklearn
B3-Physics__XGBoost,B3-Physics,XGBoost,x_physics_weight_bytes_per_gpu_ideal,numeric,0,outer_test_permutation,outer_train_only,242,63,318.4101321671927,4.874173937164966,1.2472752849145243,10,"{""colsample_bytree"":1.0,""learning_rate"":0.05,""max_depth"":2,""n_estimators"":200,""subsample"":1.0}",xgboost.sklearn
B3-Physics__XGBoost,B3-Physics,XGBoost,x_physics_decode_one_token_flop_per_request_mean,numeric,0,outer_test_permutation,outer_train_only,242,63,318.4101321671927,0.0,0.0,10,"{""colsample_bytree"":1.0,""learning_rate"":0.05,""max_depth"":2,""n_estimators"":200,""subsample"":1.0}",xgboost.sklearn
B3-Physics__XGBoost,B3-Physics,XGBoost,x_physics_decode_one_token_flop_per_request_p90,numeric,0,outer_test_permutation,outer_train_only,242,63,318.4101321671927,0.0,0.0,10,"{""colsample_bytree"":1.0,""learning_rate"":0.05,""max_depth"":2,""n_estimators"":200,""subsample"":1.0}",xgboost.sklearn
B3-Physics__XGBoost,B3-Physics,XGBoost,x_physics_decode_one_token_flop_per_request_p95,numeric,0,outer_test_permutation,outer_train_only,242,63,318.4101321671927,0.0,0.0,10,"{""colsample_bytree"":1.0,""learning_rate"":0.05,""max_depth"":2,""n_estimators"":200,""subsample"":1.0}",xgboost.sklearn
B3-Physics__XGBoost,B3-Physics,XGBoost,x_physics_decode_one_token_flop_per_request_max,numeric,0,outer_test_permutation,outer_train_only,242,63,318.4101321671927,0.0,0.0,10,"{""colsample_bytree"":1.0,""learning_rate"":0.05,""max_depth"":2,""n_estimators"":200,""subsample"":1.0}",xgboost.sklearn
B3-Physics__XGBoost,B3-Physics,XGBoost,x_hardware_gpu_model,categorical,0,outer_test_permutation,outer_train_only,242,63,318.4101321671927,89.01958101638407,32.093423033170126,10,"{""colsample_bytree"":1.0,""learning_rate"":0.05,""max_depth"":2,""n_estimators"":200,""subsample"":1.0}",xgboost.sklearn
B3-Physics__XGBoost,B3-Physics,XGBoost,x_model_benchmark_architecture,categorical,0,outer_test_permutation,outer_train_only,242,63,318.4101321671927,0.0,0.0,10,"{""colsample_bytree"":1.0,""learning_rate"":0.05,""max_depth"":2,""n_estimators"":200,""subsample"":1.0}",xgboost.sklearn
B3-Physics__XGBoost,B3-Physics,XGBoost,x_model_benchmark_weight_precision,categorical,0,outer_test_permutation,outer_train_only,242,63,318.4101321671927,-4.137221757192435,2.5181807160794984,10,"{""colsample_bytree"":1.0,""learning_rate"":0.05,""max_depth"":2,""n_estimators"":200,""subsample"":1.0}",xgboost.sklearn
B3-Physics__XGBoost,B3-Physics,XGBoost,x_model_architecture_family,categorical,0,outer_test_permutation,outer_train_only,242,63,318.4101321671927,0.0,0.0,10,"{""colsample_bytree"":1.0,""learning_rate"":0.05,""max_depth"":2,""n_estimators"":200,""subsample"":1.0}",xgboost.sklearn
B3-Physics__XGBoost,B3-Physics,XGBoost,x_model_attention_variant,categorical,0,outer_test_permutation,outer_train_only,242,63,318.4101321671927,0.0,0.0,10,"{""colsample_bytree"":1.0,""learning_rate"":0.05,""max_depth"":2,""n_estimators"":200,""subsample"":1.0}",xgboost.sklearn
B3-Physics__XGBoost,B3-Physics,XGBoost,x_model_mlp_structure,categorical,0,outer_test_permutation,outer_train_only,242,63,318.4101321671927,0.0,0.0,10,"{""colsample_bytree"":1.0,""learning_rate"":0.05,""max_depth"":2,""n_estimators"":200,""subsample"":1.0}",xgboost.sklearn
B3-Physics__XGBoost,B3-Physics,XGBoost,x_hardware_num_gpus,numeric,1,outer_test_permutation,outer_train_only,252,53,166.91529152353672,589.1639537280685,83.55708158773359,10,"{""colsample_bytree"":0.8,""learning_rate"":0.03,""max_depth"":3,""n_estimators"":300,""subsample"":0.8}",xgboost.sklearn
B3-Physics__XGBoost,B3-Physics,XGBoost,x_deployment_max_num_seqs,numeric,1,outer_test_permutation,outer_train_only,252,53,166.91529152353672,41.57704691706135,13.649516418942719,10,"{""colsample_bytree"":0.8,""learning_rate"":0.03,""max_depth"":3,""n_estimators"":300,""subsample"":0.8}",xgboost.sklearn
B3-Physics__XGBoost,B3-Physics,XGBoost,x_deployment_tensor_parallel,numeric,1,outer_test_permutation,outer_train_only,252,53,166.91529152353672,0.0,0.0,10,"{""colsample_bytree"":0.8,""learning_rate"":0.03,""max_depth"":3,""n_estimators"":300,""subsample"":0.8}",xgboost.sklearn
B3-Physics__XGBoost,B3-Physics,XGBoost,x_deployment_data_parallel,numeric,1,outer_test_permutation,outer_train_only,252,53,166.91529152353672,0.0,0.0,10,"{""colsample_bytree"":0.8,""learning_rate"":0.03,""max_depth"":3,""n_estimators"":300,""subsample"":0.8}",xgboost.sklearn
B3-Physics__XGBoost,B3-Physics,XGBoost,x_deployment_expert_parallel,numeric,1,outer_test_permutation,outer_train_only,252,53,166.91529152353672,51.612105868078494,15.017462513959556,10,"{""colsample_bytree"":0.8,""learning_rate"":0.03,""max_depth"":3,""n_estimators"":300,""subsample"":0.8}",xgboost.sklearn
B3-Physics__XGBoost,B3-Physics,XGBoost,x_model_benchmark_total_params_billions,numeric,1,outer_test_permutation,outer_train_only,252,53,166.91529152353672,351.1044267467291,53.725709939184526,10,"{""colsample_bytree"":0.8,""learning_rate"":0.03,""max_depth"":3,""n_estimators"":300,""subsample"":0.8}",xgboost.sklearn
B3-Physics__XGBoost,B3-Physics,XGBoost,x_model_benchmark_activated_params_billions,numeric,1,outer_test_permutation,outer_train_only,252,53,166.91529152353672,8.043057360527849,3.7514891096456227,10,"{""colsample_bytree"":0.8,""learning_rate"":0.03,""max_depth"":3,""n_estimators"":300,""subsample"":0.8}",xgboost.sklearn
B3-Physics__XGBoost,B3-Physics,XGBoost,x_model_num_layers,numeric,1,outer_test_permutation,outer_train_only,252,53,166.91529152353672,0.910460734817218,0.8648050896993856,10,"{""colsample_bytree"":0.8,""learning_rate"":0.03,""max_depth"":3,""n_estimators"":300,""subsample"":0.8}",xgboost.sklearn
B3-Physics__XGBoost,B3-Physics,XGBoost,x_model_hidden_size,numeric,1,outer_test_permutation,outer_train_only,252,53,166.91529152353672,-0.06443089899027825,0.03526941316604541,10,"{""colsample_bytree"":0.8,""learning_rate"":0.03,""max_depth"":3,""n_estimators"":300,""subsample"":0.8}",xgboost.sklearn
B3-Physics__XGBoost,B3-Physics,XGBoost,x_model_intermediate_size,numeric,1,outer_test_permutation,outer_train_only,252,53,166.91529152353672,-3.29152854880426,3.7489712399021258,10,"{""colsample_bytree"":0.8,""learning_rate"":0.03,""max_depth"":3,""n_estimators"":300,""subsample"":0.8}",xgboost.sklearn
B3-Physics__XGBoost,B3-Physics,XGBoost,x_model_num_attention_heads,numeric,1,outer_test_permutation,outer_train_only,252,53,166.91529152353672,0.0,0.0,10,"{""colsample_bytree"":0.8,""learning_rate"":0.03,""max_depth"":3,""n_estimators"":300,""subsample"":0.8}",xgboost.sklearn
B3-Physics__XGBoost,B3-Physics,XGBoost,x_model_num_key_value_heads,numeric,1,outer_test_permutation,outer_train_only,252,53,166.91529152353672,0.0,0.0,10,"{""colsample_bytree"":0.8,""learning_rate"":0.03,""max_depth"":3,""n_estimators"":300,""subsample"":0.8}",xgboost.sklearn
B3-Physics__XGBoost,B3-Physics,XGBoost,x_model_vocab_size,numeric,1,outer_test_permutation,outer_train_only,252,53,166.91529152353672,0.0,0.0,10,"{""colsample_bytree"":0.8,""learning_rate"":0.03,""max_depth"":3,""n_estimators"":300,""subsample"":0.8}",xgboost.sklearn
B3-Physics__XGBoost,B3-Physics,XGBoost,x_model_context_length,numeric,1,outer_test_permutation,outer_train_only,252,53,166.91529152353672,0.0,0.0,10,"{""colsample_bytree"":0.8,""learning_rate"":0.03,""max_depth"":3,""n_estimators"":300,""subsample"":0.8}",xgboost.sklearn
B3-Physics__XGBoost,B3-Physics,XGBoost,x_model_head_dim,numeric,1,outer_test_permutation,outer_train_only,252,53,166.91529152353672,0.0,0.0,10,"{""colsample_bytree"":0.8,""learning_rate"":0.03,""max_depth"":3,""n_estimators"":300,""subsample"":0.8}",xgboost.sklearn
B3-Physics__XGBoost,B3-Physics,XGBoost,x_workload_effective_input_tokens_mean,numeric,1,outer_test_permutation,outer_train_only,252,53,166.91529152353672,3.5834089203229467,1.3809308553916393,10,"{""colsample_bytree"":0.8,""learning_rate"":0.03,""max_depth"":3,""n_estimators"":300,""subsample"":0.8}",xgboost.sklearn
B3-Physics__XGBoost,B3-Physics,XGBoost,x_workload_effective_input_tokens_p50,numeric,1,outer_test_permutation,outer_train_only,252,53,166.91529152353672,4.940229817817754,2.874102126098764,10,"{""colsample_bytree"":0.8,""learning_rate"":0.03,""max_depth"":3,""n_estimators"":300,""subsample"":0.8}",xgboost.sklearn
B3-Physics__XGBoost,B3-Physics,XGBoost,x_workload_effective_input_tokens_p90,numeric,1,outer_test_permutation,outer_train_only,252,53,166.91529152353672,-0.05973372274943074,0.20222173105098556,10,"{""colsample_bytree"":0.8,""learning_rate"":0.03,""max_depth"":3,""n_estimators"":300,""subsample"":0.8}",xgboost.sklearn
B3-Physics__XGBoost,B3-Physics,XGBoost,x_workload_effective_input_tokens_p95,numeric,1,outer_test_permutation,outer_train_only,252,53,166.91529152353672,0.08312850088442758,0.1911926762132218,10,"{""colsample_bytree"":0.8,""learning_rate"":0.03,""max_depth"":3,""n_estimators"":300,""subsample"":0.8}",xgboost.sklearn
B3-Physics__XGBoost,B3-Physics,XGBoost,x_workload_effective_input_tokens_min,numeric,1,outer_test_permutation,outer_train_only,252,53,166.91529152353672,0.0783037293632077,0.05714170256423912,10,"{""colsample_bytree"":0.8,""learning_rate"":0.03,""max_depth"":3,""n_estimators"":300,""subsample"":0.8}",xgboost.sklearn
B3-Physics__XGBoost,B3-Physics,XGBoost,x_workload_effective_input_tokens_max,numeric,1,outer_test_permutation,outer_train_only,252,53,166.91529152353672,0.0,0.0,10,"{""colsample_bytree"":0.8,""learning_rate"":0.03,""max_depth"":3,""n_estimators"":300,""subsample"":0.8}",xgboost.sklearn
B3-Physics__XGBoost,B3-Physics,XGBoost,x_workload_effective_input_tokens_std,numeric,1,outer_test_permutation,outer_train_only,252,53,166.91529152353672,0.0,0.0,10,"{""colsample_bytree"":0.8,""learning_rate"":0.03,""max_depth"":3,""n_estimators"":300,""subsample"":0.8}",xgboost.sklearn
B3-Physics__XGBoost,B3-Physics,XGBoost,x_workload_effective_input_tokens_second_moment,numeric,1,outer_test_permutation,outer_train_only,252,53,166.91529152353672,0.0,0.0,10,"{""colsample_bytree"":0.8,""learning_rate"":0.03,""max_depth"":3,""n_estimators"":300,""subsample"":0.8}",xgboost.sklearn
B3-Physics__XGBoost,B3-Physics,XGBoost,x_workload_effective_input_tokens_rms,numeric,1,outer_test_permutation,outer_train_only,252,53,166.91529152353672,0.0,0.0,10,"{""colsample_bytree"":0.8,""learning_rate"":0.03,""max_depth"":3,""n_estimators"":300,""subsample"":0.8}",xgboost.sklearn
B3-Physics__XGBoost,B3-Physics,XGBoost,x_workload_effective_input_tokens_cv,numeric,1,outer_test_permutation,outer_train_only,252,53,166.91529152353672,0.0,0.0,10,"{""colsample_bytree"":0.8,""learning_rate"":0.03,""max_depth"":3,""n_estimators"":300,""subsample"":0.8}",xgboost.sklearn
B3-Physics__XGBoost,B3-Physics,XGBoost,x_physics_prefill_projection_flop_per_request,numeric,1,outer_test_permutation,outer_train_only,252,53,166.91529152353672,-1.5645058640628264,3.54540934694103,10,"{""colsample_bytree"":0.8,""learning_rate"":0.03,""max_depth"":3,""n_estimators"":300,""subsample"":0.8}",xgboost.sklearn
B3-Physics__XGBoost,B3-Physics,XGBoost,x_physics_prefill_attention_flop_per_request,numeric,1,outer_test_permutation,outer_train_only,252,53,166.91529152353672,0.0,0.0,10,"{""colsample_bytree"":0.8,""learning_rate"":0.03,""max_depth"":3,""n_estimators"":300,""subsample"":0.8}",xgboost.sklearn
B3-Physics__XGBoost,B3-Physics,XGBoost,x_physics_prefill_mlp_flop_per_request,numeric,1,outer_test_permutation,outer_train_only,252,53,166.91529152353672,-0.29937404416641866,0.14956844345281262,10,"{""colsample_bytree"":0.8,""learning_rate"":0.03,""max_depth"":3,""n_estimators"":300,""subsample"":0.8}",xgboost.sklearn
B3-Physics__XGBoost,B3-Physics,XGBoost,x_physics_prefill_total_flop_per_request,numeric,1,outer_test_permutation,outer_train_only,252,53,166.91529152353672,-0.20431967681309118,0.16699728587672635,10,"{""colsample_bytree"":0.8,""learning_rate"":0.03,""max_depth"":3,""n_estimators"":300,""subsample"":0.8}",xgboost.sklearn
B3-Physics__XGBoost,B3-Physics,XGBoost,x_physics_prefill_total_flop_per_input_token,numeric,1,outer_test_permutation,outer_train_only,252,53,166.91529152353672,-0.08011871913694221,0.026942758843676265,10,"{""colsample_bytree"":0.8,""learning_rate"":0.03,""max_depth"":3,""n_estimators"":300,""subsample"":0.8}",xgboost.sklearn
B3-Physics__XGBoost,B3-Physics,XGBoost,x_physics_kv_cache_prefill_mean_request_bytes,numeric,1,outer_test_permutation,outer_train_only,252,53,166.91529152353672,0.0,0.0,10,"{""colsample_bytree"":0.8,""learning_rate"":0.03,""max_depth"":3,""n_estimators"":300,""subsample"":0.8}",xgboost.sklearn
B3-Physics__XGBoost,B3-Physics,XGBoost,x_physics_kv_cache_prefill_max_request_bytes,numeric,1,outer_test_permutation,outer_train_only,252,53,166.91529152353672,0.0,0.0,10,"{""colsample_bytree"":0.8,""learning_rate"":0.03,""max_depth"":3,""n_estimators"":300,""subsample"":0.8}",xgboost.sklearn
B3-Physics__XGBoost,B3-Physics,XGBoost,x_physics_weight_bytes_per_gpu_ideal,numeric,1,outer_test_permutation,outer_train_only,252,53,166.91529152353672,2.293759783179567,2.762045955892954,10,"{""colsample_bytree"":0.8,""learning_rate"":0.03,""max_depth"":3,""n_estimators"":300,""subsample"":0.8}",xgboost.sklearn
B3-Physics__XGBoost,B3-Physics,XGBoost,x_physics_decode_one_token_flop_per_request_mean,numeric,1,outer_test_permutation,outer_train_only,252,53,166.91529152353672,-0.03626962337854138,0.022378687489380288,10,"{""colsample_bytree"":0.8,""learning_rate"":0.03,""max_depth"":3,""n_estimators"":300,""subsample"":0.8}",xgboost.sklearn
B3-Physics__XGBoost,B3-Physics,XGBoost,x_physics_decode_one_token_flop_per_request_p90,numeric,1,outer_test_permutation,outer_train_only,252,53,166.91529152353672,0.0,0.0,10,"{""colsample_bytree"":0.8,""learning_rate"":0.03,""max_depth"":3,""n_estimators"":300,""subsample"":0.8}",xgboost.sklearn
B3-Physics__XGBoost,B3-Physics,XGBoost,x_physics_decode_one_token_flop_per_request_p95,numeric,1,outer_test_permutation,outer_train_only,252,53,166.91529152353672,0.0,0.0,10,"{""colsample_bytree"":0.8,""learning_rate"":0.03,""max_depth"":3,""n_estimators"":300,""subsample"":0.8}",xgboost.sklearn
B3-Physics__XGBoost,B3-Physics,XGBoost,x_physics_decode_one_token_flop_per_request_max,numeric,1,outer_test_permutation,outer_train_only,252,53,166.91529152353672,0.0,0.0,10,"{""colsample_bytree"":0.8,""learning_rate"":0.03,""max_depth"":3,""n_estimators"":300,""subsample"":0.8}",xgboost.sklearn
B3-Physics__XGBoost,B3-Physics,XGBoost,x_hardware_gpu_model,categorical,1,outer_test_permutation,outer_train_only,252,53,166.91529152353672,80.76095421254055,18.701409140226133,10,"{""colsample_bytree"":0.8,""learning_rate"":0.03,""max_depth"":3,""n_estimators"":300,""subsample"":0.8}",xgboost.sklearn
B3-Physics__XGBoost,B3-Physics,XGBoost,x_model_benchmark_architecture,categorical,1,outer_test_permutation,outer_train_only,252,53,166.91529152353672,0.0,0.0,10,"{""colsample_bytree"":0.8,""learning_rate"":0.03,""max_depth"":3,""n_estimators"":300,""subsample"":0.8}",xgboost.sklearn
B3-Physics__XGBoost,B3-Physics,XGBoost,x_model_benchmark_weight_precision,categorical,1,outer_test_permutation,outer_train_only,252,53,166.91529152353672,-0.7551482578493534,0.9957688381720202,10,"{""colsample_bytree"":0.8,""learning_rate"":0.03,""max_depth"":3,""n_estimators"":300,""subsample"":0.8}",xgboost.sklearn
B3-Physics__XGBoost,B3-Physics,XGBoost,x_model_architecture_family,categorical,1,outer_test_permutation,outer_train_only,252,53,166.91529152353672,0.0,0.0,10,"{""colsample_bytree"":0.8,""learning_rate"":0.03,""max_depth"":3,""n_estimators"":300,""subsample"":0.8}",xgboost.sklearn
B3-Physics__XGBoost,B3-Physics,XGBoost,x_model_attention_variant,categorical,1,outer_test_permutation,outer_train_only,252,53,166.91529152353672,0.0,0.0,10,"{""colsample_bytree"":0.8,""learning_rate"":0.03,""max_depth"":3,""n_estimators"":300,""subsample"":0.8}",xgboost.sklearn
B3-Physics__XGBoost,B3-Physics,XGBoost,x_model_mlp_structure,categorical,1,outer_test_permutation,outer_train_only,252,53,166.91529152353672,0.0,0.0,10,"{""colsample_bytree"":0.8,""learning_rate"":0.03,""max_depth"":3,""n_estimators"":300,""subsample"":0.8}",xgboost.sklearn
B3-Physics__XGBoost,B3-Physics,XGBoost,x_hardware_num_gpus,numeric,2,outer_test_permutation,outer_train_only,240,65,97.38194676662197,76.18703259329259,12.914409568717893,10,"{""colsample_bytree"":0.8,""learning_rate"":0.03,""max_depth"":3,""n_estimators"":300,""subsample"":0.8}",xgboost.sklearn
B3-Physics__XGBoost,B3-Physics,XGBoost,x_deployment_max_num_seqs,numeric,2,outer_test_permutation,outer_train_only,240,65,97.38194676662197,52.822178740596925,11.05266734759792,10,"{""colsample_bytree"":0.8,""learning_rate"":0.03,""max_depth"":3,""n_estimators"":300,""subsample"":0.8}",xgboost.sklearn
B3-Physics__XGBoost,B3-Physics,XGBoost,x_deployment_tensor_parallel,numeric,2,outer_test_permutation,outer_train_only,240,65,97.38194676662197,0.0,0.0,10,"{""colsample_bytree"":0.8,""learning_rate"":0.03,""max_depth"":3,""n_estimators"":300,""subsample"":0.8}",xgboost.sklearn
B3-Physics__XGBoost,B3-Physics,XGBoost,x_deployment_data_parallel,numeric,2,outer_test_permutation,outer_train_only,240,65,97.38194676662197,0.0,0.0,10,"{""colsample_bytree"":0.8,""learning_rate"":0.03,""max_depth"":3,""n_estimators"":300,""subsample"":0.8}",xgboost.sklearn
B3-Physics__XGBoost,B3-Physics,XGBoost,x_deployment_expert_parallel,numeric,2,outer_test_permutation,outer_train_only,240,65,97.38194676662197,3.1254903620066203,0.8620353409769366,10,"{""colsample_bytree"":0.8,""learning_rate"":0.03,""max_depth"":3,""n_estimators"":300,""subsample"":0.8}",xgboost.sklearn
B3-Physics__XGBoost,B3-Physics,XGBoost,x_model_benchmark_total_params_billions,numeric,2,outer_test_permutation,outer_train_only,240,65,97.38194676662197,7.19340503039714,1.230248896707713,10,"{""colsample_bytree"":0.8,""learning_rate"":0.03,""max_depth"":3,""n_estimators"":300,""subsample"":0.8}",xgboost.sklearn
B3-Physics__XGBoost,B3-Physics,XGBoost,x_model_benchmark_activated_params_billions,numeric,2,outer_test_permutation,outer_train_only,240,65,97.38194676662197,0.5227319805438654,0.3229777372659091,10,"{""colsample_bytree"":0.8,""learning_rate"":0.03,""max_depth"":3,""n_estimators"":300,""subsample"":0.8}",xgboost.sklearn
B3-Physics__XGBoost,B3-Physics,XGBoost,x_model_num_layers,numeric,2,outer_test_permutation,outer_train_only,240,65,97.38194676662197,0.866714529611967,0.35463890719467667,10,"{""colsample_bytree"":0.8,""learning_rate"":0.03,""max_depth"":3,""n_estimators"":300,""subsample"":0.8}",xgboost.sklearn
B3-Physics__XGBoost,B3-Physics,XGBoost,x_model_hidden_size,numeric,2,outer_test_permutation,outer_train_only,240,65,97.38194676662197,-1.8535848925192695,0.4108052953677728,10,"{""colsample_bytree"":0.8,""learning_rate"":0.03,""max_depth"":3,""n_estimators"":300,""subsample"":0.8}",xgboost.sklearn
B3-Physics__XGBoost,B3-Physics,XGBoost,x_model_intermediate_size,numeric,2,outer_test_permutation,outer_train_only,240,65,97.38194676662197,-0.018896261111936496,0.32002456214637653,10,"{""colsample_bytree"":0.8,""learning_rate"":0.03,""max_depth"":3,""n_estimators"":300,""subsample"":0.8}",xgboost.sklearn
B3-Physics__XGBoost,B3-Physics,XGBoost,x_model_num_attention_heads,numeric,2,outer_test_permutation,outer_train_only,240,65,97.38194676662197,0.0,0.0,10,"{""colsample_bytree"":0.8,""learning_rate"":0.03,""max_depth"":3,""n_estimators"":300,""subsample"":0.8}",xgboost.sklearn
B3-Physics__XGBoost,B3-Physics,XGBoost,x_model_num_key_value_heads,numeric,2,outer_test_permutation,outer_train_only,240,65,97.38194676662197,-0.18342548076923607,0.11400389440819289,10,"{""colsample_bytree"":0.8,""learning_rate"":0.03,""max_depth"":3,""n_estimators"":300,""subsample"":0.8}",xgboost.sklearn
B3-Physics__XGBoost,B3-Physics,XGBoost,x_model_vocab_size,numeric,2,outer_test_permutation,outer_train_only,240,65,97.38194676662197,0.0,0.0,10,"{""colsample_bytree"":0.8,""learning_rate"":0.03,""max_depth"":3,""n_estimators"":300,""subsample"":0.8}",xgboost.sklearn
B3-Physics__XGBoost,B3-Physics,XGBoost,x_model_context_length,numeric,2,outer_test_permutation,outer_train_only,240,65,97.38194676662197,0.159743135892424,0.07486416188777248,10,"{""colsample_bytree"":0.8,""learning_rate"":0.03,""max_depth"":3,""n_estimators"":300,""subsample"":0.8}",xgboost.sklearn
B3-Physics__XGBoost,B3-Physics,XGBoost,x_model_head_dim,numeric,2,outer_test_permutation,outer_train_only,240,65,97.38194676662197,0.0,0.0,10,"{""colsample_bytree"":0.8,""learning_rate"":0.03,""max_depth"":3,""n_estimators"":300,""subsample"":0.8}",xgboost.sklearn
B3-Physics__XGBoost,B3-Physics,XGBoost,x_workload_effective_input_tokens_mean,numeric,2,outer_test_permutation,outer_train_only,240,65,97.38194676662197,7.912862894779937,3.292751839814032,10,"{""colsample_bytree"":0.8,""learning_rate"":0.03,""max_depth"":3,""n_estimators"":300,""subsample"":0.8}",xgboost.sklearn
B3-Physics__XGBoost,B3-Physics,XGBoost,x_workload_effective_input_tokens_p50,numeric,2,outer_test_permutation,outer_train_only,240,65,97.38194676662197,8.233432361533065,1.2445120489382702,10,"{""colsample_bytree"":0.8,""learning_rate"":0.03,""max_depth"":3,""n_estimators"":300,""subsample"":0.8}",xgboost.sklearn
B3-Physics__XGBoost,B3-Physics,XGBoost,x_workload_effective_input_tokens_p90,numeric,2,outer_test_permutation,outer_train_only,240,65,97.38194676662197,0.4222330677161253,0.6276448522587593,10,"{""colsample_bytree"":0.8,""learning_rate"":0.03,""max_depth"":3,""n_estimators"":300,""subsample"":0.8}",xgboost.sklearn
B3-Physics__XGBoost,B3-Physics,XGBoost,x_workload_effective_input_tokens_p95,numeric,2,outer_test_permutation,outer_train_only,240,65,97.38194676662197,0.6476278007885525,0.19610852942002038,10,"{""colsample_bytree"":0.8,""learning_rate"":0.03,""max_depth"":3,""n_estimators"":300,""subsample"":0.8}",xgboost.sklearn
B3-Physics__XGBoost,B3-Physics,XGBoost,x_workload_effective_input_tokens_min,numeric,2,outer_test_permutation,outer_train_only,240,65,97.38194676662197,0.2382287175212582,0.051333275077047186,10,"{""colsample_bytree"":0.8,""learning_rate"":0.03,""max_depth"":3,""n_estimators"":300,""subsample"":0.8}",xgboost.sklearn
B3-Physics__XGBoost,B3-Physics,XGBoost,x_workload_effective_input_tokens_max,numeric,2,outer_test_permutation,outer_train_only,240,65,97.38194676662197,0.0,0.0,10,"{""colsample_bytree"":0.8,""learning_rate"":0.03,""max_depth"":3,""n_estimators"":300,""subsample"":0.8}",xgboost.sklearn
B3-Physics__XGBoost,B3-Physics,XGBoost,x_workload_effective_input_tokens_std,numeric,2,outer_test_permutation,outer_train_only,240,65,97.38194676662197,0.0,0.0,10,"{""colsample_bytree"":0.8,""learning_rate"":0.03,""max_depth"":3,""n_estimators"":300,""subsample"":0.8}",xgboost.sklearn
B3-Physics__XGBoost,B3-Physics,XGBoost,x_workload_effective_input_tokens_second_moment,numeric,2,outer_test_permutation,outer_train_only,240,65,97.38194676662197,0.13768770658052318,0.047019726829464654,10,"{""colsample_bytree"":0.8,""learning_rate"":0.03,""max_depth"":3,""n_estimators"":300,""subsample"":0.8}",xgboost.sklearn
B3-Physics__XGBoost,B3-Physics,XGBoost,x_workload_effective_input_tokens_rms,numeric,2,outer_test_permutation,outer_train_only,240,65,97.38194676662197,0.0,0.0,10,"{""colsample_bytree"":0.8,""learning_rate"":0.03,""max_depth"":3,""n_estimators"":300,""subsample"":0.8}",xgboost.sklearn
B3-Physics__XGBoost,B3-Physics,XGBoost,x_workload_effective_input_tokens_cv,numeric,2,outer_test_permutation,outer_train_only,240,65,97.38194676662197,0.0,0.0,10,"{""colsample_bytree"":0.8,""learning_rate"":0.03,""max_depth"":3,""n_estimators"":300,""subsample"":0.8}",xgboost.sklearn
B3-Physics__XGBoost,B3-Physics,XGBoost,x_physics_prefill_projection_flop_per_request,numeric,2,outer_test_permutation,outer_train_only,240,65,97.38194676662197,5.526706866072478,4.261541173981155,10,"{""colsample_bytree"":0.8,""learning_rate"":0.03,""max_depth"":3,""n_estimators"":300,""subsample"":0.8}",xgboost.sklearn
B3-Physics__XGBoost,B3-Physics,XGBoost,x_physics_prefill_attention_flop_per_request,numeric,2,outer_test_permutation,outer_train_only,240,65,97.38194676662197,2.5970584295078636,0.6545651649708264,10,"{""colsample_bytree"":0.8,""learning_rate"":0.03,""max_depth"":3,""n_estimators"":300,""subsample"":0.8}",xgboost.sklearn
B3-Physics__XGBoost,B3-Physics,XGBoost,x_physics_prefill_mlp_flop_per_request,numeric,2,outer_test_permutation,outer_train_only,240,65,97.38194676662197,-0.26113642765926104,0.1831882173581201,10,"{""colsample_bytree"":0.8,""learning_rate"":0.03,""max_depth"":3,""n_estimators"":300,""subsample"":0.8}",xgboost.sklearn
B3-Physics__XGBoost,B3-Physics,XGBoost,x_physics_prefill_total_flop_per_request,numeric,2,outer_test_permutation,outer_train_only,240,65,97.38194676662197,0.7100594405694978,0.2532096675484057,10,"{""colsample_bytree"":0.8,""learning_rate"":0.03,""max_depth"":3,""n_estimators"":300,""subsample"":0.8}",xgboost.sklearn
B3-Physics__XGBoost,B3-Physics,XGBoost,x_physics_prefill_total_flop_per_input_token,numeric,2,outer_test_permutation,outer_train_only,240,65,97.38194676662197,0.0,0.0,10,"{""colsample_bytree"":0.8,""learning_rate"":0.03,""max_depth"":3,""n_estimators"":300,""subsample"":0.8}",xgboost.sklearn
B3-Physics__XGBoost,B3-Physics,XGBoost,x_physics_kv_cache_prefill_mean_request_bytes,numeric,2,outer_test_permutation,outer_train_only,240,65,97.38194676662197,-0.018716383713945108,0.052088630731440766,10,"{""colsample_bytree"":0.8,""learning_rate"":0.03,""max_depth"":3,""n_estimators"":300,""subsample"":0.8}",xgboost.sklearn
B3-Physics__XGBoost,B3-Physics,XGBoost,x_physics_kv_cache_prefill_max_request_bytes,numeric,2,outer_test_permutation,outer_train_only,240,65,97.38194676662197,0.3022495211087701,0.09360265448080628,10,"{""colsample_bytree"":0.8,""learning_rate"":0.03,""max_depth"":3,""n_estimators"":300,""subsample"":0.8}",xgboost.sklearn
B3-Physics__XGBoost,B3-Physics,XGBoost,x_physics_weight_bytes_per_gpu_ideal,numeric,2,outer_test_permutation,outer_train_only,240,65,97.38194676662197,-1.4435707104867632,2.5386630199529083,10,"{""colsample_bytree"":0.8,""learning_rate"":0.03,""max_depth"":3,""n_estimators"":300,""subsample"":0.8}",xgboost.sklearn
B3-Physics__XGBoost,B3-Physics,XGBoost,x_physics_decode_one_token_flop_per_request_mean,numeric,2,outer_test_permutation,outer_train_only,240,65,97.38194676662197,0.0,0.0,10,"{""colsample_bytree"":0.8,""learning_rate"":0.03,""max_depth"":3,""n_estimators"":300,""subsample"":0.8}",xgboost.sklearn
B3-Physics__XGBoost,B3-Physics,XGBoost,x_physics_decode_one_token_flop_per_request_p90,numeric,2,outer_test_permutation,outer_train_only,240,65,97.38194676662197,0.0,0.0,10,"{""colsample_bytree"":0.8,""learning_rate"":0.03,""max_depth"":3,""n_estimators"":300,""subsample"":0.8}",xgboost.sklearn
B3-Physics__XGBoost,B3-Physics,XGBoost,x_physics_decode_one_token_flop_per_request_p95,numeric,2,outer_test_permutation,outer_train_only,240,65,97.38194676662197,0.0,0.0,10,"{""colsample_bytree"":0.8,""learning_rate"":0.03,""max_depth"":3,""n_estimators"":300,""subsample"":0.8}",xgboost.sklearn
B3-Physics__XGBoost,B3-Physics,XGBoost,x_physics_decode_one_token_flop_per_request_max,numeric,2,outer_test_permutation,outer_train_only,240,65,97.38194676662197,0.0,0.0,10,"{""colsample_bytree"":0.8,""learning_rate"":0.03,""max_depth"":3,""n_estimators"":300,""subsample"":0.8}",xgboost.sklearn
B3-Physics__XGBoost,B3-Physics,XGBoost,x_hardware_gpu_model,categorical,2,outer_test_permutation,outer_train_only,240,65,97.38194676662197,27.465767197599035,7.110839451176299,10,"{""colsample_bytree"":0.8,""learning_rate"":0.03,""max_depth"":3,""n_estimators"":300,""subsample"":0.8}",xgboost.sklearn
B3-Physics__XGBoost,B3-Physics,XGBoost,x_model_benchmark_architecture,categorical,2,outer_test_permutation,outer_train_only,240,65,97.38194676662197,0.0,0.0,10,"{""colsample_bytree"":0.8,""learning_rate"":0.03,""max_depth"":3,""n_estimators"":300,""subsample"":0.8}",xgboost.sklearn
B3-Physics__XGBoost,B3-Physics,XGBoost,x_model_benchmark_weight_precision,categorical,2,outer_test_permutation,outer_train_only,240,65,97.38194676662197,0.0,0.0,10,"{""colsample_bytree"":0.8,""learning_rate"":0.03,""max_depth"":3,""n_estimators"":300,""subsample"":0.8}",xgboost.sklearn
B3-Physics__XGBoost,B3-Physics,XGBoost,x_model_architecture_family,categorical,2,outer_test_permutation,outer_train_only,240,65,97.38194676662197,0.0,0.0,10,"{""colsample_bytree"":0.8,""learning_rate"":0.03,""max_depth"":3,""n_estimators"":300,""subsample"":0.8}",xgboost.sklearn
B3-Physics__XGBoost,B3-Physics,XGBoost,x_model_attention_variant,categorical,2,outer_test_permutation,outer_train_only,240,65,97.38194676662197,0.0,0.0,10,"{""colsample_bytree"":0.8,""learning_rate"":0.03,""max_depth"":3,""n_estimators"":300,""subsample"":0.8}",xgboost.sklearn
B3-Physics__XGBoost,B3-Physics,XGBoost,x_model_mlp_structure,categorical,2,outer_test_permutation,outer_train_only,240,65,97.38194676662197,0.0,0.0,10,"{""colsample_bytree"":0.8,""learning_rate"":0.03,""max_depth"":3,""n_estimators"":300,""subsample"":0.8}",xgboost.sklearn
B3-Physics__XGBoost,B3-Physics,XGBoost,x_hardware_num_gpus,numeric,3,outer_test_permutation,outer_train_only,243,62,325.3932468112558,847.1823704872547,90.31328203913083,10,"{""colsample_bytree"":0.8,""learning_rate"":0.05,""max_depth"":4,""n_estimators"":200,""subsample"":0.7}",xgboost.sklearn
B3-Physics__XGBoost,B3-Physics,XGBoost,x_deployment_max_num_seqs,numeric,3,outer_test_permutation,outer_train_only,243,62,325.3932468112558,83.01344713067124,13.94538537082913,10,"{""colsample_bytree"":0.8,""learning_rate"":0.05,""max_depth"":4,""n_estimators"":200,""subsample"":0.7}",xgboost.sklearn
B3-Physics__XGBoost,B3-Physics,XGBoost,x_deployment_tensor_parallel,numeric,3,outer_test_permutation,outer_train_only,243,62,325.3932468112558,0.0,0.0,10,"{""colsample_bytree"":0.8,""learning_rate"":0.05,""max_depth"":4,""n_estimators"":200,""subsample"":0.7}",xgboost.sklearn
B3-Physics__XGBoost,B3-Physics,XGBoost,x_deployment_data_parallel,numeric,3,outer_test_permutation,outer_train_only,243,62,325.3932468112558,0.0,0.0,10,"{""colsample_bytree"":0.8,""learning_rate"":0.05,""max_depth"":4,""n_estimators"":200,""subsample"":0.7}",xgboost.sklearn
B3-Physics__XGBoost,B3-Physics,XGBoost,x_deployment_expert_parallel,numeric,3,outer_test_permutation,outer_train_only,243,62,325.3932468112558,41.54013182420824,10.00938872170584,10,"{""colsample_bytree"":0.8,""learning_rate"":0.05,""max_depth"":4,""n_estimators"":200,""subsample"":0.7}",xgboost.sklearn
B3-Physics__XGBoost,B3-Physics,XGBoost,x_model_benchmark_total_params_billions,numeric,3,outer_test_permutation,outer_train_only,243,62,325.3932468112558,193.19019262051648,27.475222179479672,10,"{""colsample_bytree"":0.8,""learning_rate"":0.05,""max_depth"":4,""n_estimators"":200,""subsample"":0.7}",xgboost.sklearn
B3-Physics__XGBoost,B3-Physics,XGBoost,x_model_benchmark_activated_params_billions,numeric,3,outer_test_permutation,outer_train_only,243,62,325.3932468112558,0.016733575636328622,0.06757302908593063,10,"{""colsample_bytree"":0.8,""learning_rate"":0.05,""max_depth"":4,""n_estimators"":200,""subsample"":0.7}",xgboost.sklearn
B3-Physics__XGBoost,B3-Physics,XGBoost,x_model_num_layers,numeric,3,outer_test_permutation,outer_train_only,243,62,325.3932468112558,1.5391229558535144,0.9660478786155886,10,"{""colsample_bytree"":0.8,""learning_rate"":0.05,""max_depth"":4,""n_estimators"":200,""subsample"":0.7}",xgboost.sklearn
B3-Physics__XGBoost,B3-Physics,XGBoost,x_model_hidden_size,numeric,3,outer_test_permutation,outer_train_only,243,62,325.3932468112558,0.023022460937482947,0.0268299018780828,10,"{""colsample_bytree"":0.8,""learning_rate"":0.05,""max_depth"":4,""n_estimators"":200,""subsample"":0.7}",xgboost.sklearn
B3-Physics__XGBoost,B3-Physics,XGBoost,x_model_intermediate_size,numeric,3,outer_test_permutation,outer_train_only,243,62,325.3932468112558,0.0,0.0,10,"{""colsample_bytree"":0.8,""learning_rate"":0.05,""max_depth"":4,""n_estimators"":200,""subsample"":0.7}",xgboost.sklearn
B3-Physics__XGBoost,B3-Physics,XGBoost,x_model_num_attention_heads,numeric,3,outer_test_permutation,outer_train_only,243,62,325.3932468112558,0.3785276843655424,0.38511409077172015,10,"{""colsample_bytree"":0.8,""learning_rate"":0.05,""max_depth"":4,""n_estimators"":200,""subsample"":0.7}",xgboost.sklearn
B3-Physics__XGBoost,B3-Physics,XGBoost,x_model_num_key_value_heads,numeric,3,outer_test_permutation,outer_train_only,243,62,325.3932468112558,-0.924125819052432,0.6364304314790864,10,"{""colsample_bytree"":0.8,""learning_rate"":0.05,""max_depth"":4,""n_estimators"":200,""subsample"":0.7}",xgboost.sklearn
B3-Physics__XGBoost,B3-Physics,XGBoost,x_model_vocab_size,numeric,3,outer_test_permutation,outer_train_only,243,62,325.3932468112558,0.020930037959925585,0.023025522307127476,10,"{""colsample_bytree"":0.8,""learning_rate"":0.05,""max_depth"":4,""n_estimators"":200,""subsample"":0.7}",xgboost.sklearn
B3-Physics__XGBoost,B3-Physics,XGBoost,x_model_context_length,numeric,3,outer_test_permutation,outer_train_only,243,62,325.3932468112558,0.012202699722763555,0.004904676100137783,10,"{""colsample_bytree"":0.8,""learning_rate"":0.05,""max_depth"":4,""n_estimators"":200,""subsample"":0.7}",xgboost.sklearn
B3-Physics__XGBoost,B3-Physics,XGBoost,x_model_head_dim,numeric,3,outer_test_permutation,outer_train_only,243,62,325.3932468112558,0.0,0.0,10,"{""colsample_bytree"":0.8,""learning_rate"":0.05,""max_depth"":4,""n_estimators"":200,""subsample"":0.7}",xgboost.sklearn
B3-Physics__XGBoost,B3-Physics,XGBoost,x_workload_effective_input_tokens_mean,numeric,3,outer_test_permutation,outer_train_only,243,62,325.3932468112558,-3.3173015194467723,6.99600784782605,10,"{""colsample_bytree"":0.8,""learning_rate"":0.05,""max_depth"":4,""n_estimators"":200,""subsample"":0.7}",xgboost.sklearn
B3-Physics__XGBoost,B3-Physics,XGBoost,x_workload_effective_input_tokens_p50,numeric,3,outer_test_permutation,outer_train_only,243,62,325.3932468112558,-0.7613239869708479,6.077849781442826,10,"{""colsample_bytree"":0.8,""learning_rate"":0.05,""max_depth"":4,""n_estimators"":200,""subsample"":0.7}",xgboost.sklearn
B3-Physics__XGBoost,B3-Physics,XGBoost,x_workload_effective_input_tokens_p90,numeric,3,outer_test_permutation,outer_train_only,243,62,325.3932468112558,0.1211566656220782,1.296864855708708,10,"{""colsample_bytree"":0.8,""learning_rate"":0.05,""max_depth"":4,""n_estimators"":200,""subsample"":0.7}",xgboost.sklearn
B3-Physics__XGBoost,B3-Physics,XGBoost,x_workload_effective_input_tokens_p95,numeric,3,outer_test_permutation,outer_train_only,243,62,325.3932468112558,0.13049818670303354,0.30484607334608804,10,"{""colsample_bytree"":0.8,""learning_rate"":0.05,""max_depth"":4,""n_estimators"":200,""subsample"":0.7}",xgboost.sklearn
B3-Physics__XGBoost,B3-Physics,XGBoost,x_workload_effective_input_tokens_min,numeric,3,outer_test_permutation,outer_train_only,243,62,325.3932468112558,-0.1225286133527618,0.3093654437327486,10,"{""colsample_bytree"":0.8,""learning_rate"":0.05,""max_depth"":4,""n_estimators"":200,""subsample"":0.7}",xgboost.sklearn
B3-Physics__XGBoost,B3-Physics,XGBoost,x_workload_effective_input_tokens_max,numeric,3,outer_test_permutation,outer_train_only,243,62,325.3932468112558,8.62051899855373,4.369229026112309,10,"{""colsample_bytree"":0.8,""learning_rate"":0.05,""max_depth"":4,""n_estimators"":200,""subsample"":0.7}",xgboost.sklearn
B3-Physics__XGBoost,B3-Physics,XGBoost,x_workload_effective_input_tokens_std,numeric,3,outer_test_permutation,outer_train_only,243,62,325.3932468112558,0.0,0.0,10,"{""colsample_bytree"":0.8,""learning_rate"":0.05,""max_depth"":4,""n_estimators"":200,""subsample"":0.7}",xgboost.sklearn
B3-Physics__XGBoost,B3-Physics,XGBoost,x_workload_effective_input_tokens_second_moment,numeric,3,outer_test_permutation,outer_train_only,243,62,325.3932468112558,-0.08629268523185943,0.041515273791984705,10,"{""colsample_bytree"":0.8,""learning_rate"":0.05,""max_depth"":4,""n_estimators"":200,""subsample"":0.7}",xgboost.sklearn
B3-Physics__XGBoost,B3-Physics,XGBoost,x_workload_effective_input_tokens_rms,numeric,3,outer_test_permutation,outer_train_only,243,62,325.3932468112558,0.0,0.0,10,"{""colsample_bytree"":0.8,""learning_rate"":0.05,""max_depth"":4,""n_estimators"":200,""subsample"":0.7}",xgboost.sklearn
B3-Physics__XGBoost,B3-Physics,XGBoost,x_workload_effective_input_tokens_cv,numeric,3,outer_test_permutation,outer_train_only,243,62,325.3932468112558,-0.36245963804184383,0.13007233579916622,10,"{""colsample_bytree"":0.8,""learning_rate"":0.05,""max_depth"":4,""n_estimators"":200,""subsample"":0.7}",xgboost.sklearn
B3-Physics__XGBoost,B3-Physics,XGBoost,x_physics_prefill_projection_flop_per_request,numeric,3,outer_test_permutation,outer_train_only,243,62,325.3932468112558,18.62897163374249,9.955217467415233,10,"{""colsample_bytree"":0.8,""learning_rate"":0.05,""max_depth"":4,""n_estimators"":200,""subsample"":0.7}",xgboost.sklearn
B3-Physics__XGBoost,B3-Physics,XGBoost,x_physics_prefill_attention_flop_per_request,numeric,3,outer_test_permutation,outer_train_only,243,62,325.3932468112558,4.1584516916449505,1.591098047450595,10,"{""colsample_bytree"":0.8,""learning_rate"":0.05,""max_depth"":4,""n_estimators"":200,""subsample"":0.7}",xgboost.sklearn
B3-Physics__XGBoost,B3-Physics,XGBoost,x_physics_prefill_mlp_flop_per_request,numeric,3,outer_test_permutation,outer_train_only,243,62,325.3932468112558,1.9017643852395394,0.5458068711742644,10,"{""colsample_bytree"":0.8,""learning_rate"":0.05,""max_depth"":4,""n_estimators"":200,""subsample"":0.7}",xgboost.sklearn
B3-Physics__XGBoost,B3-Physics,XGBoost,x_physics_prefill_total_flop_per_request,numeric,3,outer_test_permutation,outer_train_only,243,62,325.3932468112558,2.4374110560263262,0.6561651690642318,10,"{""colsample_bytree"":0.8,""learning_rate"":0.05,""max_depth"":4,""n_estimators"":200,""subsample"":0.7}",xgboost.sklearn
B3-Physics__XGBoost,B3-Physics,XGBoost,x_physics_prefill_total_flop_per_input_token,numeric,3,outer_test_permutation,outer_train_only,243,62,325.3932468112558,2.554039309576319,0.6630463359652978,10,"{""colsample_bytree"":0.8,""learning_rate"":0.05,""max_depth"":4,""n_estimators"":200,""subsample"":0.7}",xgboost.sklearn
B3-Physics__XGBoost,B3-Physics,XGBoost,x_physics_kv_cache_prefill_mean_request_bytes,numeric,3,outer_test_permutation,outer_train_only,243,62,325.3932468112558,-0.4539839797782406,0.46849166226196914,10,"{""colsample_bytree"":0.8,""learning_rate"":0.05,""max_depth"":4,""n_estimators"":200,""subsample"":0.7}",xgboost.sklearn
B3-Physics__XGBoost,B3-Physics,XGBoost,x_physics_kv_cache_prefill_max_request_bytes,numeric,3,outer_test_permutation,outer_train_only,243,62,325.3932468112558,3.2750217697868154,3.143804126791198,10,"{""colsample_bytree"":0.8,""learning_rate"":0.05,""max_depth"":4,""n_estimators"":200,""subsample"":0.7}",xgboost.sklearn
B3-Physics__XGBoost,B3-Physics,XGBoost,x_physics_weight_bytes_per_gpu_ideal,numeric,3,outer_test_permutation,outer_train_only,243,62,325.3932468112558,-11.941218394575895,3.55100296585601,10,"{""colsample_bytree"":0.8,""learning_rate"":0.05,""max_depth"":4,""n_estimators"":200,""subsample"":0.7}",xgboost.sklearn
B3-Physics__XGBoost,B3-Physics,XGBoost,x_physics_decode_one_token_flop_per_request_mean,numeric,3,outer_test_permutation,outer_train_only,243,62,325.3932468112558,0.4547120252863692,0.18622945700978388,10,"{""colsample_bytree"":0.8,""learning_rate"":0.05,""max_depth"":4,""n_estimators"":200,""subsample"":0.7}",xgboost.sklearn
B3-Physics__XGBoost,B3-Physics,XGBoost,x_physics_decode_one_token_flop_per_request_p90,numeric,3,outer_test_permutation,outer_train_only,243,62,325.3932468112558,-0.03839795512539581,0.15406498868824417,10,"{""colsample_bytree"":0.8,""learning_rate"":0.05,""max_depth"":4,""n_estimators"":200,""subsample"":0.7}",xgboost.sklearn
B3-Physics__XGBoost,B3-Physics,XGBoost,x_physics_decode_one_token_flop_per_request_p95,numeric,3,outer_test_permutation,outer_train_only,243,62,325.3932468112558,0.0,0.0,10,"{""colsample_bytree"":0.8,""learning_rate"":0.05,""max_depth"":4,""n_estimators"":200,""subsample"":0.7}",xgboost.sklearn
B3-Physics__XGBoost,B3-Physics,XGBoost,x_physics_decode_one_token_flop_per_request_max,numeric,3,outer_test_permutation,outer_train_only,243,62,325.3932468112558,-1.8807358240170573,0.6658711277589107,10,"{""colsample_bytree"":0.8,""learning_rate"":0.05,""max_depth"":4,""n_estimators"":200,""subsample"":0.7}",xgboost.sklearn
B3-Physics__XGBoost,B3-Physics,XGBoost,x_hardware_gpu_model,categorical,3,outer_test_permutation,outer_train_only,243,62,325.3932468112558,130.00026145783698,20.774577512774837,10,"{""colsample_bytree"":0.8,""learning_rate"":0.05,""max_depth"":4,""n_estimators"":200,""subsample"":0.7}",xgboost.sklearn
B3-Physics__XGBoost,B3-Physics,XGBoost,x_model_benchmark_architecture,categorical,3,outer_test_permutation,outer_train_only,243,62,325.3932468112558,0.0,0.0,10,"{""colsample_bytree"":0.8,""learning_rate"":0.05,""max_depth"":4,""n_estimators"":200,""subsample"":0.7}",xgboost.sklearn
B3-Physics__XGBoost,B3-Physics,XGBoost,x_model_benchmark_weight_precision,categorical,3,outer_test_permutation,outer_train_only,243,62,325.3932468112558,0.0,0.0,10,"{""colsample_bytree"":0.8,""learning_rate"":0.05,""max_depth"":4,""n_estimators"":200,""subsample"":0.7}",xgboost.sklearn
B3-Physics__XGBoost,B3-Physics,XGBoost,x_model_architecture_family,categorical,3,outer_test_permutation,outer_train_only,243,62,325.3932468112558,0.0,0.0,10,"{""colsample_bytree"":0.8,""learning_rate"":0.05,""max_depth"":4,""n_estimators"":200,""subsample"":0.7}",xgboost.sklearn
B3-Physics__XGBoost,B3-Physics,XGBoost,x_model_attention_variant,categorical,3,outer_test_permutation,outer_train_only,243,62,325.3932468112558,0.0,0.0,10,"{""colsample_bytree"":0.8,""learning_rate"":0.05,""max_depth"":4,""n_estimators"":200,""subsample"":0.7}",xgboost.sklearn
B3-Physics__XGBoost,B3-Physics,XGBoost,x_model_mlp_structure,categorical,3,outer_test_permutation,outer_train_only,243,62,325.3932468112558,0.0,0.0,10,"{""colsample_bytree"":0.8,""learning_rate"":0.05,""max_depth"":4,""n_estimators"":200,""subsample"":0.7}",xgboost.sklearn
B3-Physics__XGBoost,B3-Physics,XGBoost,x_hardware_num_gpus,numeric,4,outer_test_permutation,outer_train_only,243,62,276.4294172810538,958.8647392058796,91.03904975357162,10,"{""colsample_bytree"":0.8,""learning_rate"":0.03,""max_depth"":3,""n_estimators"":300,""subsample"":0.8}",xgboost.sklearn
B3-Physics__XGBoost,B3-Physics,XGBoost,x_deployment_max_num_seqs,numeric,4,outer_test_permutation,outer_train_only,243,62,276.4294172810538,63.988303764652095,19.517288712838436,10,"{""colsample_bytree"":0.8,""learning_rate"":0.03,""max_depth"":3,""n_estimators"":300,""subsample"":0.8}",xgboost.sklearn
B3-Physics__XGBoost,B3-Physics,XGBoost,x_deployment_tensor_parallel,numeric,4,outer_test_permutation,outer_train_only,243,62,276.4294172810538,0.0,0.0,10,"{""colsample_bytree"":0.8,""learning_rate"":0.03,""max_depth"":3,""n_estimators"":300,""subsample"":0.8}",xgboost.sklearn
B3-Physics__XGBoost,B3-Physics,XGBoost,x_deployment_data_parallel,numeric,4,outer_test_permutation,outer_train_only,243,62,276.4294172810538,0.0,0.0,10,"{""colsample_bytree"":0.8,""learning_rate"":0.03,""max_depth"":3,""n_estimators"":300,""subsample"":0.8}",xgboost.sklearn
B3-Physics__XGBoost,B3-Physics,XGBoost,x_deployment_expert_parallel,numeric,4,outer_test_permutation,outer_train_only,243,62,276.4294172810538,118.95382913732551,14.474668095620396,10,"{""colsample_bytree"":0.8,""learning_rate"":0.03,""max_depth"":3,""n_estimators"":300,""subsample"":0.8}",xgboost.sklearn
B3-Physics__XGBoost,B3-Physics,XGBoost,x_model_benchmark_total_params_billions,numeric,4,outer_test_permutation,outer_train_only,243,62,276.4294172810538,453.9620277384317,64.02255807460753,10,"{""colsample_bytree"":0.8,""learning_rate"":0.03,""max_depth"":3,""n_estimators"":300,""subsample"":0.8}",xgboost.sklearn
B3-Physics__XGBoost,B3-Physics,XGBoost,x_model_benchmark_activated_params_billions,numeric,4,outer_test_permutation,outer_train_only,243,62,276.4294172810538,20.004086538000866,3.715925470817817,10,"{""colsample_bytree"":0.8,""learning_rate"":0.03,""max_depth"":3,""n_estimators"":300,""subsample"":0.8}",xgboost.sklearn
B3-Physics__XGBoost,B3-Physics,XGBoost,x_model_num_layers,numeric,4,outer_test_permutation,outer_train_only,243,62,276.4294172810538,4.713375756048407,1.178525672459973,10,"{""colsample_bytree"":0.8,""learning_rate"":0.03,""max_depth"":3,""n_estimators"":300,""subsample"":0.8}",xgboost.sklearn
B3-Physics__XGBoost,B3-Physics,XGBoost,x_model_hidden_size,numeric,4,outer_test_permutation,outer_train_only,243,62,276.4294172810538,15.059245694274813,2.2000990854628957,10,"{""colsample_bytree"":0.8,""learning_rate"":0.03,""max_depth"":3,""n_estimators"":300,""subsample"":0.8}",xgboost.sklearn
B3-Physics__XGBoost,B3-Physics,XGBoost,x_model_intermediate_size,numeric,4,outer_test_permutation,outer_train_only,243,62,276.4294172810538,0.016170673985658367,0.008427497623292035,10,"{""colsample_bytree"":0.8,""learning_rate"":0.03,""max_depth"":3,""n_estimators"":300,""subsample"":0.8}",xgboost.sklearn
B3-Physics__XGBoost,B3-Physics,XGBoost,x_model_num_attention_heads,numeric,4,outer_test_permutation,outer_train_only,243,62,276.4294172810538,0.060488990045382704,0.040949682945428244,10,"{""colsample_bytree"":0.8,""learning_rate"":0.03,""max_depth"":3,""n_estimators"":300,""subsample"":0.8}",xgboost.sklearn
B3-Physics__XGBoost,B3-Physics,XGBoost,x_model_num_key_value_heads,numeric,4,outer_test_permutation,outer_train_only,243,62,276.4294172810538,0.023872129378810315,0.04276730695883213,10,"{""colsample_bytree"":0.8,""learning_rate"":0.03,""max_depth"":3,""n_estimators"":300,""subsample"":0.8}",xgboost.sklearn
B3-Physics__XGBoost,B3-Physics,XGBoost,x_model_vocab_size,numeric,4,outer_test_permutation,outer_train_only,243,62,276.4294172810538,0.0,0.0,10,"{""colsample_bytree"":0.8,""learning_rate"":0.03,""max_depth"":3,""n_estimators"":300,""subsample"":0.8}",xgboost.sklearn
B3-Physics__XGBoost,B3-Physics,XGBoost,x_model_context_length,numeric,4,outer_test_permutation,outer_train_only,243,62,276.4294172810538,-1.4699056106027455,3.540407874232199,10,"{""colsample_bytree"":0.8,""learning_rate"":0.03,""max_depth"":3,""n_estimators"":300,""subsample"":0.8}",xgboost.sklearn
B3-Physics__XGBoost,B3-Physics,XGBoost,x_model_head_dim,numeric,4,outer_test_permutation,outer_train_only,243,62,276.4294172810538,0.0,0.0,10,"{""colsample_bytree"":0.8,""learning_rate"":0.03,""max_depth"":3,""n_estimators"":300,""subsample"":0.8}",xgboost.sklearn
B3-Physics__XGBoost,B3-Physics,XGBoost,x_workload_effective_input_tokens_mean,numeric,4,outer_test_permutation,outer_train_only,243,62,276.4294172810538,13.333946768165584,3.682891612126673,10,"{""colsample_bytree"":0.8,""learning_rate"":0.03,""max_depth"":3,""n_estimators"":300,""subsample"":0.8}",xgboost.sklearn
B3-Physics__XGBoost,B3-Physics,XGBoost,x_workload_effective_input_tokens_p50,numeric,4,outer_test_permutation,outer_train_only,243,62,276.4294172810538,2.047850787390138,0.4996349744083974,10,"{""colsample_bytree"":0.8,""learning_rate"":0.03,""max_depth"":3,""n_estimators"":300,""subsample"":0.8}",xgboost.sklearn
B3-Physics__XGBoost,B3-Physics,XGBoost,x_workload_effective_input_tokens_p90,numeric,4,outer_test_permutation,outer_train_only,243,62,276.4294172810538,1.6960305907408326,0.27374179999622317,10,"{""colsample_bytree"":0.8,""learning_rate"":0.03,""max_depth"":3,""n_estimators"":300,""subsample"":0.8}",xgboost.sklearn
B3-Physics__XGBoost,B3-Physics,XGBoost,x_workload_effective_input_tokens_p95,numeric,4,outer_test_permutation,outer_train_only,243,62,276.4294172810538,3.6157299126996802,0.4572555197346522,10,"{""colsample_bytree"":0.8,""learning_rate"":0.03,""max_depth"":3,""n_estimators"":300,""subsample"":0.8}",xgboost.sklearn
B3-Physics__XGBoost,B3-Physics,XGBoost,x_workload_effective_input_tokens_min,numeric,4,outer_test_permutation,outer_train_only,243,62,276.4294172810538,0.047982197423147,0.0869195143920522,10,"{""colsample_bytree"":0.8,""learning_rate"":0.03,""max_depth"":3,""n_estimators"":300,""subsample"":0.8}",xgboost.sklearn
B3-Physics__XGBoost,B3-Physics,XGBoost,x_workload_effective_input_tokens_max,numeric,4,outer_test_permutation,outer_train_only,243,62,276.4294172810538,-0.831920253211365,2.4978812224946925,10,"{""colsample_bytree"":0.8,""learning_rate"":0.03,""max_depth"":3,""n_estimators"":300,""subsample"":0.8}",xgboost.sklearn
B3-Physics__XGBoost,B3-Physics,XGBoost,x_workload_effective_input_tokens_std,numeric,4,outer_test_permutation,outer_train_only,243,62,276.4294172810538,0.0,0.0,10,"{""colsample_bytree"":0.8,""learning_rate"":0.03,""max_depth"":3,""n_estimators"":300,""subsample"":0.8}",xgboost.sklearn
B3-Physics__XGBoost,B3-Physics,XGBoost,x_workload_effective_input_tokens_second_moment,numeric,4,outer_test_permutation,outer_train_only,243,62,276.4294172810538,0.0,0.0,10,"{""colsample_bytree"":0.8,""learning_rate"":0.03,""max_depth"":3,""n_estimators"":300,""subsample"":0.8}",xgboost.sklearn
B3-Physics__XGBoost,B3-Physics,XGBoost,x_workload_effective_input_tokens_rms,numeric,4,outer_test_permutation,outer_train_only,243,62,276.4294172810538,0.0,0.0,10,"{""colsample_bytree"":0.8,""learning_rate"":0.03,""max_depth"":3,""n_estimators"":300,""subsample"":0.8}",xgboost.sklearn
B3-Physics__XGBoost,B3-Physics,XGBoost,x_workload_effective_input_tokens_cv,numeric,4,outer_test_permutation,outer_train_only,243,62,276.4294172810538,0.0,0.0,10,"{""colsample_bytree"":0.8,""learning_rate"":0.03,""max_depth"":3,""n_estimators"":300,""subsample"":0.8}",xgboost.sklearn
B3-Physics__XGBoost,B3-Physics,XGBoost,x_physics_prefill_projection_flop_per_request,numeric,4,outer_test_permutation,outer_train_only,243,62,276.4294172810538,19.328457672301447,9.155985234133041,10,"{""colsample_bytree"":0.8,""learning_rate"":0.03,""max_depth"":3,""n_estimators"":300,""subsample"":0.8}",xgboost.sklearn
B3-Physics__XGBoost,B3-Physics,XGBoost,x_physics_prefill_attention_flop_per_request,numeric,4,outer_test_permutation,outer_train_only,243,62,276.4294172810538,12.114157407762951,2.4203542620093765,10,"{""colsample_bytree"":0.8,""learning_rate"":0.03,""max_depth"":3,""n_estimators"":300,""subsample"":0.8}",xgboost.sklearn
B3-Physics__XGBoost,B3-Physics,XGBoost,x_physics_prefill_mlp_flop_per_request,numeric,4,outer_test_permutation,outer_train_only,243,62,276.4294172810538,2.5049318375126233,0.7526539470284004,10,"{""colsample_bytree"":0.8,""learning_rate"":0.03,""max_depth"":3,""n_estimators"":300,""subsample"":0.8}",xgboost.sklearn
B3-Physics__XGBoost,B3-Physics,XGBoost,x_physics_prefill_total_flop_per_request,numeric,4,outer_test_permutation,outer_train_only,243,62,276.4294172810538,0.216683369298147,0.048828895629909025,10,"{""colsample_bytree"":0.8,""learning_rate"":0.03,""max_depth"":3,""n_estimators"":300,""subsample"":0.8}",xgboost.sklearn
B3-Physics__XGBoost,B3-Physics,XGBoost,x_physics_prefill_total_flop_per_input_token,numeric,4,outer_test_permutation,outer_train_only,243,62,276.4294172810538,0.28901800340223643,0.1567729610189601,10,"{""colsample_bytree"":0.8,""learning_rate"":0.03,""max_depth"":3,""n_estimators"":300,""subsample"":0.8}",xgboost.sklearn
B3-Physics__XGBoost,B3-Physics,XGBoost,x_physics_kv_cache_prefill_mean_request_bytes,numeric,4,outer_test_permutation,outer_train_only,243,62,276.4294172810538,10.804076294222664,3.1556349716154934,10,"{""colsample_bytree"":0.8,""learning_rate"":0.03,""max_depth"":3,""n_estimators"":300,""subsample"":0.8}",xgboost.sklearn
B3-Physics__XGBoost,B3-Physics,XGBoost,x_physics_kv_cache_prefill_max_request_bytes,numeric,4,outer_test_permutation,outer_train_only,243,62,276.4294172810538,4.957844592678947,0.7381636588356447,10,"{""colsample_bytree"":0.8,""learning_rate"":0.03,""max_depth"":3,""n_estimators"":300,""subsample"":0.8}",xgboost.sklearn
B3-Physics__XGBoost,B3-Physics,XGBoost,x_physics_weight_bytes_per_gpu_ideal,numeric,4,outer_test_permutation,outer_train_only,243,62,276.4294172810538,1.1931997752783445,2.7104107832288435,10,"{""colsample_bytree"":0.8,""learning_rate"":0.03,""max_depth"":3,""n_estimators"":300,""subsample"":0.8}",xgboost.sklearn
B3-Physics__XGBoost,B3-Physics,XGBoost,x_physics_decode_one_token_flop_per_request_mean,numeric,4,outer_test_permutation,outer_train_only,243,62,276.4294172810538,0.0,0.0,10,"{""colsample_bytree"":0.8,""learning_rate"":0.03,""max_depth"":3,""n_estimators"":300,""subsample"":0.8}",xgboost.sklearn
B3-Physics__XGBoost,B3-Physics,XGBoost,x_physics_decode_one_token_flop_per_request_p90,numeric,4,outer_test_permutation,outer_train_only,243,62,276.4294172810538,0.0,0.0,10,"{""colsample_bytree"":0.8,""learning_rate"":0.03,""max_depth"":3,""n_estimators"":300,""subsample"":0.8}",xgboost.sklearn
B3-Physics__XGBoost,B3-Physics,XGBoost,x_physics_decode_one_token_flop_per_request_p95,numeric,4,outer_test_permutation,outer_train_only,243,62,276.4294172810538,0.0,0.0,10,"{""colsample_bytree"":0.8,""learning_rate"":0.03,""max_depth"":3,""n_estimators"":300,""subsample"":0.8}",xgboost.sklearn
B3-Physics__XGBoost,B3-Physics,XGBoost,x_physics_decode_one_token_flop_per_request_max,numeric,4,outer_test_permutation,outer_train_only,243,62,276.4294172810538,-0.027885190902196655,0.011934391615215357,10,"{""colsample_bytree"":0.8,""learning_rate"":0.03,""max_depth"":3,""n_estimators"":300,""subsample"":0.8}",xgboost.sklearn
B3-Physics__XGBoost,B3-Physics,XGBoost,x_hardware_gpu_model,categorical,4,outer_test_permutation,outer_train_only,243,62,276.4294172810538,190.2100406737812,30.195994466847832,10,"{""colsample_bytree"":0.8,""learning_rate"":0.03,""max_depth"":3,""n_estimators"":300,""subsample"":0.8}",xgboost.sklearn
B3-Physics__XGBoost,B3-Physics,XGBoost,x_model_benchmark_architecture,categorical,4,outer_test_permutation,outer_train_only,243,62,276.4294172810538,0.0,0.0,10,"{""colsample_bytree"":0.8,""learning_rate"":0.03,""max_depth"":3,""n_estimators"":300,""subsample"":0.8}",xgboost.sklearn
B3-Physics__XGBoost,B3-Physics,XGBoost,x_model_benchmark_weight_precision,categorical,4,outer_test_permutation,outer_train_only,243,62,276.4294172810538,-13.26937269433085,4.101903941307557,10,"{""colsample_bytree"":0.8,""learning_rate"":0.03,""max_depth"":3,""n_estimators"":300,""subsample"":0.8}",xgboost.sklearn
B3-Physics__XGBoost,B3-Physics,XGBoost,x_model_architecture_family,categorical,4,outer_test_permutation,outer_train_only,243,62,276.4294172810538,0.0,0.0,10,"{""colsample_bytree"":0.8,""learning_rate"":0.03,""max_depth"":3,""n_estimators"":300,""subsample"":0.8}",xgboost.sklearn
B3-Physics__XGBoost,B3-Physics,XGBoost,x_model_attention_variant,categorical,4,outer_test_permutation,outer_train_only,243,62,276.4294172810538,0.0,0.0,10,"{""colsample_bytree"":0.8,""learning_rate"":0.03,""max_depth"":3,""n_estimators"":300,""subsample"":0.8}",xgboost.sklearn
B3-Physics__XGBoost,B3-Physics,XGBoost,x_model_mlp_structure,categorical,4,outer_test_permutation,outer_train_only,243,62,276.4294172810538,0.0,0.0,10,"{""colsample_bytree"":0.8,""learning_rate"":0.03,""max_depth"":3,""n_estimators"":300,""subsample"":0.8}",xgboost.sklearn
