reference_variant,candidate_variant,draw_index,equal_model_mae_delta_candidate_minus_reference
B0-Core__HistGradientBoosting,B4-Hardware__XGBoost,0,-68.77041844443973
B0-Core__HistGradientBoosting,B4-Hardware__XGBoost,1,-93.82764748478886
B0-Core__HistGradientBoosting,B4-Hardware__XGBoost,2,-89.16156360143019
B0-Core__HistGradientBoosting,B4-Hardware__XGBoost,3,-69.52891821589911
B0-Core__HistGradientBoosting,B4-Hardware__XGBoost,4,-69.24428000236773
B0-Core__HistGradientBoosting,B4-Hardware__XGBoost,5,-46.30795061320887
B0-Core__HistGradientBoosting,B4-Hardware__XGBoost,6,-176.22025653124618
B0-Core__HistGradientBoosting,B4-Hardware__XGBoost,7,-18.058975997465666
B0-Core__HistGradientBoosting,B4-Hardware__XGBoost,8,-76.39506952610876
B0-Core__HistGradientBoosting,B4-Hardware__XGBoost,9,-124.25537731960576
B0-Core__HistGradientBoosting,B4-Hardware__XGBoost,10,-75.74127865408819
B0-Core__HistGradientBoosting,B4-Hardware__XGBoost,11,-43.824766263679905
B0-Core__HistGradientBoosting,B4-Hardware__XGBoost,12,-90.37082050535517
B0-Core__HistGradientBoosting,B4-Hardware__XGBoost,13,-69.5201110272492
B0-Core__HistGradientBoosting,B4-Hardware__XGBoost,14,-110.56082910343922
B0-Core__HistGradientBoosting,B4-Hardware__XGBoost,15,-120.46697237119785
B0-Core__HistGradientBoosting,B4-Hardware__XGBoost,16,-63.83256446781366
B0-Core__HistGradientBoosting,B4-Hardware__XGBoost,17,-101.31389248743623
B0-Core__HistGradientBoosting,B4-Hardware__XGBoost,18,-24.555801238376546
B0-Core__HistGradientBoosting,B4-Hardware__XGBoost,19,-24.917178887646457
B0-Core__HistGradientBoosting,B4-Hardware__XGBoost,20,-83.72819479562474
B0-Core__HistGradientBoosting,B4-Hardware__XGBoost,21,-57.56212496990038
B0-Core__HistGradientBoosting,B4-Hardware__XGBoost,22,-119.1187236286197
B0-Core__HistGradientBoosting,B4-Hardware__XGBoost,23,-88.88933540569442
B0-Core__HistGradientBoosting,B4-Hardware__XGBoost,24,-49.494658106220804
B0-Core__HistGradientBoosting,B4-Hardware__XGBoost,25,-51.53890450142928
B0-Core__HistGradientBoosting,B4-Hardware__XGBoost,26,-96.16272022990013
B0-Core__HistGradientBoosting,B4-Hardware__XGBoost,27,-94.75178754747608
B0-Core__HistGradientBoosting,B4-Hardware__XGBoost,28,-48.45926645493463
B0-Core__HistGradientBoosting,B4-Hardware__XGBoost,29,-104.81114815074433
B0-Core__HistGradientBoosting,B4-Hardware__XGBoost,30,-73.09523689840984
B0-Core__HistGradientBoosting,B4-Hardware__XGBoost,31,-77.63762773904202
B0-Core__HistGradientBoosting,B4-Hardware__XGBoost,32,-78.8917888497707
B0-Core__HistGradientBoosting,B4-Hardware__XGBoost,33,-97.2289323420414
B0-Core__HistGradientBoosting,B4-Hardware__XGBoost,34,-43.96037432418551
B0-Core__HistGradientBoosting,B4-Hardware__XGBoost,35,-87.84541637880383
B0-Core__HistGradientBoosting,B4-Hardware__XGBoost,36,-40.23910059632135
B0-Core__HistGradientBoosting,B4-Hardware__XGBoost,37,-145.0830580403138
B0-Core__HistGradientBoosting,B4-Hardware__XGBoost,38,-81.62416906449778
B0-Core__HistGradientBoosting,B4-Hardware__XGBoost,39,-86.86685926439733
B0-Core__HistGradientBoosting,B4-Hardware__XGBoost,40,-91.88311016133926
B0-Core__HistGradientBoosting,B4-Hardware__XGBoost,41,-144.282059307098
B0-Core__HistGradientBoosting,B4-Hardware__XGBoost,42,-28.995253720384625
B0-Core__HistGradientBoosting,B4-Hardware__XGBoost,43,-91.11337137312451
B0-Core__HistGradientBoosting,B4-Hardware__XGBoost,44,-54.23833656314539
B0-Core__HistGradientBoosting,B4-Hardware__XGBoost,45,-52.8583700670041
B0-Core__HistGradientBoosting,B4-Hardware__XGBoost,46,-67.8082690670445
B0-Core__HistGradientBoosting,B4-Hardware__XGBoost,47,-31.930753002445186
B0-Core__HistGradientBoosting,B4-Hardware__XGBoost,48,-37.003337313985334
B0-Core__HistGradientBoosting,B4-Hardware__XGBoost,49,-60.60437336478913
B0-Core__HistGradientBoosting,B4-Hardware__XGBoost,50,-40.50473651094102
B0-Core__HistGradientBoosting,B4-Hardware__XGBoost,51,-66.91158908869986
B0-Core__HistGradientBoosting,B4-Hardware__XGBoost,52,-60.471684312437695
B0-Core__HistGradientBoosting,B4-Hardware__XGBoost,53,-53.906125027375616
B0-Core__HistGradientBoosting,B4-Hardware__XGBoost,54,-60.720350914352444
B0-Core__HistGradientBoosting,B4-Hardware__XGBoost,55,-64.51664103621235
B0-Core__HistGradientBoosting,B4-Hardware__XGBoost,56,-69.90127455735622
B0-Core__HistGradientBoosting,B4-Hardware__XGBoost,57,-62.15623080661089
B0-Core__HistGradientBoosting,B4-Hardware__XGBoost,58,-103.88642797920467
B0-Core__HistGradientBoosting,B4-Hardware__XGBoost,59,-48.84007304669308
B0-Core__HistGradientBoosting,B4-Hardware__XGBoost,60,-49.44441309969516
B0-Core__HistGradientBoosting,B4-Hardware__XGBoost,61,-42.470111328728095
B0-Core__HistGradientBoosting,B4-Hardware__XGBoost,62,-68.83100250589806
B0-Core__HistGradientBoosting,B4-Hardware__XGBoost,63,-56.9623804643321
B0-Core__HistGradientBoosting,B4-Hardware__XGBoost,64,-70.95435817725023
B0-Core__HistGradientBoosting,B4-Hardware__XGBoost,65,-78.92105702358963
B0-Core__HistGradientBoosting,B4-Hardware__XGBoost,66,-74.5179344182337
B0-Core__HistGradientBoosting,B4-Hardware__XGBoost,67,-59.64491704169556
B0-Core__HistGradientBoosting,B4-Hardware__XGBoost,68,-122.65542488791625
B0-Core__HistGradientBoosting,B4-Hardware__XGBoost,69,-78.92080413958385
B0-Core__HistGradientBoosting,B4-Hardware__XGBoost,70,-74.22215351192781
B0-Core__HistGradientBoosting,B4-Hardware__XGBoost,71,-76.65055108311581
B0-Core__HistGradientBoosting,B4-Hardware__XGBoost,72,-31.97814650471
B0-Core__HistGradientBoosting,B4-Hardware__XGBoost,73,-51.201785315266925
B0-Core__HistGradientBoosting,B4-Hardware__XGBoost,74,-56.26583963292422
B0-Core__HistGradientBoosting,B4-Hardware__XGBoost,75,-37.94104535726283
B0-Core__HistGradientBoosting,B4-Hardware__XGBoost,76,-56.41560238320876
B0-Core__HistGradientBoosting,B4-Hardware__XGBoost,77,-67.98372908059639
B0-Core__HistGradientBoosting,B4-Hardware__XGBoost,78,-61.480157916885254
B0-Core__HistGradientBoosting,B4-Hardware__XGBoost,79,-52.79788314567692
B0-Core__HistGradientBoosting,B4-Hardware__XGBoost,80,-77.2658379837754
B0-Core__HistGradientBoosting,B4-Hardware__XGBoost,81,-46.77091040081775
B0-Core__HistGradientBoosting,B4-Hardware__XGBoost,82,-66.88856294181714
B0-Core__HistGradientBoosting,B4-Hardware__XGBoost,83,-27.746175013984686
B0-Core__HistGradientBoosting,B4-Hardware__XGBoost,84,-102.59762589447534
B0-Core__HistGradientBoosting,B4-Hardware__XGBoost,85,-20.591471942796026
B0-Core__HistGradientBoosting,B4-Hardware__XGBoost,86,-41.76775090812388
B0-Core__HistGradientBoosting,B4-Hardware__XGBoost,87,-32.538941949106786
B0-Core__HistGradientBoosting,B4-Hardware__XGBoost,88,-46.84688018173925
B0-Core__HistGradientBoosting,B4-Hardware__XGBoost,89,-82.92832179050454
B0-Core__HistGradientBoosting,B4-Hardware__XGBoost,90,-67.81494118643353
B0-Core__HistGradientBoosting,B4-Hardware__XGBoost,91,-71.50954728859442
B0-Core__HistGradientBoosting,B4-Hardware__XGBoost,92,-67.58349574536409
B0-Core__HistGradientBoosting,B4-Hardware__XGBoost,93,-38.6943435278768
B0-Core__HistGradientBoosting,B4-Hardware__XGBoost,94,-57.43655515694486
B0-Core__HistGradientBoosting,B4-Hardware__XGBoost,95,-78.08695523744052
B0-Core__HistGradientBoosting,B4-Hardware__XGBoost,96,-84.64559355538991
B0-Core__HistGradientBoosting,B4-Hardware__XGBoost,97,-59.2922585025464
B0-Core__HistGradientBoosting,B4-Hardware__XGBoost,98,-67.62610146612349
B0-Core__HistGradientBoosting,B4-Hardware__XGBoost,99,-52.728747498815004
B0-Core__HistGradientBoosting,B4-Hardware__XGBoost,100,-49.67697788536635
B0-Core__HistGradientBoosting,B4-Hardware__XGBoost,101,-56.54221064216224
B0-Core__HistGradientBoosting,B4-Hardware__XGBoost,102,-73.18936452425532
B0-Core__HistGradientBoosting,B4-Hardware__XGBoost,103,-85.13198804908605
B0-Core__HistGradientBoosting,B4-Hardware__XGBoost,104,-142.44411744087898
B0-Core__HistGradientBoosting,B4-Hardware__XGBoost,105,-55.77320881675426
B0-Core__HistGradientBoosting,B4-Hardware__XGBoost,106,-20.40869336955938
B0-Core__HistGradientBoosting,B4-Hardware__XGBoost,107,-70.5657774874622
B0-Core__HistGradientBoosting,B4-Hardware__XGBoost,108,-105.22733577303734
B0-Core__HistGradientBoosting,B4-Hardware__XGBoost,109,-30.15820651612059
B0-Core__HistGradientBoosting,B4-Hardware__XGBoost,110,-29.78384312755063
B0-Core__HistGradientBoosting,B4-Hardware__XGBoost,111,-101.09177204946722
B0-Core__HistGradientBoosting,B4-Hardware__XGBoost,112,-105.13988863107554
B0-Core__HistGradientBoosting,B4-Hardware__XGBoost,113,-75.6696296231715
B0-Core__HistGradientBoosting,B4-Hardware__XGBoost,114,-70.70789699508285
B0-Core__HistGradientBoosting,B4-Hardware__XGBoost,115,-79.18212880388951
B0-Core__HistGradientBoosting,B4-Hardware__XGBoost,116,-111.34216905146569
B0-Core__HistGradientBoosting,B4-Hardware__XGBoost,117,-139.5591105490503
B0-Core__HistGradientBoosting,B4-Hardware__XGBoost,118,-36.41826897054067
B0-Core__HistGradientBoosting,B4-Hardware__XGBoost,119,-89.63243128233339
B0-Core__HistGradientBoosting,B4-Hardware__XGBoost,120,-58.10342211915259
B0-Core__HistGradientBoosting,B4-Hardware__XGBoost,121,-115.87807174645648
B0-Core__HistGradientBoosting,B4-Hardware__XGBoost,122,-75.32019765860899
B0-Core__HistGradientBoosting,B4-Hardware__XGBoost,123,-99.41196735625383
B0-Core__HistGradientBoosting,B4-Hardware__XGBoost,124,-30.139234451988223
B0-Core__HistGradientBoosting,B4-Hardware__XGBoost,125,-121.41215900937175
B0-Core__HistGradientBoosting,B4-Hardware__XGBoost,126,-54.75430409768229
B0-Core__HistGradientBoosting,B4-Hardware__XGBoost,127,-56.28589782709577
B0-Core__HistGradientBoosting,B4-Hardware__XGBoost,128,-55.67673854620949
B0-Core__HistGradientBoosting,B4-Hardware__XGBoost,129,-67.01577077282955
B0-Core__HistGradientBoosting,B4-Hardware__XGBoost,130,-62.035555943756
B0-Core__HistGradientBoosting,B4-Hardware__XGBoost,131,-61.10679286558458
B0-Core__HistGradientBoosting,B4-Hardware__XGBoost,132,-54.21604035639666
B0-Core__HistGradientBoosting,B4-Hardware__XGBoost,133,-89.62670797444532
B0-Core__HistGradientBoosting,B4-Hardware__XGBoost,134,-73.29598592136993
B0-Core__HistGradientBoosting,B4-Hardware__XGBoost,135,-24.54522501577311
B0-Core__HistGradientBoosting,B4-Hardware__XGBoost,136,-59.0971355602883
B0-Core__HistGradientBoosting,B4-Hardware__XGBoost,137,-42.95985351305478
B0-Core__HistGradientBoosting,B4-Hardware__XGBoost,138,-119.2936866571292
B0-Core__HistGradientBoosting,B4-Hardware__XGBoost,139,-96.26486007122055
B0-Core__HistGradientBoosting,B4-Hardware__XGBoost,140,-51.74538100397855
B0-Core__HistGradientBoosting,B4-Hardware__XGBoost,141,-62.201212887246776
B0-Core__HistGradientBoosting,B4-Hardware__XGBoost,142,-48.2824147671542
B0-Core__HistGradientBoosting,B4-Hardware__XGBoost,143,-105.08418466495729
B0-Core__HistGradientBoosting,B4-Hardware__XGBoost,144,-78.13170538636199
B0-Core__HistGradientBoosting,B4-Hardware__XGBoost,145,-26.040734567567274
B0-Core__HistGradientBoosting,B4-Hardware__XGBoost,146,-21.548943387157486
B0-Core__HistGradientBoosting,B4-Hardware__XGBoost,147,-87.98920821031604
B0-Core__HistGradientBoosting,B4-Hardware__XGBoost,148,-60.339318011802234
B0-Core__HistGradientBoosting,B4-Hardware__XGBoost,149,-116.39510550551174
B0-Core__HistGradientBoosting,B4-Hardware__XGBoost,150,-83.70643255134557
B0-Core__HistGradientBoosting,B4-Hardware__XGBoost,151,-69.37338267631652
B0-Core__HistGradientBoosting,B4-Hardware__XGBoost,152,-85.31831087531684
B0-Core__HistGradientBoosting,B4-Hardware__XGBoost,153,-102.56679466047692
B0-Core__HistGradientBoosting,B4-Hardware__XGBoost,154,-113.83512219881496
B0-Core__HistGradientBoosting,B4-Hardware__XGBoost,155,-39.93184720988462
B0-Core__HistGradientBoosting,B4-Hardware__XGBoost,156,-26.659137845354767
B0-Core__HistGradientBoosting,B4-Hardware__XGBoost,157,-94.86122903145325
B0-Core__HistGradientBoosting,B4-Hardware__XGBoost,158,-38.319566923979956
B0-Core__HistGradientBoosting,B4-Hardware__XGBoost,159,-50.06631706017845
B0-Core__HistGradientBoosting,B4-Hardware__XGBoost,160,-73.6698853172156
B0-Core__HistGradientBoosting,B4-Hardware__XGBoost,161,-75.72041320765447
B0-Core__HistGradientBoosting,B4-Hardware__XGBoost,162,-76.90298670839586
B0-Core__HistGradientBoosting,B4-Hardware__XGBoost,163,-49.255490560052735
B0-Core__HistGradientBoosting,B4-Hardware__XGBoost,164,-42.0890958214355
B0-Core__HistGradientBoosting,B4-Hardware__XGBoost,165,-93.89045763382352
B0-Core__HistGradientBoosting,B4-Hardware__XGBoost,166,-80.16962235911099
B0-Core__HistGradientBoosting,B4-Hardware__XGBoost,167,-74.84400474500161
B0-Core__HistGradientBoosting,B4-Hardware__XGBoost,168,-61.35273317631141
B0-Core__HistGradientBoosting,B4-Hardware__XGBoost,169,-125.39530284810469
B0-Core__HistGradientBoosting,B4-Hardware__XGBoost,170,-120.09796457115536
B0-Core__HistGradientBoosting,B4-Hardware__XGBoost,171,-154.4325968849358
B0-Core__HistGradientBoosting,B4-Hardware__XGBoost,172,-53.70504301802206
B0-Core__HistGradientBoosting,B4-Hardware__XGBoost,173,-63.98329803880675
B0-Core__HistGradientBoosting,B4-Hardware__XGBoost,174,-82.74385264864688
B0-Core__HistGradientBoosting,B4-Hardware__XGBoost,175,-41.95878307656737
B0-Core__HistGradientBoosting,B4-Hardware__XGBoost,176,-68.62439527221038
B0-Core__HistGradientBoosting,B4-Hardware__XGBoost,177,-114.72883944520655
B0-Core__HistGradientBoosting,B4-Hardware__XGBoost,178,-35.79504328489158
B0-Core__HistGradientBoosting,B4-Hardware__XGBoost,179,-52.98893051886662
B0-Core__HistGradientBoosting,B4-Hardware__XGBoost,180,-93.22602906051488
B0-Core__HistGradientBoosting,B4-Hardware__XGBoost,181,-77.28494990724786
B0-Core__HistGradientBoosting,B4-Hardware__XGBoost,182,-56.98135017276097
B0-Core__HistGradientBoosting,B4-Hardware__XGBoost,183,-67.08223635252524
B0-Core__HistGradientBoosting,B4-Hardware__XGBoost,184,-38.87665227915819
B0-Core__HistGradientBoosting,B4-Hardware__XGBoost,185,-28.75013468985689
B0-Core__HistGradientBoosting,B4-Hardware__XGBoost,186,-81.61099714820371
B0-Core__HistGradientBoosting,B4-Hardware__XGBoost,187,-97.55082006652127
B0-Core__HistGradientBoosting,B4-Hardware__XGBoost,188,-114.9017101765463
B0-Core__HistGradientBoosting,B4-Hardware__XGBoost,189,-55.242325585156316
B0-Core__HistGradientBoosting,B4-Hardware__XGBoost,190,-25.61749950268521
B0-Core__HistGradientBoosting,B4-Hardware__XGBoost,191,-50.130888443356405
B0-Core__HistGradientBoosting,B4-Hardware__XGBoost,192,-33.84799113375518
B0-Core__HistGradientBoosting,B4-Hardware__XGBoost,193,-88.32634411674628
B0-Core__HistGradientBoosting,B4-Hardware__XGBoost,194,-30.915336229160225
B0-Core__HistGradientBoosting,B4-Hardware__XGBoost,195,-63.44331747716467
B0-Core__HistGradientBoosting,B4-Hardware__XGBoost,196,-79.31021994731054
B0-Core__HistGradientBoosting,B4-Hardware__XGBoost,197,-61.78789336763547
B0-Core__HistGradientBoosting,B4-Hardware__XGBoost,198,-131.21654219485225
B0-Core__HistGradientBoosting,B4-Hardware__XGBoost,199,-49.563691140340204
B0-Core__HistGradientBoosting,B4-Hardware__XGBoost,200,-110.1224497149178
B0-Core__HistGradientBoosting,B4-Hardware__XGBoost,201,-111.58721877996201
B0-Core__HistGradientBoosting,B4-Hardware__XGBoost,202,-56.28139777976992
B0-Core__HistGradientBoosting,B4-Hardware__XGBoost,203,-43.736606218382235
B0-Core__HistGradientBoosting,B4-Hardware__XGBoost,204,-67.50769745427604
B0-Core__HistGradientBoosting,B4-Hardware__XGBoost,205,-38.19960761468888
B0-Core__HistGradientBoosting,B4-Hardware__XGBoost,206,-51.730764017169285
B0-Core__HistGradientBoosting,B4-Hardware__XGBoost,207,-61.55628338605574
B0-Core__HistGradientBoosting,B4-Hardware__XGBoost,208,-84.52680679143064
B0-Core__HistGradientBoosting,B4-Hardware__XGBoost,209,-47.18503248973111
B0-Core__HistGradientBoosting,B4-Hardware__XGBoost,210,-139.19700527331864
B0-Core__HistGradientBoosting,B4-Hardware__XGBoost,211,-49.233468009688465
B0-Core__HistGradientBoosting,B4-Hardware__XGBoost,212,-37.246398899541575
B0-Core__HistGradientBoosting,B4-Hardware__XGBoost,213,-84.01357336510368
B0-Core__HistGradientBoosting,B4-Hardware__XGBoost,214,-80.1269720476355
B0-Core__HistGradientBoosting,B4-Hardware__XGBoost,215,-76.42972590616932
B0-Core__HistGradientBoosting,B4-Hardware__XGBoost,216,-48.5004361474486
B0-Core__HistGradientBoosting,B4-Hardware__XGBoost,217,-17.101302411112396
B0-Core__HistGradientBoosting,B4-Hardware__XGBoost,218,-136.68275615422175
B0-Core__HistGradientBoosting,B4-Hardware__XGBoost,219,-67.5813108465218
B0-Core__HistGradientBoosting,B4-Hardware__XGBoost,220,-39.480708849456434
B0-Core__HistGradientBoosting,B4-Hardware__XGBoost,221,-101.93321123085731
B0-Core__HistGradientBoosting,B4-Hardware__XGBoost,222,-49.03721390831239
B0-Core__HistGradientBoosting,B4-Hardware__XGBoost,223,-49.88692035326289
B0-Core__HistGradientBoosting,B4-Hardware__XGBoost,224,-48.21185267621679
B0-Core__HistGradientBoosting,B4-Hardware__XGBoost,225,-22.56980036832481
B0-Core__HistGradientBoosting,B4-Hardware__XGBoost,226,-42.45724360497861
B0-Core__HistGradientBoosting,B4-Hardware__XGBoost,227,-13.325106015312459
B0-Core__HistGradientBoosting,B4-Hardware__XGBoost,228,-77.28198652679258
B0-Core__HistGradientBoosting,B4-Hardware__XGBoost,229,-48.762608905864624
B0-Core__HistGradientBoosting,B4-Hardware__XGBoost,230,-33.529186814261195
B0-Core__HistGradientBoosting,B4-Hardware__XGBoost,231,-91.5726119647545
B0-Core__HistGradientBoosting,B4-Hardware__XGBoost,232,-84.63307528921203
B0-Core__HistGradientBoosting,B4-Hardware__XGBoost,233,-99.35987926265818
B0-Core__HistGradientBoosting,B4-Hardware__XGBoost,234,-94.13383010625965
B0-Core__HistGradientBoosting,B4-Hardware__XGBoost,235,-64.85196353315074
B0-Core__HistGradientBoosting,B4-Hardware__XGBoost,236,-86.75898966764916
B0-Core__HistGradientBoosting,B4-Hardware__XGBoost,237,-30.726360519852467
B0-Core__HistGradientBoosting,B4-Hardware__XGBoost,238,-127.12218347827567
B0-Core__HistGradientBoosting,B4-Hardware__XGBoost,239,-46.445176181182894
B0-Core__HistGradientBoosting,B4-Hardware__XGBoost,240,-72.31643306492404
B0-Core__HistGradientBoosting,B4-Hardware__XGBoost,241,-60.99819703111625
B0-Core__HistGradientBoosting,B4-Hardware__XGBoost,242,-41.04488371410258
B0-Core__HistGradientBoosting,B4-Hardware__XGBoost,243,-83.87275178556918
B0-Core__HistGradientBoosting,B4-Hardware__XGBoost,244,-80.09928433583487
B0-Core__HistGradientBoosting,B4-Hardware__XGBoost,245,-58.54137342526017
B0-Core__HistGradientBoosting,B4-Hardware__XGBoost,246,-45.453685636179095
B0-Core__HistGradientBoosting,B4-Hardware__XGBoost,247,-51.28653922935883
B0-Core__HistGradientBoosting,B4-Hardware__XGBoost,248,-39.99915365300668
B0-Core__HistGradientBoosting,B4-Hardware__XGBoost,249,-112.64092034400149
B0-Core__HistGradientBoosting,B4-Hardware__XGBoost,250,-102.97928466837766
B0-Core__HistGradientBoosting,B4-Hardware__XGBoost,251,-77.03349047030858
B0-Core__HistGradientBoosting,B4-Hardware__XGBoost,252,-68.49979759418179
B0-Core__HistGradientBoosting,B4-Hardware__XGBoost,253,-79.86032781957533
B0-Core__HistGradientBoosting,B4-Hardware__XGBoost,254,-90.82518376813864
B0-Core__HistGradientBoosting,B4-Hardware__XGBoost,255,-61.770112945681014
B0-Core__HistGradientBoosting,B4-Hardware__XGBoost,256,-69.14304034681183
B0-Core__HistGradientBoosting,B4-Hardware__XGBoost,257,-88.56137380485806
B0-Core__HistGradientBoosting,B4-Hardware__XGBoost,258,-95.05123409666034
B0-Core__HistGradientBoosting,B4-Hardware__XGBoost,259,-65.03259774813695
B0-Core__HistGradientBoosting,B4-Hardware__XGBoost,260,-34.32410566242261
B0-Core__HistGradientBoosting,B4-Hardware__XGBoost,261,-87.63465467657286
B0-Core__HistGradientBoosting,B4-Hardware__XGBoost,262,-57.26528359556922
B0-Core__HistGradientBoosting,B4-Hardware__XGBoost,263,-60.18356934463215
B0-Core__HistGradientBoosting,B4-Hardware__XGBoost,264,-86.66112122627312
B0-Core__HistGradientBoosting,B4-Hardware__XGBoost,265,-63.06647130550995
B0-Core__HistGradientBoosting,B4-Hardware__XGBoost,266,-95.79085844345137
B0-Core__HistGradientBoosting,B4-Hardware__XGBoost,267,-70.35197962791084
B0-Core__HistGradientBoosting,B4-Hardware__XGBoost,268,-62.745295432853375
B0-Core__HistGradientBoosting,B4-Hardware__XGBoost,269,-47.381513013668304
B0-Core__HistGradientBoosting,B4-Hardware__XGBoost,270,-28.333161503619746
B0-Core__HistGradientBoosting,B4-Hardware__XGBoost,271,-42.35677930047013
B0-Core__HistGradientBoosting,B4-Hardware__XGBoost,272,-14.07171839350185
B0-Core__HistGradientBoosting,B4-Hardware__XGBoost,273,-33.795414198272745
B0-Core__HistGradientBoosting,B4-Hardware__XGBoost,274,-79.15482382743303
B0-Core__HistGradientBoosting,B4-Hardware__XGBoost,275,-39.17714755252026
B0-Core__HistGradientBoosting,B4-Hardware__XGBoost,276,-46.82233166172615
B0-Core__HistGradientBoosting,B4-Hardware__XGBoost,277,-49.13616500859969
B0-Core__HistGradientBoosting,B4-Hardware__XGBoost,278,-25.829929000224134
B0-Core__HistGradientBoosting,B4-Hardware__XGBoost,279,-97.82523375751647
B0-Core__HistGradientBoosting,B4-Hardware__XGBoost,280,-8.673637617542902
B0-Core__HistGradientBoosting,B4-Hardware__XGBoost,281,-49.95907308433802
B0-Core__HistGradientBoosting,B4-Hardware__XGBoost,282,-46.22636359665662
B0-Core__HistGradientBoosting,B4-Hardware__XGBoost,283,-69.94179852423825
B0-Core__HistGradientBoosting,B4-Hardware__XGBoost,284,-47.222791346935004
B0-Core__HistGradientBoosting,B4-Hardware__XGBoost,285,-71.23264123596192
B0-Core__HistGradientBoosting,B4-Hardware__XGBoost,286,-84.3755941957206
B0-Core__HistGradientBoosting,B4-Hardware__XGBoost,287,-86.74321749976866
B0-Core__HistGradientBoosting,B4-Hardware__XGBoost,288,-66.16950233589964
B0-Core__HistGradientBoosting,B4-Hardware__XGBoost,289,-95.28722990522036
B0-Core__HistGradientBoosting,B4-Hardware__XGBoost,290,-71.99732171465205
B0-Core__HistGradientBoosting,B4-Hardware__XGBoost,291,-42.443461832184084
B0-Core__HistGradientBoosting,B4-Hardware__XGBoost,292,-74.91285288625438
B0-Core__HistGradientBoosting,B4-Hardware__XGBoost,293,-39.459570314074895
B0-Core__HistGradientBoosting,B4-Hardware__XGBoost,294,-117.87643224416775
B0-Core__HistGradientBoosting,B4-Hardware__XGBoost,295,-54.221400460743034
B0-Core__HistGradientBoosting,B4-Hardware__XGBoost,296,-99.15532513588279
B0-Core__HistGradientBoosting,B4-Hardware__XGBoost,297,-78.55850179657943
B0-Core__HistGradientBoosting,B4-Hardware__XGBoost,298,-73.60004275728095
B0-Core__HistGradientBoosting,B4-Hardware__XGBoost,299,-49.466237151481025
B0-Core__HistGradientBoosting,B4-Hardware__XGBoost,300,-86.24176009191328
B0-Core__HistGradientBoosting,B4-Hardware__XGBoost,301,-44.215806178465975
B0-Core__HistGradientBoosting,B4-Hardware__XGBoost,302,-107.62060400913595
B0-Core__HistGradientBoosting,B4-Hardware__XGBoost,303,-24.77838340597385
B0-Core__HistGradientBoosting,B4-Hardware__XGBoost,304,-62.89111833403151
B0-Core__HistGradientBoosting,B4-Hardware__XGBoost,305,-41.521432572724166
B0-Core__HistGradientBoosting,B4-Hardware__XGBoost,306,-98.00666825358407
B0-Core__HistGradientBoosting,B4-Hardware__XGBoost,307,-48.37105770590188
B0-Core__HistGradientBoosting,B4-Hardware__XGBoost,308,-14.741134760838992
B0-Core__HistGradientBoosting,B4-Hardware__XGBoost,309,-92.19493925117196
B0-Core__HistGradientBoosting,B4-Hardware__XGBoost,310,-46.67258213868142
B0-Core__HistGradientBoosting,B4-Hardware__XGBoost,311,-76.40070646504944
B0-Core__HistGradientBoosting,B4-Hardware__XGBoost,312,-67.38604244686199
B0-Core__HistGradientBoosting,B4-Hardware__XGBoost,313,-37.483798311618
B0-Core__HistGradientBoosting,B4-Hardware__XGBoost,314,-59.61368449739795
B0-Core__HistGradientBoosting,B4-Hardware__XGBoost,315,-52.07482870155262
B0-Core__HistGradientBoosting,B4-Hardware__XGBoost,316,-56.63941416347067
B0-Core__HistGradientBoosting,B4-Hardware__XGBoost,317,-48.25427336135275
B0-Core__HistGradientBoosting,B4-Hardware__XGBoost,318,-74.93608933728765
B0-Core__HistGradientBoosting,B4-Hardware__XGBoost,319,-79.6279771116875
B0-Core__HistGradientBoosting,B4-Hardware__XGBoost,320,-35.528579695253356
B0-Core__HistGradientBoosting,B4-Hardware__XGBoost,321,-133.80291376218833
B0-Core__HistGradientBoosting,B4-Hardware__XGBoost,322,-102.44678572104378
B0-Core__HistGradientBoosting,B4-Hardware__XGBoost,323,-70.66452443260347
B0-Core__HistGradientBoosting,B4-Hardware__XGBoost,324,-70.55741436803648
B0-Core__HistGradientBoosting,B4-Hardware__XGBoost,325,-104.22092427617258
B0-Core__HistGradientBoosting,B4-Hardware__XGBoost,326,-52.85591321925944
B0-Core__HistGradientBoosting,B4-Hardware__XGBoost,327,-72.92924939185829
B0-Core__HistGradientBoosting,B4-Hardware__XGBoost,328,-74.70931259784008
B0-Core__HistGradientBoosting,B4-Hardware__XGBoost,329,-80.993069828123
B0-Core__HistGradientBoosting,B4-Hardware__XGBoost,330,-39.94084529118527
B0-Core__HistGradientBoosting,B4-Hardware__XGBoost,331,-43.319295088015274
B0-Core__HistGradientBoosting,B4-Hardware__XGBoost,332,-61.80550498720678
B0-Core__HistGradientBoosting,B4-Hardware__XGBoost,333,-29.073039208836395
B0-Core__HistGradientBoosting,B4-Hardware__XGBoost,334,-125.19884311843076
B0-Core__HistGradientBoosting,B4-Hardware__XGBoost,335,-67.11384141077858
B0-Core__HistGradientBoosting,B4-Hardware__XGBoost,336,-38.968722351619014
B0-Core__HistGradientBoosting,B4-Hardware__XGBoost,337,-15.801533043703454
B0-Core__HistGradientBoosting,B4-Hardware__XGBoost,338,-23.76131612845709
B0-Core__HistGradientBoosting,B4-Hardware__XGBoost,339,-15.18932966783876
B0-Core__HistGradientBoosting,B4-Hardware__XGBoost,340,-114.77807791848612
B0-Core__HistGradientBoosting,B4-Hardware__XGBoost,341,-51.744834423579015
B0-Core__HistGradientBoosting,B4-Hardware__XGBoost,342,-86.56770946238953
B0-Core__HistGradientBoosting,B4-Hardware__XGBoost,343,-81.1844289478123
B0-Core__HistGradientBoosting,B4-Hardware__XGBoost,344,-181.89843258957657
B0-Core__HistGradientBoosting,B4-Hardware__XGBoost,345,-93.07831148211446
B0-Core__HistGradientBoosting,B4-Hardware__XGBoost,346,-77.4288894925717
B0-Core__HistGradientBoosting,B4-Hardware__XGBoost,347,-80.29788631254576
B0-Core__HistGradientBoosting,B4-Hardware__XGBoost,348,-61.7295790079895
B0-Core__HistGradientBoosting,B4-Hardware__XGBoost,349,-62.5511723595752
B0-Core__HistGradientBoosting,B4-Hardware__XGBoost,350,-60.132426406608324
B0-Core__HistGradientBoosting,B4-Hardware__XGBoost,351,-141.65871259810012
B0-Core__HistGradientBoosting,B4-Hardware__XGBoost,352,-40.05039974900912
B0-Core__HistGradientBoosting,B4-Hardware__XGBoost,353,-73.15057441536939
B0-Core__HistGradientBoosting,B4-Hardware__XGBoost,354,-81.24733846269058
B0-Core__HistGradientBoosting,B4-Hardware__XGBoost,355,-88.17845931622607
B0-Core__HistGradientBoosting,B4-Hardware__XGBoost,356,-29.220649597234928
B0-Core__HistGradientBoosting,B4-Hardware__XGBoost,357,-59.75652007553358
B0-Core__HistGradientBoosting,B4-Hardware__XGBoost,358,-58.607882882394414
B0-Core__HistGradientBoosting,B4-Hardware__XGBoost,359,-43.10779348199304
B0-Core__HistGradientBoosting,B4-Hardware__XGBoost,360,-119.66007608878621
B0-Core__HistGradientBoosting,B4-Hardware__XGBoost,361,-69.78266105023572
B0-Core__HistGradientBoosting,B4-Hardware__XGBoost,362,-87.29673590238224
B0-Core__HistGradientBoosting,B4-Hardware__XGBoost,363,-49.75054940897022
B0-Core__HistGradientBoosting,B4-Hardware__XGBoost,364,-108.00266696309701
B0-Core__HistGradientBoosting,B4-Hardware__XGBoost,365,-107.22955701138422
B0-Core__HistGradientBoosting,B4-Hardware__XGBoost,366,-129.45341692027588
B0-Core__HistGradientBoosting,B4-Hardware__XGBoost,367,-85.55728516890942
B0-Core__HistGradientBoosting,B4-Hardware__XGBoost,368,-36.42521161836514
B0-Core__HistGradientBoosting,B4-Hardware__XGBoost,369,-78.99338073404704
B0-Core__HistGradientBoosting,B4-Hardware__XGBoost,370,-80.72836414980557
B0-Core__HistGradientBoosting,B4-Hardware__XGBoost,371,-45.647654733635285
B0-Core__HistGradientBoosting,B4-Hardware__XGBoost,372,-34.86347984833755
B0-Core__HistGradientBoosting,B4-Hardware__XGBoost,373,-57.914820828732886
B0-Core__HistGradientBoosting,B4-Hardware__XGBoost,374,-56.90205061400685
B0-Core__HistGradientBoosting,B4-Hardware__XGBoost,375,-99.22149368176387
B0-Core__HistGradientBoosting,B4-Hardware__XGBoost,376,-103.92749914883451
B0-Core__HistGradientBoosting,B4-Hardware__XGBoost,377,-80.84391083806895
B0-Core__HistGradientBoosting,B4-Hardware__XGBoost,378,-113.88392674515858
B0-Core__HistGradientBoosting,B4-Hardware__XGBoost,379,-45.23018690251553
B0-Core__HistGradientBoosting,B4-Hardware__XGBoost,380,-59.678545654973846
B0-Core__HistGradientBoosting,B4-Hardware__XGBoost,381,-33.10569767577148
B0-Core__HistGradientBoosting,B4-Hardware__XGBoost,382,-88.35682132762933
B0-Core__HistGradientBoosting,B4-Hardware__XGBoost,383,-95.87800892812143
B0-Core__HistGradientBoosting,B4-Hardware__XGBoost,384,-66.95169382248584
B0-Core__HistGradientBoosting,B4-Hardware__XGBoost,385,-87.16291287111414
B0-Core__HistGradientBoosting,B4-Hardware__XGBoost,386,-84.81038935449983
B0-Core__HistGradientBoosting,B4-Hardware__XGBoost,387,-103.63820099595326
B0-Core__HistGradientBoosting,B4-Hardware__XGBoost,388,-68.97100603761656
B0-Core__HistGradientBoosting,B4-Hardware__XGBoost,389,-68.25881488822762
B0-Core__HistGradientBoosting,B4-Hardware__XGBoost,390,-51.57580280673381
B0-Core__HistGradientBoosting,B4-Hardware__XGBoost,391,-107.5182129186437
B0-Core__HistGradientBoosting,B4-Hardware__XGBoost,392,-46.802330651294234
B0-Core__HistGradientBoosting,B4-Hardware__XGBoost,393,-62.633667603720696
B0-Core__HistGradientBoosting,B4-Hardware__XGBoost,394,-32.60495139396227
B0-Core__HistGradientBoosting,B4-Hardware__XGBoost,395,-13.769048298674283
B0-Core__HistGradientBoosting,B4-Hardware__XGBoost,396,-61.137128331955125
B0-Core__HistGradientBoosting,B4-Hardware__XGBoost,397,-141.13541662144502
B0-Core__HistGradientBoosting,B4-Hardware__XGBoost,398,-65.3744153442246
B0-Core__HistGradientBoosting,B4-Hardware__XGBoost,399,-49.97540728114062
B0-Core__HistGradientBoosting,B4-Hardware__XGBoost,400,-152.88750413545742
B0-Core__HistGradientBoosting,B4-Hardware__XGBoost,401,-60.80020260362012
B0-Core__HistGradientBoosting,B4-Hardware__XGBoost,402,-119.9421994911887
B0-Core__HistGradientBoosting,B4-Hardware__XGBoost,403,-81.34928208855152
B0-Core__HistGradientBoosting,B4-Hardware__XGBoost,404,-69.9538006900098
B0-Core__HistGradientBoosting,B4-Hardware__XGBoost,405,-27.541896805476817
B0-Core__HistGradientBoosting,B4-Hardware__XGBoost,406,-78.18861634547147
B0-Core__HistGradientBoosting,B4-Hardware__XGBoost,407,-20.08834933161891
B0-Core__HistGradientBoosting,B4-Hardware__XGBoost,408,-81.86806490704784
B0-Core__HistGradientBoosting,B4-Hardware__XGBoost,409,-27.9760457751853
B0-Core__HistGradientBoosting,B4-Hardware__XGBoost,410,-84.236421441653
B0-Core__HistGradientBoosting,B4-Hardware__XGBoost,411,-64.16621333680048
B0-Core__HistGradientBoosting,B4-Hardware__XGBoost,412,-71.12217000579065
B0-Core__HistGradientBoosting,B4-Hardware__XGBoost,413,-99.50053182674947
B0-Core__HistGradientBoosting,B4-Hardware__XGBoost,414,-58.8026654030174
B0-Core__HistGradientBoosting,B4-Hardware__XGBoost,415,-27.955485598418623
B0-Core__HistGradientBoosting,B4-Hardware__XGBoost,416,-95.97362566404188
B0-Core__HistGradientBoosting,B4-Hardware__XGBoost,417,-60.19647309405918
B0-Core__HistGradientBoosting,B4-Hardware__XGBoost,418,-20.83892051525069
B0-Core__HistGradientBoosting,B4-Hardware__XGBoost,419,-64.65439802534762
B0-Core__HistGradientBoosting,B4-Hardware__XGBoost,420,-68.78506299637421
B0-Core__HistGradientBoosting,B4-Hardware__XGBoost,421,-77.33070665314618
B0-Core__HistGradientBoosting,B4-Hardware__XGBoost,422,-94.04679808426124
B0-Core__HistGradientBoosting,B4-Hardware__XGBoost,423,-64.43696369614061
B0-Core__HistGradientBoosting,B4-Hardware__XGBoost,424,-52.33981495878928
B0-Core__HistGradientBoosting,B4-Hardware__XGBoost,425,-81.80900029627826
B0-Core__HistGradientBoosting,B4-Hardware__XGBoost,426,-76.36862795176452
B0-Core__HistGradientBoosting,B4-Hardware__XGBoost,427,-53.19068574196621
B0-Core__HistGradientBoosting,B4-Hardware__XGBoost,428,-26.279239895699895
B0-Core__HistGradientBoosting,B4-Hardware__XGBoost,429,-35.94712394921397
B0-Core__HistGradientBoosting,B4-Hardware__XGBoost,430,-58.30408877188774
B0-Core__HistGradientBoosting,B4-Hardware__XGBoost,431,-60.96993253377404
B0-Core__HistGradientBoosting,B4-Hardware__XGBoost,432,-89.0929720969256
B0-Core__HistGradientBoosting,B4-Hardware__XGBoost,433,-40.03666416714842
B0-Core__HistGradientBoosting,B4-Hardware__XGBoost,434,-79.55981051740454
B0-Core__HistGradientBoosting,B4-Hardware__XGBoost,435,-105.86526493118842
B0-Core__HistGradientBoosting,B4-Hardware__XGBoost,436,-18.46534672306685
B0-Core__HistGradientBoosting,B4-Hardware__XGBoost,437,-114.54973681350488
B0-Core__HistGradientBoosting,B4-Hardware__XGBoost,438,-108.44607684081699
B0-Core__HistGradientBoosting,B4-Hardware__XGBoost,439,-68.35204838652376
B0-Core__HistGradientBoosting,B4-Hardware__XGBoost,440,-54.17979200484714
B0-Core__HistGradientBoosting,B4-Hardware__XGBoost,441,-41.098328718197344
B0-Core__HistGradientBoosting,B4-Hardware__XGBoost,442,-27.570184068942044
B0-Core__HistGradientBoosting,B4-Hardware__XGBoost,443,-63.84020087395107
B0-Core__HistGradientBoosting,B4-Hardware__XGBoost,444,-49.38852522196854
B0-Core__HistGradientBoosting,B4-Hardware__XGBoost,445,-41.52870204659842
B0-Core__HistGradientBoosting,B4-Hardware__XGBoost,446,-75.4201046722962
B0-Core__HistGradientBoosting,B4-Hardware__XGBoost,447,-36.46762016986842
B0-Core__HistGradientBoosting,B4-Hardware__XGBoost,448,-15.305348132661077
B0-Core__HistGradientBoosting,B4-Hardware__XGBoost,449,-79.55355686638225
B0-Core__HistGradientBoosting,B4-Hardware__XGBoost,450,-140.2452892354198
B0-Core__HistGradientBoosting,B4-Hardware__XGBoost,451,-85.0631909600713
B0-Core__HistGradientBoosting,B4-Hardware__XGBoost,452,-51.67430117119329
B0-Core__HistGradientBoosting,B4-Hardware__XGBoost,453,-21.15905923681973
B0-Core__HistGradientBoosting,B4-Hardware__XGBoost,454,-74.51781517138845
B0-Core__HistGradientBoosting,B4-Hardware__XGBoost,455,-58.12361674301115
B0-Core__HistGradientBoosting,B4-Hardware__XGBoost,456,-85.83838678476698
B0-Core__HistGradientBoosting,B4-Hardware__XGBoost,457,-166.3093457566175
B0-Core__HistGradientBoosting,B4-Hardware__XGBoost,458,-70.7772402464885
B0-Core__HistGradientBoosting,B4-Hardware__XGBoost,459,-101.41169025279872
B0-Core__HistGradientBoosting,B4-Hardware__XGBoost,460,-20.84386716956421
B0-Core__HistGradientBoosting,B4-Hardware__XGBoost,461,-81.58044136836709
B0-Core__HistGradientBoosting,B4-Hardware__XGBoost,462,-58.411842460015215
B0-Core__HistGradientBoosting,B4-Hardware__XGBoost,463,-69.44668599382638
B0-Core__HistGradientBoosting,B4-Hardware__XGBoost,464,-72.33138779378781
B0-Core__HistGradientBoosting,B4-Hardware__XGBoost,465,-27.62956833172083
B0-Core__HistGradientBoosting,B4-Hardware__XGBoost,466,-62.92669142990922
B0-Core__HistGradientBoosting,B4-Hardware__XGBoost,467,-25.424259054436284
B0-Core__HistGradientBoosting,B4-Hardware__XGBoost,468,-137.09377536326056
B0-Core__HistGradientBoosting,B4-Hardware__XGBoost,469,-83.71608385666316
B0-Core__HistGradientBoosting,B4-Hardware__XGBoost,470,-82.42848745670584
B0-Core__HistGradientBoosting,B4-Hardware__XGBoost,471,-74.1006495116133
B0-Core__HistGradientBoosting,B4-Hardware__XGBoost,472,-70.54207805425936
B0-Core__HistGradientBoosting,B4-Hardware__XGBoost,473,-60.49269847756873
B0-Core__HistGradientBoosting,B4-Hardware__XGBoost,474,-73.52342593689102
B0-Core__HistGradientBoosting,B4-Hardware__XGBoost,475,-25.585138691232803
B0-Core__HistGradientBoosting,B4-Hardware__XGBoost,476,-110.61652939245609
B0-Core__HistGradientBoosting,B4-Hardware__XGBoost,477,-49.03814217812713
B0-Core__HistGradientBoosting,B4-Hardware__XGBoost,478,-61.2795433061097
B0-Core__HistGradientBoosting,B4-Hardware__XGBoost,479,-58.088597027830545
B0-Core__HistGradientBoosting,B4-Hardware__XGBoost,480,-45.328406623310244
B0-Core__HistGradientBoosting,B4-Hardware__XGBoost,481,-79.66040114388888
B0-Core__HistGradientBoosting,B4-Hardware__XGBoost,482,-52.79963873929642
B0-Core__HistGradientBoosting,B4-Hardware__XGBoost,483,-90.81436534964544
B0-Core__HistGradientBoosting,B4-Hardware__XGBoost,484,-90.01403598510446
B0-Core__HistGradientBoosting,B4-Hardware__XGBoost,485,-61.59779683706961
B0-Core__HistGradientBoosting,B4-Hardware__XGBoost,486,-33.894252420640505
B0-Core__HistGradientBoosting,B4-Hardware__XGBoost,487,-39.82384996315578
B0-Core__HistGradientBoosting,B4-Hardware__XGBoost,488,-45.07958075334887
B0-Core__HistGradientBoosting,B4-Hardware__XGBoost,489,-44.4103628934439
B0-Core__HistGradientBoosting,B4-Hardware__XGBoost,490,-160.33648769919975
B0-Core__HistGradientBoosting,B4-Hardware__XGBoost,491,-76.69539499299444
B0-Core__HistGradientBoosting,B4-Hardware__XGBoost,492,-46.13942304493502
B0-Core__HistGradientBoosting,B4-Hardware__XGBoost,493,-21.060079857502835
B0-Core__HistGradientBoosting,B4-Hardware__XGBoost,494,-28.613859419270586
B0-Core__HistGradientBoosting,B4-Hardware__XGBoost,495,-63.91623441054349
B0-Core__HistGradientBoosting,B4-Hardware__XGBoost,496,-75.7480914449501
B0-Core__HistGradientBoosting,B4-Hardware__XGBoost,497,-45.88030632308316
B0-Core__HistGradientBoosting,B4-Hardware__XGBoost,498,-71.08692459496605
B0-Core__HistGradientBoosting,B4-Hardware__XGBoost,499,-85.43843850926994
B0-Core__HistGradientBoosting,B4-Hardware__XGBoost,500,-46.10768912482183
B0-Core__HistGradientBoosting,B4-Hardware__XGBoost,501,-125.05985828396732
B0-Core__HistGradientBoosting,B4-Hardware__XGBoost,502,-28.18976027107277
B0-Core__HistGradientBoosting,B4-Hardware__XGBoost,503,-48.83028227239608
B0-Core__HistGradientBoosting,B4-Hardware__XGBoost,504,-97.54736214534361
B0-Core__HistGradientBoosting,B4-Hardware__XGBoost,505,-78.82896003435692
B0-Core__HistGradientBoosting,B4-Hardware__XGBoost,506,-43.52067864780605
B0-Core__HistGradientBoosting,B4-Hardware__XGBoost,507,-52.90608573601909
B0-Core__HistGradientBoosting,B4-Hardware__XGBoost,508,-114.97822230828386
B0-Core__HistGradientBoosting,B4-Hardware__XGBoost,509,-67.89885003858
B0-Core__HistGradientBoosting,B4-Hardware__XGBoost,510,-50.74564305569014
B0-Core__HistGradientBoosting,B4-Hardware__XGBoost,511,-114.93832478665202
B0-Core__HistGradientBoosting,B4-Hardware__XGBoost,512,-97.13343167726082
B0-Core__HistGradientBoosting,B4-Hardware__XGBoost,513,-29.398383375789503
B0-Core__HistGradientBoosting,B4-Hardware__XGBoost,514,-69.0568093552835
B0-Core__HistGradientBoosting,B4-Hardware__XGBoost,515,-59.999094264781455
B0-Core__HistGradientBoosting,B4-Hardware__XGBoost,516,-56.296047989579314
B0-Core__HistGradientBoosting,B4-Hardware__XGBoost,517,-60.8965820693568
B0-Core__HistGradientBoosting,B4-Hardware__XGBoost,518,-66.28991822607453
B0-Core__HistGradientBoosting,B4-Hardware__XGBoost,519,-52.380151682768826
B0-Core__HistGradientBoosting,B4-Hardware__XGBoost,520,-70.6601483734527
B0-Core__HistGradientBoosting,B4-Hardware__XGBoost,521,-63.20455388463985
B0-Core__HistGradientBoosting,B4-Hardware__XGBoost,522,-22.808962825906058
B0-Core__HistGradientBoosting,B4-Hardware__XGBoost,523,-73.05616072624998
B0-Core__HistGradientBoosting,B4-Hardware__XGBoost,524,-66.1441065733718
B0-Core__HistGradientBoosting,B4-Hardware__XGBoost,525,-23.060214000826537
B0-Core__HistGradientBoosting,B4-Hardware__XGBoost,526,-105.8490817418487
B0-Core__HistGradientBoosting,B4-Hardware__XGBoost,527,-79.54019518666243
B0-Core__HistGradientBoosting,B4-Hardware__XGBoost,528,-48.39031699289125
B0-Core__HistGradientBoosting,B4-Hardware__XGBoost,529,-129.38709983678524
B0-Core__HistGradientBoosting,B4-Hardware__XGBoost,530,-62.92904357099809
B0-Core__HistGradientBoosting,B4-Hardware__XGBoost,531,-22.254177363587523
B0-Core__HistGradientBoosting,B4-Hardware__XGBoost,532,-43.58802948934534
B0-Core__HistGradientBoosting,B4-Hardware__XGBoost,533,-60.84202403322737
B0-Core__HistGradientBoosting,B4-Hardware__XGBoost,534,-84.28942609412489
B0-Core__HistGradientBoosting,B4-Hardware__XGBoost,535,-40.784134072459224
B0-Core__HistGradientBoosting,B4-Hardware__XGBoost,536,-45.57069358084734
B0-Core__HistGradientBoosting,B4-Hardware__XGBoost,537,-73.72665860366268
B0-Core__HistGradientBoosting,B4-Hardware__XGBoost,538,-39.972846366354155
B0-Core__HistGradientBoosting,B4-Hardware__XGBoost,539,-39.782236724751066
B0-Core__HistGradientBoosting,B4-Hardware__XGBoost,540,-85.81474567417106
B0-Core__HistGradientBoosting,B4-Hardware__XGBoost,541,-20.672502539509754
B0-Core__HistGradientBoosting,B4-Hardware__XGBoost,542,-47.635135351919644
B0-Core__HistGradientBoosting,B4-Hardware__XGBoost,543,-49.379797214443336
B0-Core__HistGradientBoosting,B4-Hardware__XGBoost,544,-59.20546078526608
B0-Core__HistGradientBoosting,B4-Hardware__XGBoost,545,-64.26086237159318
B0-Core__HistGradientBoosting,B4-Hardware__XGBoost,546,-119.37182802068352
B0-Core__HistGradientBoosting,B4-Hardware__XGBoost,547,-71.4232688569734
B0-Core__HistGradientBoosting,B4-Hardware__XGBoost,548,-55.774305261116844
B0-Core__HistGradientBoosting,B4-Hardware__XGBoost,549,-68.32122260774143
B0-Core__HistGradientBoosting,B4-Hardware__XGBoost,550,-80.30577536322252
B0-Core__HistGradientBoosting,B4-Hardware__XGBoost,551,-120.06273649259663
B0-Core__HistGradientBoosting,B4-Hardware__XGBoost,552,-72.53739907755907
B0-Core__HistGradientBoosting,B4-Hardware__XGBoost,553,-103.6168159867187
B0-Core__HistGradientBoosting,B4-Hardware__XGBoost,554,-131.1059446460063
B0-Core__HistGradientBoosting,B4-Hardware__XGBoost,555,-71.92212420977408
B0-Core__HistGradientBoosting,B4-Hardware__XGBoost,556,-92.10578705212427
B0-Core__HistGradientBoosting,B4-Hardware__XGBoost,557,-63.1884772149152
B0-Core__HistGradientBoosting,B4-Hardware__XGBoost,558,-65.4303574813678
B0-Core__HistGradientBoosting,B4-Hardware__XGBoost,559,-76.40680896647598
B0-Core__HistGradientBoosting,B4-Hardware__XGBoost,560,-37.17474847159355
B0-Core__HistGradientBoosting,B4-Hardware__XGBoost,561,-90.2276015995053
B0-Core__HistGradientBoosting,B4-Hardware__XGBoost,562,-86.01966991487755
B0-Core__HistGradientBoosting,B4-Hardware__XGBoost,563,-44.442519050205746
B0-Core__HistGradientBoosting,B4-Hardware__XGBoost,564,-55.908880566050186
B0-Core__HistGradientBoosting,B4-Hardware__XGBoost,565,-38.380616405262344
B0-Core__HistGradientBoosting,B4-Hardware__XGBoost,566,-65.14337890921459
B0-Core__HistGradientBoosting,B4-Hardware__XGBoost,567,-16.30641872602065
B0-Core__HistGradientBoosting,B4-Hardware__XGBoost,568,-53.02674120946653
B0-Core__HistGradientBoosting,B4-Hardware__XGBoost,569,-61.19036219859872
B0-Core__HistGradientBoosting,B4-Hardware__XGBoost,570,-80.79735012583728
B0-Core__HistGradientBoosting,B4-Hardware__XGBoost,571,-41.1353544325857
B0-Core__HistGradientBoosting,B4-Hardware__XGBoost,572,-72.94442564721348
B0-Core__HistGradientBoosting,B4-Hardware__XGBoost,573,-42.468515037800906
B0-Core__HistGradientBoosting,B4-Hardware__XGBoost,574,-65.04938474061696
B0-Core__HistGradientBoosting,B4-Hardware__XGBoost,575,-77.29143545857896
B0-Core__HistGradientBoosting,B4-Hardware__XGBoost,576,-83.26232143749623
B0-Core__HistGradientBoosting,B4-Hardware__XGBoost,577,-104.98142436497825
B0-Core__HistGradientBoosting,B4-Hardware__XGBoost,578,-138.9457021924176
B0-Core__HistGradientBoosting,B4-Hardware__XGBoost,579,-64.82315190687164
B0-Core__HistGradientBoosting,B4-Hardware__XGBoost,580,-94.15901361194663
B0-Core__HistGradientBoosting,B4-Hardware__XGBoost,581,-73.1180734371056
B0-Core__HistGradientBoosting,B4-Hardware__XGBoost,582,-64.49442142577581
B0-Core__HistGradientBoosting,B4-Hardware__XGBoost,583,-60.95070291913576
B0-Core__HistGradientBoosting,B4-Hardware__XGBoost,584,-109.21474438600741
B0-Core__HistGradientBoosting,B4-Hardware__XGBoost,585,-39.947213043031034
B0-Core__HistGradientBoosting,B4-Hardware__XGBoost,586,-56.53946667910322
B0-Core__HistGradientBoosting,B4-Hardware__XGBoost,587,-80.86750793655457
B0-Core__HistGradientBoosting,B4-Hardware__XGBoost,588,-31.73122570280267
B0-Core__HistGradientBoosting,B4-Hardware__XGBoost,589,-39.21203036222742
B0-Core__HistGradientBoosting,B4-Hardware__XGBoost,590,-64.10028807527995
B0-Core__HistGradientBoosting,B4-Hardware__XGBoost,591,-88.21532930901098
B0-Core__HistGradientBoosting,B4-Hardware__XGBoost,592,-50.99653821488113
B0-Core__HistGradientBoosting,B4-Hardware__XGBoost,593,-80.74735465445731
B0-Core__HistGradientBoosting,B4-Hardware__XGBoost,594,-39.19877538265531
B0-Core__HistGradientBoosting,B4-Hardware__XGBoost,595,-12.049854914702305
B0-Core__HistGradientBoosting,B4-Hardware__XGBoost,596,-34.44907097121809
B0-Core__HistGradientBoosting,B4-Hardware__XGBoost,597,-98.66148252728351
B0-Core__HistGradientBoosting,B4-Hardware__XGBoost,598,-83.21947072280588
B0-Core__HistGradientBoosting,B4-Hardware__XGBoost,599,-72.68982457058394
B0-Core__HistGradientBoosting,B4-Hardware__XGBoost,600,-54.82956013261472
B0-Core__HistGradientBoosting,B4-Hardware__XGBoost,601,-105.92599419090159
B0-Core__HistGradientBoosting,B4-Hardware__XGBoost,602,-46.015718168129276
B0-Core__HistGradientBoosting,B4-Hardware__XGBoost,603,-88.02235144269333
B0-Core__HistGradientBoosting,B4-Hardware__XGBoost,604,-70.6149375352466
B0-Core__HistGradientBoosting,B4-Hardware__XGBoost,605,-52.71981472591413
B0-Core__HistGradientBoosting,B4-Hardware__XGBoost,606,-44.22055663920461
B0-Core__HistGradientBoosting,B4-Hardware__XGBoost,607,-86.61573831873076
B0-Core__HistGradientBoosting,B4-Hardware__XGBoost,608,-51.12632159194608
B0-Core__HistGradientBoosting,B4-Hardware__XGBoost,609,-100.10008066927678
B0-Core__HistGradientBoosting,B4-Hardware__XGBoost,610,-114.38903112476034
B0-Core__HistGradientBoosting,B4-Hardware__XGBoost,611,-74.61869541532985
B0-Core__HistGradientBoosting,B4-Hardware__XGBoost,612,-82.76968370470104
B0-Core__HistGradientBoosting,B4-Hardware__XGBoost,613,-87.98296156348353
B0-Core__HistGradientBoosting,B4-Hardware__XGBoost,614,-53.91051279708794
B0-Core__HistGradientBoosting,B4-Hardware__XGBoost,615,-41.56994902835369
B0-Core__HistGradientBoosting,B4-Hardware__XGBoost,616,-36.18195421612828
B0-Core__HistGradientBoosting,B4-Hardware__XGBoost,617,-62.26935076855233
B0-Core__HistGradientBoosting,B4-Hardware__XGBoost,618,-26.1791849291099
B0-Core__HistGradientBoosting,B4-Hardware__XGBoost,619,-104.75208779145046
B0-Core__HistGradientBoosting,B4-Hardware__XGBoost,620,-95.61730075438149
B0-Core__HistGradientBoosting,B4-Hardware__XGBoost,621,-65.48059123983424
B0-Core__HistGradientBoosting,B4-Hardware__XGBoost,622,-24.745381524080262
B0-Core__HistGradientBoosting,B4-Hardware__XGBoost,623,-67.67728905848962
B0-Core__HistGradientBoosting,B4-Hardware__XGBoost,624,-89.7336255693031
B0-Core__HistGradientBoosting,B4-Hardware__XGBoost,625,-37.49729073366378
B0-Core__HistGradientBoosting,B4-Hardware__XGBoost,626,-30.05453978313279
B0-Core__HistGradientBoosting,B4-Hardware__XGBoost,627,-24.584413685545407
B0-Core__HistGradientBoosting,B4-Hardware__XGBoost,628,-69.20358943965778
B0-Core__HistGradientBoosting,B4-Hardware__XGBoost,629,-83.30223105963408
B0-Core__HistGradientBoosting,B4-Hardware__XGBoost,630,-48.628756128127954
B0-Core__HistGradientBoosting,B4-Hardware__XGBoost,631,-83.13098014923231
B0-Core__HistGradientBoosting,B4-Hardware__XGBoost,632,-73.01731562722996
B0-Core__HistGradientBoosting,B4-Hardware__XGBoost,633,-67.19965449627504
B0-Core__HistGradientBoosting,B4-Hardware__XGBoost,634,-53.04911928683638
B0-Core__HistGradientBoosting,B4-Hardware__XGBoost,635,-35.816203233934104
B0-Core__HistGradientBoosting,B4-Hardware__XGBoost,636,-43.73116321168879
B0-Core__HistGradientBoosting,B4-Hardware__XGBoost,637,-66.05186998298839
B0-Core__HistGradientBoosting,B4-Hardware__XGBoost,638,-55.52071840102451
B0-Core__HistGradientBoosting,B4-Hardware__XGBoost,639,-44.321677897768986
B0-Core__HistGradientBoosting,B4-Hardware__XGBoost,640,-61.51709667189764
B0-Core__HistGradientBoosting,B4-Hardware__XGBoost,641,-35.56292770406949
B0-Core__HistGradientBoosting,B4-Hardware__XGBoost,642,-78.32370173675915
B0-Core__HistGradientBoosting,B4-Hardware__XGBoost,643,-105.07852517337524
B0-Core__HistGradientBoosting,B4-Hardware__XGBoost,644,-79.8346418929686
B0-Core__HistGradientBoosting,B4-Hardware__XGBoost,645,-27.347955580278754
B0-Core__HistGradientBoosting,B4-Hardware__XGBoost,646,-81.56086471248743
B0-Core__HistGradientBoosting,B4-Hardware__XGBoost,647,-24.941841253754184
B0-Core__HistGradientBoosting,B4-Hardware__XGBoost,648,-38.43535543584177
B0-Core__HistGradientBoosting,B4-Hardware__XGBoost,649,-49.37627437188947
B0-Core__HistGradientBoosting,B4-Hardware__XGBoost,650,-76.49972363138045
B0-Core__HistGradientBoosting,B4-Hardware__XGBoost,651,-64.45872744070671
B0-Core__HistGradientBoosting,B4-Hardware__XGBoost,652,-71.27156910212412
B0-Core__HistGradientBoosting,B4-Hardware__XGBoost,653,-93.64969819716165
B0-Core__HistGradientBoosting,B4-Hardware__XGBoost,654,-94.06150906855807
B0-Core__HistGradientBoosting,B4-Hardware__XGBoost,655,-74.74882604813908
B0-Core__HistGradientBoosting,B4-Hardware__XGBoost,656,-95.04578145810481
B0-Core__HistGradientBoosting,B4-Hardware__XGBoost,657,-52.34223224223769
B0-Core__HistGradientBoosting,B4-Hardware__XGBoost,658,-50.59574312654315
B0-Core__HistGradientBoosting,B4-Hardware__XGBoost,659,-45.31779472576621
B0-Core__HistGradientBoosting,B4-Hardware__XGBoost,660,-51.986652129521666
B0-Core__HistGradientBoosting,B4-Hardware__XGBoost,661,-36.100912565396435
B0-Core__HistGradientBoosting,B4-Hardware__XGBoost,662,-54.41178396359451
B0-Core__HistGradientBoosting,B4-Hardware__XGBoost,663,-48.062598998705305
B0-Core__HistGradientBoosting,B4-Hardware__XGBoost,664,-72.50665788448092
B0-Core__HistGradientBoosting,B4-Hardware__XGBoost,665,-42.886799687871516
B0-Core__HistGradientBoosting,B4-Hardware__XGBoost,666,-81.11657858786225
B0-Core__HistGradientBoosting,B4-Hardware__XGBoost,667,-44.90947707623713
B0-Core__HistGradientBoosting,B4-Hardware__XGBoost,668,-77.53699598691044
B0-Core__HistGradientBoosting,B4-Hardware__XGBoost,669,-61.99539952222
B0-Core__HistGradientBoosting,B4-Hardware__XGBoost,670,-65.07444120655296
B0-Core__HistGradientBoosting,B4-Hardware__XGBoost,671,-61.0451698447938
B0-Core__HistGradientBoosting,B4-Hardware__XGBoost,672,-70.48103802367501
B0-Core__HistGradientBoosting,B4-Hardware__XGBoost,673,-85.39134343981065
B0-Core__HistGradientBoosting,B4-Hardware__XGBoost,674,-40.63469895981609
B0-Core__HistGradientBoosting,B4-Hardware__XGBoost,675,-3.4771290118007676
B0-Core__HistGradientBoosting,B4-Hardware__XGBoost,676,-66.93328942580351
B0-Core__HistGradientBoosting,B4-Hardware__XGBoost,677,-61.255906661331245
B0-Core__HistGradientBoosting,B4-Hardware__XGBoost,678,-25.515661018492988
B0-Core__HistGradientBoosting,B4-Hardware__XGBoost,679,-34.461123139363046
B0-Core__HistGradientBoosting,B4-Hardware__XGBoost,680,-32.72894868652683
B0-Core__HistGradientBoosting,B4-Hardware__XGBoost,681,-79.56956795074072
B0-Core__HistGradientBoosting,B4-Hardware__XGBoost,682,-45.59211355869426
B0-Core__HistGradientBoosting,B4-Hardware__XGBoost,683,-29.444563287810393
B0-Core__HistGradientBoosting,B4-Hardware__XGBoost,684,-90.13278285398589
B0-Core__HistGradientBoosting,B4-Hardware__XGBoost,685,-77.75041481650399
B0-Core__HistGradientBoosting,B4-Hardware__XGBoost,686,-10.28740999867057
B0-Core__HistGradientBoosting,B4-Hardware__XGBoost,687,-114.64854769750136
B0-Core__HistGradientBoosting,B4-Hardware__XGBoost,688,-73.43165793160405
B0-Core__HistGradientBoosting,B4-Hardware__XGBoost,689,-48.994679667560554
B0-Core__HistGradientBoosting,B4-Hardware__XGBoost,690,-8.08748362704601
B0-Core__HistGradientBoosting,B4-Hardware__XGBoost,691,-35.17779299925137
B0-Core__HistGradientBoosting,B4-Hardware__XGBoost,692,-47.4715332813283
B0-Core__HistGradientBoosting,B4-Hardware__XGBoost,693,-91.65194448824238
B0-Core__HistGradientBoosting,B4-Hardware__XGBoost,694,-14.020169808476284
B0-Core__HistGradientBoosting,B4-Hardware__XGBoost,695,-62.428475114134756
B0-Core__HistGradientBoosting,B4-Hardware__XGBoost,696,-84.22865530351655
B0-Core__HistGradientBoosting,B4-Hardware__XGBoost,697,-91.7421599850196
B0-Core__HistGradientBoosting,B4-Hardware__XGBoost,698,-56.91119313016298
B0-Core__HistGradientBoosting,B4-Hardware__XGBoost,699,-106.6867426816247
B0-Core__HistGradientBoosting,B4-Hardware__XGBoost,700,-94.40015834818249
B0-Core__HistGradientBoosting,B4-Hardware__XGBoost,701,-74.57470396994174
B0-Core__HistGradientBoosting,B4-Hardware__XGBoost,702,-16.195241131313953
B0-Core__HistGradientBoosting,B4-Hardware__XGBoost,703,-73.02857726606875
B0-Core__HistGradientBoosting,B4-Hardware__XGBoost,704,-65.7506000250769
B0-Core__HistGradientBoosting,B4-Hardware__XGBoost,705,-35.854404307137955
B0-Core__HistGradientBoosting,B4-Hardware__XGBoost,706,-105.48087721780924
B0-Core__HistGradientBoosting,B4-Hardware__XGBoost,707,-73.92671400983092
B0-Core__HistGradientBoosting,B4-Hardware__XGBoost,708,-48.787496572718716
B0-Core__HistGradientBoosting,B4-Hardware__XGBoost,709,-97.94195918304149
B0-Core__HistGradientBoosting,B4-Hardware__XGBoost,710,-45.629163475102594
B0-Core__HistGradientBoosting,B4-Hardware__XGBoost,711,-102.40361447731291
B0-Core__HistGradientBoosting,B4-Hardware__XGBoost,712,-67.40367275967698
B0-Core__HistGradientBoosting,B4-Hardware__XGBoost,713,-50.66900539300989
B0-Core__HistGradientBoosting,B4-Hardware__XGBoost,714,-161.3074980588876
B0-Core__HistGradientBoosting,B4-Hardware__XGBoost,715,-45.90348842381584
B0-Core__HistGradientBoosting,B4-Hardware__XGBoost,716,-68.7201077788074
B0-Core__HistGradientBoosting,B4-Hardware__XGBoost,717,-66.77000171246976
B0-Core__HistGradientBoosting,B4-Hardware__XGBoost,718,-55.82567932144131
B0-Core__HistGradientBoosting,B4-Hardware__XGBoost,719,-60.87085964150434
B0-Core__HistGradientBoosting,B4-Hardware__XGBoost,720,-89.37094009211145
B0-Core__HistGradientBoosting,B4-Hardware__XGBoost,721,-90.38444907654805
B0-Core__HistGradientBoosting,B4-Hardware__XGBoost,722,-66.76799574661646
B0-Core__HistGradientBoosting,B4-Hardware__XGBoost,723,-93.3147445616131
B0-Core__HistGradientBoosting,B4-Hardware__XGBoost,724,-97.95774721446898
B0-Core__HistGradientBoosting,B4-Hardware__XGBoost,725,-34.513936744281764
B0-Core__HistGradientBoosting,B4-Hardware__XGBoost,726,-62.4104036705019
B0-Core__HistGradientBoosting,B4-Hardware__XGBoost,727,-59.08309084343777
B0-Core__HistGradientBoosting,B4-Hardware__XGBoost,728,-83.55143472365567
B0-Core__HistGradientBoosting,B4-Hardware__XGBoost,729,-48.20930811812018
B0-Core__HistGradientBoosting,B4-Hardware__XGBoost,730,-69.87182933815761
B0-Core__HistGradientBoosting,B4-Hardware__XGBoost,731,-19.185197378111017
B0-Core__HistGradientBoosting,B4-Hardware__XGBoost,732,-38.034074724757225
B0-Core__HistGradientBoosting,B4-Hardware__XGBoost,733,-60.632958101703956
B0-Core__HistGradientBoosting,B4-Hardware__XGBoost,734,-68.0670778773696
B0-Core__HistGradientBoosting,B4-Hardware__XGBoost,735,-68.0598692536057
B0-Core__HistGradientBoosting,B4-Hardware__XGBoost,736,-77.27554063093818
B0-Core__HistGradientBoosting,B4-Hardware__XGBoost,737,-66.65278494487488
B0-Core__HistGradientBoosting,B4-Hardware__XGBoost,738,-87.89608368533322
B0-Core__HistGradientBoosting,B4-Hardware__XGBoost,739,-71.69380103576557
B0-Core__HistGradientBoosting,B4-Hardware__XGBoost,740,-35.406039889058654
B0-Core__HistGradientBoosting,B4-Hardware__XGBoost,741,-27.97181079741487
B0-Core__HistGradientBoosting,B4-Hardware__XGBoost,742,-98.99243399175445
B0-Core__HistGradientBoosting,B4-Hardware__XGBoost,743,-100.66478458787535
B0-Core__HistGradientBoosting,B4-Hardware__XGBoost,744,-36.439408197904505
B0-Core__HistGradientBoosting,B4-Hardware__XGBoost,745,-50.27406097132284
B0-Core__HistGradientBoosting,B4-Hardware__XGBoost,746,-55.333855349893284
B0-Core__HistGradientBoosting,B4-Hardware__XGBoost,747,-92.85558427682186
B0-Core__HistGradientBoosting,B4-Hardware__XGBoost,748,-47.04103508976304
B0-Core__HistGradientBoosting,B4-Hardware__XGBoost,749,-77.40583237886645
B0-Core__HistGradientBoosting,B4-Hardware__XGBoost,750,-62.338648506874144
B0-Core__HistGradientBoosting,B4-Hardware__XGBoost,751,-81.46443257162154
B0-Core__HistGradientBoosting,B4-Hardware__XGBoost,752,-47.21084397533057
B0-Core__HistGradientBoosting,B4-Hardware__XGBoost,753,-53.256364350633284
B0-Core__HistGradientBoosting,B4-Hardware__XGBoost,754,-99.06851756612912
B0-Core__HistGradientBoosting,B4-Hardware__XGBoost,755,-42.61092624208969
B0-Core__HistGradientBoosting,B4-Hardware__XGBoost,756,-45.94700499344676
B0-Core__HistGradientBoosting,B4-Hardware__XGBoost,757,-61.88518515367399
B0-Core__HistGradientBoosting,B4-Hardware__XGBoost,758,-43.484125758767384
B0-Core__HistGradientBoosting,B4-Hardware__XGBoost,759,-74.86727409211976
B0-Core__HistGradientBoosting,B4-Hardware__XGBoost,760,-109.94103314891835
B0-Core__HistGradientBoosting,B4-Hardware__XGBoost,761,-64.41950027192267
B0-Core__HistGradientBoosting,B4-Hardware__XGBoost,762,-83.03658526258093
B0-Core__HistGradientBoosting,B4-Hardware__XGBoost,763,-108.85281243826194
B0-Core__HistGradientBoosting,B4-Hardware__XGBoost,764,-78.61839918267995
B0-Core__HistGradientBoosting,B4-Hardware__XGBoost,765,-48.365429326037166
B0-Core__HistGradientBoosting,B4-Hardware__XGBoost,766,-72.87906002758518
B0-Core__HistGradientBoosting,B4-Hardware__XGBoost,767,-103.094066073716
B0-Core__HistGradientBoosting,B4-Hardware__XGBoost,768,-45.109974374152515
B0-Core__HistGradientBoosting,B4-Hardware__XGBoost,769,-46.703344968971884
B0-Core__HistGradientBoosting,B4-Hardware__XGBoost,770,-42.18488710419752
B0-Core__HistGradientBoosting,B4-Hardware__XGBoost,771,-84.74116640472216
B0-Core__HistGradientBoosting,B4-Hardware__XGBoost,772,-22.06527986500206
B0-Core__HistGradientBoosting,B4-Hardware__XGBoost,773,-77.79470407759027
B0-Core__HistGradientBoosting,B4-Hardware__XGBoost,774,-53.19112151928027
B0-Core__HistGradientBoosting,B4-Hardware__XGBoost,775,-95.11609026544629
B0-Core__HistGradientBoosting,B4-Hardware__XGBoost,776,-49.48697176309405
B0-Core__HistGradientBoosting,B4-Hardware__XGBoost,777,-63.41468138888367
B0-Core__HistGradientBoosting,B4-Hardware__XGBoost,778,-23.86045877966335
B0-Core__HistGradientBoosting,B4-Hardware__XGBoost,779,-29.175087970185235
B0-Core__HistGradientBoosting,B4-Hardware__XGBoost,780,-38.54622661491822
B0-Core__HistGradientBoosting,B4-Hardware__XGBoost,781,-63.91977634291211
B0-Core__HistGradientBoosting,B4-Hardware__XGBoost,782,-45.56382486392341
B0-Core__HistGradientBoosting,B4-Hardware__XGBoost,783,-66.47776593144809
B0-Core__HistGradientBoosting,B4-Hardware__XGBoost,784,-112.99703568385512
B0-Core__HistGradientBoosting,B4-Hardware__XGBoost,785,-34.76024103862036
B0-Core__HistGradientBoosting,B4-Hardware__XGBoost,786,-39.309124991084275
B0-Core__HistGradientBoosting,B4-Hardware__XGBoost,787,-158.91521339631745
B0-Core__HistGradientBoosting,B4-Hardware__XGBoost,788,-77.61757629008942
B0-Core__HistGradientBoosting,B4-Hardware__XGBoost,789,-84.00880038265329
B0-Core__HistGradientBoosting,B4-Hardware__XGBoost,790,-56.00570439913259
B0-Core__HistGradientBoosting,B4-Hardware__XGBoost,791,-44.344714755985635
B0-Core__HistGradientBoosting,B4-Hardware__XGBoost,792,-80.903524392027
B0-Core__HistGradientBoosting,B4-Hardware__XGBoost,793,-85.14022988143851
B0-Core__HistGradientBoosting,B4-Hardware__XGBoost,794,-25.395371552921326
B0-Core__HistGradientBoosting,B4-Hardware__XGBoost,795,-103.74042280785969
B0-Core__HistGradientBoosting,B4-Hardware__XGBoost,796,-57.789697059045814
B0-Core__HistGradientBoosting,B4-Hardware__XGBoost,797,-11.206544104619597
B0-Core__HistGradientBoosting,B4-Hardware__XGBoost,798,-99.19000428206638
B0-Core__HistGradientBoosting,B4-Hardware__XGBoost,799,-120.76777858305203
B0-Core__HistGradientBoosting,B4-Hardware__XGBoost,800,-87.88072131597578
B0-Core__HistGradientBoosting,B4-Hardware__XGBoost,801,-123.53270718565675
B0-Core__HistGradientBoosting,B4-Hardware__XGBoost,802,-81.65089824462005
B0-Core__HistGradientBoosting,B4-Hardware__XGBoost,803,-52.09869028104582
B0-Core__HistGradientBoosting,B4-Hardware__XGBoost,804,-72.43594101790393
B0-Core__HistGradientBoosting,B4-Hardware__XGBoost,805,-90.31655308786682
B0-Core__HistGradientBoosting,B4-Hardware__XGBoost,806,-67.8807885941825
B0-Core__HistGradientBoosting,B4-Hardware__XGBoost,807,-78.78013612310654
B0-Core__HistGradientBoosting,B4-Hardware__XGBoost,808,-69.07830936480566
B0-Core__HistGradientBoosting,B4-Hardware__XGBoost,809,-74.30885291263121
B0-Core__HistGradientBoosting,B4-Hardware__XGBoost,810,-21.3609343219123
B0-Core__HistGradientBoosting,B4-Hardware__XGBoost,811,-45.30179250795502
B0-Core__HistGradientBoosting,B4-Hardware__XGBoost,812,-55.171997282189864
B0-Core__HistGradientBoosting,B4-Hardware__XGBoost,813,-68.28272307370887
B0-Core__HistGradientBoosting,B4-Hardware__XGBoost,814,-76.25273149093111
B0-Core__HistGradientBoosting,B4-Hardware__XGBoost,815,-79.77505466951138
B0-Core__HistGradientBoosting,B4-Hardware__XGBoost,816,-81.99650148940103
B0-Core__HistGradientBoosting,B4-Hardware__XGBoost,817,-56.97559491050237
B0-Core__HistGradientBoosting,B4-Hardware__XGBoost,818,-83.63274551225311
B0-Core__HistGradientBoosting,B4-Hardware__XGBoost,819,-44.60044202941936
B0-Core__HistGradientBoosting,B4-Hardware__XGBoost,820,-57.5916308058555
B0-Core__HistGradientBoosting,B4-Hardware__XGBoost,821,-79.15981055228822
B0-Core__HistGradientBoosting,B4-Hardware__XGBoost,822,-97.49464718024038
B0-Core__HistGradientBoosting,B4-Hardware__XGBoost,823,-77.91430411599471
B0-Core__HistGradientBoosting,B4-Hardware__XGBoost,824,-46.337189025864646
B0-Core__HistGradientBoosting,B4-Hardware__XGBoost,825,-43.78553531782955
B0-Core__HistGradientBoosting,B4-Hardware__XGBoost,826,-38.516065325204615
B0-Core__HistGradientBoosting,B4-Hardware__XGBoost,827,-66.54074679335073
B0-Core__HistGradientBoosting,B4-Hardware__XGBoost,828,-82.61666100593098
B0-Core__HistGradientBoosting,B4-Hardware__XGBoost,829,-150.68900453121947
B0-Core__HistGradientBoosting,B4-Hardware__XGBoost,830,-80.60837372879719
B0-Core__HistGradientBoosting,B4-Hardware__XGBoost,831,-35.16638234838312
B0-Core__HistGradientBoosting,B4-Hardware__XGBoost,832,-89.70133346200451
B0-Core__HistGradientBoosting,B4-Hardware__XGBoost,833,-72.40830503954491
B0-Core__HistGradientBoosting,B4-Hardware__XGBoost,834,-70.8438497449372
B0-Core__HistGradientBoosting,B4-Hardware__XGBoost,835,-65.15085500276146
B0-Core__HistGradientBoosting,B4-Hardware__XGBoost,836,-62.81178050920328
B0-Core__HistGradientBoosting,B4-Hardware__XGBoost,837,-50.14461538049807
B0-Core__HistGradientBoosting,B4-Hardware__XGBoost,838,-57.71698086343197
B0-Core__HistGradientBoosting,B4-Hardware__XGBoost,839,-56.24549961443012
B0-Core__HistGradientBoosting,B4-Hardware__XGBoost,840,-46.88891003125492
B0-Core__HistGradientBoosting,B4-Hardware__XGBoost,841,-84.213370933351
B0-Core__HistGradientBoosting,B4-Hardware__XGBoost,842,-79.58748038105583
B0-Core__HistGradientBoosting,B4-Hardware__XGBoost,843,-40.74105813687585
B0-Core__HistGradientBoosting,B4-Hardware__XGBoost,844,-103.60469662232364
B0-Core__HistGradientBoosting,B4-Hardware__XGBoost,845,-37.5024990824163
B0-Core__HistGradientBoosting,B4-Hardware__XGBoost,846,-42.99286524546214
B0-Core__HistGradientBoosting,B4-Hardware__XGBoost,847,-30.326900635660994
B0-Core__HistGradientBoosting,B4-Hardware__XGBoost,848,-141.12870699244291
B0-Core__HistGradientBoosting,B4-Hardware__XGBoost,849,-69.21536548325406
B0-Core__HistGradientBoosting,B4-Hardware__XGBoost,850,-103.59923491514546
B0-Core__HistGradientBoosting,B4-Hardware__XGBoost,851,-121.22345482611742
B0-Core__HistGradientBoosting,B4-Hardware__XGBoost,852,-15.174022894657668
B0-Core__HistGradientBoosting,B4-Hardware__XGBoost,853,-57.37395611857021
B0-Core__HistGradientBoosting,B4-Hardware__XGBoost,854,-22.72026156832883
B0-Core__HistGradientBoosting,B4-Hardware__XGBoost,855,-35.2982573543294
B0-Core__HistGradientBoosting,B4-Hardware__XGBoost,856,-34.72632631967779
B0-Core__HistGradientBoosting,B4-Hardware__XGBoost,857,-84.97211770969648
B0-Core__HistGradientBoosting,B4-Hardware__XGBoost,858,-79.03566759260222
B0-Core__HistGradientBoosting,B4-Hardware__XGBoost,859,-73.22733132981297
B0-Core__HistGradientBoosting,B4-Hardware__XGBoost,860,-98.94611218893942
B0-Core__HistGradientBoosting,B4-Hardware__XGBoost,861,-86.31390061853949
B0-Core__HistGradientBoosting,B4-Hardware__XGBoost,862,-105.45961958430404
B0-Core__HistGradientBoosting,B4-Hardware__XGBoost,863,-41.35675842578878
B0-Core__HistGradientBoosting,B4-Hardware__XGBoost,864,-60.054269297175004
B0-Core__HistGradientBoosting,B4-Hardware__XGBoost,865,-52.62501097497095
B0-Core__HistGradientBoosting,B4-Hardware__XGBoost,866,-83.61540136830556
B0-Core__HistGradientBoosting,B4-Hardware__XGBoost,867,-51.23751605564225
B0-Core__HistGradientBoosting,B4-Hardware__XGBoost,868,-97.15210625188932
B0-Core__HistGradientBoosting,B4-Hardware__XGBoost,869,-69.55550916628486
B0-Core__HistGradientBoosting,B4-Hardware__XGBoost,870,-57.074602545140216
B0-Core__HistGradientBoosting,B4-Hardware__XGBoost,871,-97.65169293939566
B0-Core__HistGradientBoosting,B4-Hardware__XGBoost,872,-67.19836761950705
B0-Core__HistGradientBoosting,B4-Hardware__XGBoost,873,-91.81493330254737
B0-Core__HistGradientBoosting,B4-Hardware__XGBoost,874,-89.17187188269591
B0-Core__HistGradientBoosting,B4-Hardware__XGBoost,875,-56.24345777162087
B0-Core__HistGradientBoosting,B4-Hardware__XGBoost,876,-25.404414638637352
B0-Core__HistGradientBoosting,B4-Hardware__XGBoost,877,-98.83523170878246
B0-Core__HistGradientBoosting,B4-Hardware__XGBoost,878,-53.221158113810176
B0-Core__HistGradientBoosting,B4-Hardware__XGBoost,879,-48.76534287048147
B0-Core__HistGradientBoosting,B4-Hardware__XGBoost,880,-40.64864331853598
B0-Core__HistGradientBoosting,B4-Hardware__XGBoost,881,-44.66871269390576
B0-Core__HistGradientBoosting,B4-Hardware__XGBoost,882,-48.71680614201783
B0-Core__HistGradientBoosting,B4-Hardware__XGBoost,883,-72.34528370696204
B0-Core__HistGradientBoosting,B4-Hardware__XGBoost,884,-74.29597526755173
B0-Core__HistGradientBoosting,B4-Hardware__XGBoost,885,-46.179752872267464
B0-Core__HistGradientBoosting,B4-Hardware__XGBoost,886,-88.96761203987771
B0-Core__HistGradientBoosting,B4-Hardware__XGBoost,887,-61.52232159102208
B0-Core__HistGradientBoosting,B4-Hardware__XGBoost,888,-96.31141097379461
B0-Core__HistGradientBoosting,B4-Hardware__XGBoost,889,-79.74587195965186
B0-Core__HistGradientBoosting,B4-Hardware__XGBoost,890,-89.6801827241336
B0-Core__HistGradientBoosting,B4-Hardware__XGBoost,891,-113.10468274442708
B0-Core__HistGradientBoosting,B4-Hardware__XGBoost,892,-81.43953537503391
B0-Core__HistGradientBoosting,B4-Hardware__XGBoost,893,-71.22917776508646
B0-Core__HistGradientBoosting,B4-Hardware__XGBoost,894,-69.53402092648714
B0-Core__HistGradientBoosting,B4-Hardware__XGBoost,895,-71.2364178908624
B0-Core__HistGradientBoosting,B4-Hardware__XGBoost,896,-100.82501667429709
B0-Core__HistGradientBoosting,B4-Hardware__XGBoost,897,-61.37994350018864
B0-Core__HistGradientBoosting,B4-Hardware__XGBoost,898,-93.21332007692139
B0-Core__HistGradientBoosting,B4-Hardware__XGBoost,899,-89.80244009669593
B0-Core__HistGradientBoosting,B4-Hardware__XGBoost,900,-48.60513778365506
B0-Core__HistGradientBoosting,B4-Hardware__XGBoost,901,-99.02798355852597
B0-Core__HistGradientBoosting,B4-Hardware__XGBoost,902,-43.82595924455594
B0-Core__HistGradientBoosting,B4-Hardware__XGBoost,903,-17.546609638810402
B0-Core__HistGradientBoosting,B4-Hardware__XGBoost,904,-62.57203065828609
B0-Core__HistGradientBoosting,B4-Hardware__XGBoost,905,-55.06967984409692
B0-Core__HistGradientBoosting,B4-Hardware__XGBoost,906,-171.60756822263195
B0-Core__HistGradientBoosting,B4-Hardware__XGBoost,907,-78.10255501202836
B0-Core__HistGradientBoosting,B4-Hardware__XGBoost,908,-49.67884429616603
B0-Core__HistGradientBoosting,B4-Hardware__XGBoost,909,-65.48845124865875
B0-Core__HistGradientBoosting,B4-Hardware__XGBoost,910,-51.53897713860958
B0-Core__HistGradientBoosting,B4-Hardware__XGBoost,911,-114.27930509378155
B0-Core__HistGradientBoosting,B4-Hardware__XGBoost,912,-48.875447702482234
B0-Core__HistGradientBoosting,B4-Hardware__XGBoost,913,-41.27934177453248
B0-Core__HistGradientBoosting,B4-Hardware__XGBoost,914,-55.96042768413279
B0-Core__HistGradientBoosting,B4-Hardware__XGBoost,915,-101.75973519619616
B0-Core__HistGradientBoosting,B4-Hardware__XGBoost,916,-72.3836074366937
B0-Core__HistGradientBoosting,B4-Hardware__XGBoost,917,-80.06869958997537
B0-Core__HistGradientBoosting,B4-Hardware__XGBoost,918,-75.31552259624709
B0-Core__HistGradientBoosting,B4-Hardware__XGBoost,919,-58.522511665792365
B0-Core__HistGradientBoosting,B4-Hardware__XGBoost,920,-59.122011978667
B0-Core__HistGradientBoosting,B4-Hardware__XGBoost,921,-75.23538153769475
B0-Core__HistGradientBoosting,B4-Hardware__XGBoost,922,-47.110524874899674
B0-Core__HistGradientBoosting,B4-Hardware__XGBoost,923,-96.2927215000768
B0-Core__HistGradientBoosting,B4-Hardware__XGBoost,924,-66.66202650066226
B0-Core__HistGradientBoosting,B4-Hardware__XGBoost,925,-22.82437146513195
B0-Core__HistGradientBoosting,B4-Hardware__XGBoost,926,-93.20750483724838
B0-Core__HistGradientBoosting,B4-Hardware__XGBoost,927,-46.05392874144013
B0-Core__HistGradientBoosting,B4-Hardware__XGBoost,928,-82.8973437913693
B0-Core__HistGradientBoosting,B4-Hardware__XGBoost,929,-55.57035537535892
B0-Core__HistGradientBoosting,B4-Hardware__XGBoost,930,-31.705517043427353
B0-Core__HistGradientBoosting,B4-Hardware__XGBoost,931,-67.72673113876247
B0-Core__HistGradientBoosting,B4-Hardware__XGBoost,932,-100.96016288565235
B0-Core__HistGradientBoosting,B4-Hardware__XGBoost,933,-76.55249783090342
B0-Core__HistGradientBoosting,B4-Hardware__XGBoost,934,-45.84404378729567
B0-Core__HistGradientBoosting,B4-Hardware__XGBoost,935,-101.63552281128004
B0-Core__HistGradientBoosting,B4-Hardware__XGBoost,936,-37.72226234438619
B0-Core__HistGradientBoosting,B4-Hardware__XGBoost,937,-49.91541774493465
B0-Core__HistGradientBoosting,B4-Hardware__XGBoost,938,-100.9680845583981
B0-Core__HistGradientBoosting,B4-Hardware__XGBoost,939,-61.08246004277331
B0-Core__HistGradientBoosting,B4-Hardware__XGBoost,940,-90.72620954863346
B0-Core__HistGradientBoosting,B4-Hardware__XGBoost,941,-113.58269500189265
B0-Core__HistGradientBoosting,B4-Hardware__XGBoost,942,-109.6691489679727
B0-Core__HistGradientBoosting,B4-Hardware__XGBoost,943,-94.74874987197951
B0-Core__HistGradientBoosting,B4-Hardware__XGBoost,944,-59.853733085407114
B0-Core__HistGradientBoosting,B4-Hardware__XGBoost,945,-43.7885338613545
B0-Core__HistGradientBoosting,B4-Hardware__XGBoost,946,-85.51982150534788
B0-Core__HistGradientBoosting,B4-Hardware__XGBoost,947,-39.52143987954541
B0-Core__HistGradientBoosting,B4-Hardware__XGBoost,948,-82.87879291159136
B0-Core__HistGradientBoosting,B4-Hardware__XGBoost,949,-40.931532202962266
B0-Core__HistGradientBoosting,B4-Hardware__XGBoost,950,-104.06252694804857
B0-Core__HistGradientBoosting,B4-Hardware__XGBoost,951,-54.76531237809545
B0-Core__HistGradientBoosting,B4-Hardware__XGBoost,952,-81.19873484566635
B0-Core__HistGradientBoosting,B4-Hardware__XGBoost,953,-90.88698234352509
B0-Core__HistGradientBoosting,B4-Hardware__XGBoost,954,-50.11223144274991
B0-Core__HistGradientBoosting,B4-Hardware__XGBoost,955,-36.3660807820169
B0-Core__HistGradientBoosting,B4-Hardware__XGBoost,956,-50.261181894927226
B0-Core__HistGradientBoosting,B4-Hardware__XGBoost,957,-50.204015597707844
B0-Core__HistGradientBoosting,B4-Hardware__XGBoost,958,-41.51949637495703
B0-Core__HistGradientBoosting,B4-Hardware__XGBoost,959,-29.074541076649385
B0-Core__HistGradientBoosting,B4-Hardware__XGBoost,960,-40.11016649084183
B0-Core__HistGradientBoosting,B4-Hardware__XGBoost,961,-66.83771323711652
B0-Core__HistGradientBoosting,B4-Hardware__XGBoost,962,-63.863177372317004
B0-Core__HistGradientBoosting,B4-Hardware__XGBoost,963,-102.83932904654968
B0-Core__HistGradientBoosting,B4-Hardware__XGBoost,964,-31.80533585537623
B0-Core__HistGradientBoosting,B4-Hardware__XGBoost,965,-62.156619368261865
B0-Core__HistGradientBoosting,B4-Hardware__XGBoost,966,-89.95670748506441
B0-Core__HistGradientBoosting,B4-Hardware__XGBoost,967,-126.30337326946179
B0-Core__HistGradientBoosting,B4-Hardware__XGBoost,968,-35.625190521885465
B0-Core__HistGradientBoosting,B4-Hardware__XGBoost,969,-52.444672263117944
B0-Core__HistGradientBoosting,B4-Hardware__XGBoost,970,-42.96298929887713
B0-Core__HistGradientBoosting,B4-Hardware__XGBoost,971,-53.95518736557269
B0-Core__HistGradientBoosting,B4-Hardware__XGBoost,972,-43.869412254482924
B0-Core__HistGradientBoosting,B4-Hardware__XGBoost,973,-55.53092527688584
B0-Core__HistGradientBoosting,B4-Hardware__XGBoost,974,-105.27861837028551
B0-Core__HistGradientBoosting,B4-Hardware__XGBoost,975,-40.714628101485765
B0-Core__HistGradientBoosting,B4-Hardware__XGBoost,976,-20.82920871064568
B0-Core__HistGradientBoosting,B4-Hardware__XGBoost,977,-66.41928497597424
B0-Core__HistGradientBoosting,B4-Hardware__XGBoost,978,-41.98751488660088
B0-Core__HistGradientBoosting,B4-Hardware__XGBoost,979,-19.327549522478613
B0-Core__HistGradientBoosting,B4-Hardware__XGBoost,980,-39.829919466663284
B0-Core__HistGradientBoosting,B4-Hardware__XGBoost,981,-98.84938540717613
B0-Core__HistGradientBoosting,B4-Hardware__XGBoost,982,-98.61886793925298
B0-Core__HistGradientBoosting,B4-Hardware__XGBoost,983,-67.49423744258588
B0-Core__HistGradientBoosting,B4-Hardware__XGBoost,984,-88.92578037768125
B0-Core__HistGradientBoosting,B4-Hardware__XGBoost,985,-63.149594727419334
B0-Core__HistGradientBoosting,B4-Hardware__XGBoost,986,-78.2789356414673
B0-Core__HistGradientBoosting,B4-Hardware__XGBoost,987,-78.85075707769367
B0-Core__HistGradientBoosting,B4-Hardware__XGBoost,988,-17.517019602527757
B0-Core__HistGradientBoosting,B4-Hardware__XGBoost,989,-26.629097132668765
B0-Core__HistGradientBoosting,B4-Hardware__XGBoost,990,-62.50781809836606
B0-Core__HistGradientBoosting,B4-Hardware__XGBoost,991,-60.64562034654441
B0-Core__HistGradientBoosting,B4-Hardware__XGBoost,992,-21.97370661442295
B0-Core__HistGradientBoosting,B4-Hardware__XGBoost,993,-58.65856241136854
B0-Core__HistGradientBoosting,B4-Hardware__XGBoost,994,-90.54992658937122
B0-Core__HistGradientBoosting,B4-Hardware__XGBoost,995,-35.35850197045585
B0-Core__HistGradientBoosting,B4-Hardware__XGBoost,996,-62.12582392133462
B0-Core__HistGradientBoosting,B4-Hardware__XGBoost,997,-56.96370130341793
B0-Core__HistGradientBoosting,B4-Hardware__XGBoost,998,-89.06894866600996
B0-Core__HistGradientBoosting,B4-Hardware__XGBoost,999,-40.927771486438495
B3-Physics__XGBoost,B4-Hardware__XGBoost,0,1.5796535050638556
B3-Physics__XGBoost,B4-Hardware__XGBoost,1,23.44275635601689
B3-Physics__XGBoost,B4-Hardware__XGBoost,2,-24.641107230515846
B3-Physics__XGBoost,B4-Hardware__XGBoost,3,8.709158810392733
B3-Physics__XGBoost,B4-Hardware__XGBoost,4,-51.43617539151189
B3-Physics__XGBoost,B4-Hardware__XGBoost,5,4.116764315710881
B3-Physics__XGBoost,B4-Hardware__XGBoost,6,27.739640692995305
B3-Physics__XGBoost,B4-Hardware__XGBoost,7,-24.0011432967564
B3-Physics__XGBoost,B4-Hardware__XGBoost,8,-29.146424189889103
B3-Physics__XGBoost,B4-Hardware__XGBoost,9,-8.803681944571972
B3-Physics__XGBoost,B4-Hardware__XGBoost,10,-5.169137865014824
B3-Physics__XGBoost,B4-Hardware__XGBoost,11,-25.17262714001006
B3-Physics__XGBoost,B4-Hardware__XGBoost,12,-49.17145594408176
B3-Physics__XGBoost,B4-Hardware__XGBoost,13,-5.899654869542912
B3-Physics__XGBoost,B4-Hardware__XGBoost,14,-32.70266115284146
B3-Physics__XGBoost,B4-Hardware__XGBoost,15,7.069786976976259
B3-Physics__XGBoost,B4-Hardware__XGBoost,16,-12.591994015606852
B3-Physics__XGBoost,B4-Hardware__XGBoost,17,-35.12001190643371
B3-Physics__XGBoost,B4-Hardware__XGBoost,18,-1.2183822212748692
B3-Physics__XGBoost,B4-Hardware__XGBoost,19,-44.1756066737261
B3-Physics__XGBoost,B4-Hardware__XGBoost,20,-40.71659617354523
B3-Physics__XGBoost,B4-Hardware__XGBoost,21,-50.53783412183315
B3-Physics__XGBoost,B4-Hardware__XGBoost,22,14.110833518966347
B3-Physics__XGBoost,B4-Hardware__XGBoost,23,-56.32391298564824
B3-Physics__XGBoost,B4-Hardware__XGBoost,24,-33.3456419286281
B3-Physics__XGBoost,B4-Hardware__XGBoost,25,0.10100619660330576
B3-Physics__XGBoost,B4-Hardware__XGBoost,26,4.192733787559858
B3-Physics__XGBoost,B4-Hardware__XGBoost,27,-24.35879326047118
B3-Physics__XGBoost,B4-Hardware__XGBoost,28,-27.484740151691103
B3-Physics__XGBoost,B4-Hardware__XGBoost,29,-9.46994059892309
B3-Physics__XGBoost,B4-Hardware__XGBoost,30,-41.05296745875519
B3-Physics__XGBoost,B4-Hardware__XGBoost,31,-8.532995889985408
B3-Physics__XGBoost,B4-Hardware__XGBoost,32,9.610191441340017
B3-Physics__XGBoost,B4-Hardware__XGBoost,33,-17.27070588546004
B3-Physics__XGBoost,B4-Hardware__XGBoost,34,-29.32049750261317
B3-Physics__XGBoost,B4-Hardware__XGBoost,35,-39.57742164728164
B3-Physics__XGBoost,B4-Hardware__XGBoost,36,-43.9337884872106
B3-Physics__XGBoost,B4-Hardware__XGBoost,37,-7.055139194651367
B3-Physics__XGBoost,B4-Hardware__XGBoost,38,-38.83553676089127
B3-Physics__XGBoost,B4-Hardware__XGBoost,39,-11.102616814821682
B3-Physics__XGBoost,B4-Hardware__XGBoost,40,-21.0434232395424
B3-Physics__XGBoost,B4-Hardware__XGBoost,41,-47.27458063587865
B3-Physics__XGBoost,B4-Hardware__XGBoost,42,-17.78637261702817
B3-Physics__XGBoost,B4-Hardware__XGBoost,43,-26.16963398214595
B3-Physics__XGBoost,B4-Hardware__XGBoost,44,-24.049709485468593
B3-Physics__XGBoost,B4-Hardware__XGBoost,45,-8.31495151147548
B3-Physics__XGBoost,B4-Hardware__XGBoost,46,-26.71749916788591
B3-Physics__XGBoost,B4-Hardware__XGBoost,47,-20.252202059180515
B3-Physics__XGBoost,B4-Hardware__XGBoost,48,-12.656175689363428
B3-Physics__XGBoost,B4-Hardware__XGBoost,49,-6.552125468670067
B3-Physics__XGBoost,B4-Hardware__XGBoost,50,-27.2870139513506
B3-Physics__XGBoost,B4-Hardware__XGBoost,51,9.09762542784716
B3-Physics__XGBoost,B4-Hardware__XGBoost,52,-33.940441519278444
B3-Physics__XGBoost,B4-Hardware__XGBoost,53,-6.632751057982077
B3-Physics__XGBoost,B4-Hardware__XGBoost,54,-9.347478060118338
B3-Physics__XGBoost,B4-Hardware__XGBoost,55,-6.532834317221451
B3-Physics__XGBoost,B4-Hardware__XGBoost,56,-66.8808829220027
B3-Physics__XGBoost,B4-Hardware__XGBoost,57,-25.989680885070317
B3-Physics__XGBoost,B4-Hardware__XGBoost,58,-31.361693938984647
B3-Physics__XGBoost,B4-Hardware__XGBoost,59,-26.190547026350178
B3-Physics__XGBoost,B4-Hardware__XGBoost,60,-15.832371265680601
B3-Physics__XGBoost,B4-Hardware__XGBoost,61,-46.2961358272276
B3-Physics__XGBoost,B4-Hardware__XGBoost,62,-32.54336181884262
B3-Physics__XGBoost,B4-Hardware__XGBoost,63,-21.946863292172583
B3-Physics__XGBoost,B4-Hardware__XGBoost,64,-39.34368689795441
B3-Physics__XGBoost,B4-Hardware__XGBoost,65,-31.74939342235009
B3-Physics__XGBoost,B4-Hardware__XGBoost,66,-34.470851349446534
B3-Physics__XGBoost,B4-Hardware__XGBoost,67,-7.207929263938293
B3-Physics__XGBoost,B4-Hardware__XGBoost,68,6.51100829391198
B3-Physics__XGBoost,B4-Hardware__XGBoost,69,-19.884936770781717
B3-Physics__XGBoost,B4-Hardware__XGBoost,70,-40.09259023335675
B3-Physics__XGBoost,B4-Hardware__XGBoost,71,-19.29649402049146
B3-Physics__XGBoost,B4-Hardware__XGBoost,72,-12.457296067001113
B3-Physics__XGBoost,B4-Hardware__XGBoost,73,-21.204296641302413
B3-Physics__XGBoost,B4-Hardware__XGBoost,74,-25.333971937018468
B3-Physics__XGBoost,B4-Hardware__XGBoost,75,-16.514985707216344
B3-Physics__XGBoost,B4-Hardware__XGBoost,76,-16.933565177227145
B3-Physics__XGBoost,B4-Hardware__XGBoost,77,-11.055117985874675
B3-Physics__XGBoost,B4-Hardware__XGBoost,78,-47.71757375848365
B3-Physics__XGBoost,B4-Hardware__XGBoost,79,-35.3520959430132
B3-Physics__XGBoost,B4-Hardware__XGBoost,80,-41.29551216898801
B3-Physics__XGBoost,B4-Hardware__XGBoost,81,-7.37500136447323
B3-Physics__XGBoost,B4-Hardware__XGBoost,82,-33.65681943328044
B3-Physics__XGBoost,B4-Hardware__XGBoost,83,-48.96349113693069
B3-Physics__XGBoost,B4-Hardware__XGBoost,84,16.011175139534707
B3-Physics__XGBoost,B4-Hardware__XGBoost,85,-25.67752327418993
B3-Physics__XGBoost,B4-Hardware__XGBoost,86,-38.10410214251601
B3-Physics__XGBoost,B4-Hardware__XGBoost,87,-28.462439695243752
B3-Physics__XGBoost,B4-Hardware__XGBoost,88,-37.5319480191501
B3-Physics__XGBoost,B4-Hardware__XGBoost,89,-6.379561455747401
B3-Physics__XGBoost,B4-Hardware__XGBoost,90,-40.561197351535846
B3-Physics__XGBoost,B4-Hardware__XGBoost,91,-31.42878253127689
B3-Physics__XGBoost,B4-Hardware__XGBoost,92,-37.75231640461215
B3-Physics__XGBoost,B4-Hardware__XGBoost,93,-25.959058229303484
B3-Physics__XGBoost,B4-Hardware__XGBoost,94,24.215321713346814
B3-Physics__XGBoost,B4-Hardware__XGBoost,95,-2.8692078225727826
B3-Physics__XGBoost,B4-Hardware__XGBoost,96,-6.9946280060390915
B3-Physics__XGBoost,B4-Hardware__XGBoost,97,-21.45631035568731
B3-Physics__XGBoost,B4-Hardware__XGBoost,98,-20.14515490158022
B3-Physics__XGBoost,B4-Hardware__XGBoost,99,-34.734783162166494
B3-Physics__XGBoost,B4-Hardware__XGBoost,100,-40.09219836559255
B3-Physics__XGBoost,B4-Hardware__XGBoost,101,-14.097906349382157
B3-Physics__XGBoost,B4-Hardware__XGBoost,102,-32.39926745737356
B3-Physics__XGBoost,B4-Hardware__XGBoost,103,-4.856076108247466
B3-Physics__XGBoost,B4-Hardware__XGBoost,104,-3.1115047474783495
B3-Physics__XGBoost,B4-Hardware__XGBoost,105,-32.43294764257961
B3-Physics__XGBoost,B4-Hardware__XGBoost,106,-28.543849908934863
B3-Physics__XGBoost,B4-Hardware__XGBoost,107,-29.609623855706413
B3-Physics__XGBoost,B4-Hardware__XGBoost,108,-2.3618510343703747
B3-Physics__XGBoost,B4-Hardware__XGBoost,109,-53.842225524879396
B3-Physics__XGBoost,B4-Hardware__XGBoost,110,-30.446363833866716
B3-Physics__XGBoost,B4-Hardware__XGBoost,111,-27.37550289678021
B3-Physics__XGBoost,B4-Hardware__XGBoost,112,22.52206616169274
B3-Physics__XGBoost,B4-Hardware__XGBoost,113,-33.964888614769855
B3-Physics__XGBoost,B4-Hardware__XGBoost,114,-22.436900894170197
B3-Physics__XGBoost,B4-Hardware__XGBoost,115,-60.004518845709995
B3-Physics__XGBoost,B4-Hardware__XGBoost,116,-38.92638701209311
B3-Physics__XGBoost,B4-Hardware__XGBoost,117,-57.05189741094835
B3-Physics__XGBoost,B4-Hardware__XGBoost,118,-30.494136281600102
B3-Physics__XGBoost,B4-Hardware__XGBoost,119,-63.723866380632614
B3-Physics__XGBoost,B4-Hardware__XGBoost,120,-26.410905719979016
B3-Physics__XGBoost,B4-Hardware__XGBoost,121,-30.37057642121733
B3-Physics__XGBoost,B4-Hardware__XGBoost,122,3.2827755426751755
B3-Physics__XGBoost,B4-Hardware__XGBoost,123,-35.218756729966834
B3-Physics__XGBoost,B4-Hardware__XGBoost,124,-60.147955004029185
B3-Physics__XGBoost,B4-Hardware__XGBoost,125,-39.93990970557203
B3-Physics__XGBoost,B4-Hardware__XGBoost,126,8.041154975550278
B3-Physics__XGBoost,B4-Hardware__XGBoost,127,-2.6285007479329567
B3-Physics__XGBoost,B4-Hardware__XGBoost,128,-42.42775742872
B3-Physics__XGBoost,B4-Hardware__XGBoost,129,-7.501119771838229
B3-Physics__XGBoost,B4-Hardware__XGBoost,130,-23.595490866173815
B3-Physics__XGBoost,B4-Hardware__XGBoost,131,-20.31927874908317
B3-Physics__XGBoost,B4-Hardware__XGBoost,132,3.3771936654624324
B3-Physics__XGBoost,B4-Hardware__XGBoost,133,-15.42003596823523
B3-Physics__XGBoost,B4-Hardware__XGBoost,134,-46.894897196079384
B3-Physics__XGBoost,B4-Hardware__XGBoost,135,-38.65488308911222
B3-Physics__XGBoost,B4-Hardware__XGBoost,136,-9.733181229427263
B3-Physics__XGBoost,B4-Hardware__XGBoost,137,-57.67269056592777
B3-Physics__XGBoost,B4-Hardware__XGBoost,138,-21.92306506730981
B3-Physics__XGBoost,B4-Hardware__XGBoost,139,6.188834069720388
B3-Physics__XGBoost,B4-Hardware__XGBoost,140,-17.09940470030352
B3-Physics__XGBoost,B4-Hardware__XGBoost,141,-51.12263913002075
B3-Physics__XGBoost,B4-Hardware__XGBoost,142,-13.800695809465443
B3-Physics__XGBoost,B4-Hardware__XGBoost,143,-28.552334783140527
B3-Physics__XGBoost,B4-Hardware__XGBoost,144,-37.12324976760976
B3-Physics__XGBoost,B4-Hardware__XGBoost,145,-14.139335537249448
B3-Physics__XGBoost,B4-Hardware__XGBoost,146,4.049687317800134
B3-Physics__XGBoost,B4-Hardware__XGBoost,147,-14.999141830729588
B3-Physics__XGBoost,B4-Hardware__XGBoost,148,-32.774066792849666
B3-Physics__XGBoost,B4-Hardware__XGBoost,149,-24.57394290342642
B3-Physics__XGBoost,B4-Hardware__XGBoost,150,-34.52920286014389
B3-Physics__XGBoost,B4-Hardware__XGBoost,151,-28.07596549231496
B3-Physics__XGBoost,B4-Hardware__XGBoost,152,-50.646643310028985
B3-Physics__XGBoost,B4-Hardware__XGBoost,153,-21.663258410096372
B3-Physics__XGBoost,B4-Hardware__XGBoost,154,-5.238704065629608
B3-Physics__XGBoost,B4-Hardware__XGBoost,155,-27.076145733285614
B3-Physics__XGBoost,B4-Hardware__XGBoost,156,-23.054410957332657
B3-Physics__XGBoost,B4-Hardware__XGBoost,157,-15.849482503132945
B3-Physics__XGBoost,B4-Hardware__XGBoost,158,12.892514727945017
B3-Physics__XGBoost,B4-Hardware__XGBoost,159,-41.65628091084407
B3-Physics__XGBoost,B4-Hardware__XGBoost,160,-21.20359579837071
B3-Physics__XGBoost,B4-Hardware__XGBoost,161,-38.283870124036085
B3-Physics__XGBoost,B4-Hardware__XGBoost,162,-26.607313259992516
B3-Physics__XGBoost,B4-Hardware__XGBoost,163,-28.721310725231213
B3-Physics__XGBoost,B4-Hardware__XGBoost,164,-54.820979133884244
B3-Physics__XGBoost,B4-Hardware__XGBoost,165,-17.47325770023281
B3-Physics__XGBoost,B4-Hardware__XGBoost,166,-41.21437725921616
B3-Physics__XGBoost,B4-Hardware__XGBoost,167,-19.427961265786617
B3-Physics__XGBoost,B4-Hardware__XGBoost,168,-17.192421749243262
B3-Physics__XGBoost,B4-Hardware__XGBoost,169,-25.459042028579745
B3-Physics__XGBoost,B4-Hardware__XGBoost,170,-3.164410495286124
B3-Physics__XGBoost,B4-Hardware__XGBoost,171,-30.029827236260406
B3-Physics__XGBoost,B4-Hardware__XGBoost,172,-28.401531733418974
B3-Physics__XGBoost,B4-Hardware__XGBoost,173,-27.381189172315413
B3-Physics__XGBoost,B4-Hardware__XGBoost,174,-50.191559408960856
B3-Physics__XGBoost,B4-Hardware__XGBoost,175,2.660839357088676
B3-Physics__XGBoost,B4-Hardware__XGBoost,176,-15.82516685580974
B3-Physics__XGBoost,B4-Hardware__XGBoost,177,-16.88056241021902
B3-Physics__XGBoost,B4-Hardware__XGBoost,178,-22.947849686468782
B3-Physics__XGBoost,B4-Hardware__XGBoost,179,-27.838453211204968
B3-Physics__XGBoost,B4-Hardware__XGBoost,180,-28.044430380737
B3-Physics__XGBoost,B4-Hardware__XGBoost,181,-16.75532089812714
B3-Physics__XGBoost,B4-Hardware__XGBoost,182,-42.086182339767596
B3-Physics__XGBoost,B4-Hardware__XGBoost,183,-14.744059266556674
B3-Physics__XGBoost,B4-Hardware__XGBoost,184,-20.345165394087818
B3-Physics__XGBoost,B4-Hardware__XGBoost,185,-68.01442003661313
B3-Physics__XGBoost,B4-Hardware__XGBoost,186,-4.146987073681755
B3-Physics__XGBoost,B4-Hardware__XGBoost,187,-8.214836920899378
B3-Physics__XGBoost,B4-Hardware__XGBoost,188,-15.092715594595168
B3-Physics__XGBoost,B4-Hardware__XGBoost,189,-12.182829225208561
B3-Physics__XGBoost,B4-Hardware__XGBoost,190,-33.16029982397603
B3-Physics__XGBoost,B4-Hardware__XGBoost,191,-45.243766384721816
B3-Physics__XGBoost,B4-Hardware__XGBoost,192,-31.48313002839418
B3-Physics__XGBoost,B4-Hardware__XGBoost,193,-21.24830400395078
B3-Physics__XGBoost,B4-Hardware__XGBoost,194,-18.232175831055965
B3-Physics__XGBoost,B4-Hardware__XGBoost,195,-39.04933681176792
B3-Physics__XGBoost,B4-Hardware__XGBoost,196,-30.074990870189676
B3-Physics__XGBoost,B4-Hardware__XGBoost,197,-10.18707261087877
B3-Physics__XGBoost,B4-Hardware__XGBoost,198,-15.77056363150325
B3-Physics__XGBoost,B4-Hardware__XGBoost,199,-25.369369388533787
B3-Physics__XGBoost,B4-Hardware__XGBoost,200,-9.651403329533093
B3-Physics__XGBoost,B4-Hardware__XGBoost,201,-14.318852975161926
B3-Physics__XGBoost,B4-Hardware__XGBoost,202,-56.08491691471159
B3-Physics__XGBoost,B4-Hardware__XGBoost,203,-26.152920239917744
B3-Physics__XGBoost,B4-Hardware__XGBoost,204,-22.58954139913848
B3-Physics__XGBoost,B4-Hardware__XGBoost,205,-35.03941864468258
B3-Physics__XGBoost,B4-Hardware__XGBoost,206,-8.145117262667977
B3-Physics__XGBoost,B4-Hardware__XGBoost,207,-48.31739359459449
B3-Physics__XGBoost,B4-Hardware__XGBoost,208,-12.686040572602865
B3-Physics__XGBoost,B4-Hardware__XGBoost,209,-9.735926411330414
B3-Physics__XGBoost,B4-Hardware__XGBoost,210,-31.984432313353746
B3-Physics__XGBoost,B4-Hardware__XGBoost,211,-32.26693082854356
B3-Physics__XGBoost,B4-Hardware__XGBoost,212,-5.450838688261941
B3-Physics__XGBoost,B4-Hardware__XGBoost,213,-2.5463695276935385
B3-Physics__XGBoost,B4-Hardware__XGBoost,214,-16.217795835594394
B3-Physics__XGBoost,B4-Hardware__XGBoost,215,-28.1060367767507
B3-Physics__XGBoost,B4-Hardware__XGBoost,216,-46.48675747354631
B3-Physics__XGBoost,B4-Hardware__XGBoost,217,-28.657195959724042
B3-Physics__XGBoost,B4-Hardware__XGBoost,218,-16.154407623004097
B3-Physics__XGBoost,B4-Hardware__XGBoost,219,-25.96478350160257
B3-Physics__XGBoost,B4-Hardware__XGBoost,220,-50.13334705854289
B3-Physics__XGBoost,B4-Hardware__XGBoost,221,9.04994378900376
B3-Physics__XGBoost,B4-Hardware__XGBoost,222,-58.693399002269175
B3-Physics__XGBoost,B4-Hardware__XGBoost,223,-34.58495678408011
B3-Physics__XGBoost,B4-Hardware__XGBoost,224,-48.575953296454195
B3-Physics__XGBoost,B4-Hardware__XGBoost,225,-35.76240878942037
B3-Physics__XGBoost,B4-Hardware__XGBoost,226,-44.836647902477196
B3-Physics__XGBoost,B4-Hardware__XGBoost,227,-20.118819662736662
B3-Physics__XGBoost,B4-Hardware__XGBoost,228,-63.35221889175216
B3-Physics__XGBoost,B4-Hardware__XGBoost,229,-13.788190893644721
B3-Physics__XGBoost,B4-Hardware__XGBoost,230,-33.590103220720614
B3-Physics__XGBoost,B4-Hardware__XGBoost,231,-20.824144849953885
B3-Physics__XGBoost,B4-Hardware__XGBoost,232,-26.51402538909119
B3-Physics__XGBoost,B4-Hardware__XGBoost,233,-9.45206648673066
B3-Physics__XGBoost,B4-Hardware__XGBoost,234,-7.562244704072833
B3-Physics__XGBoost,B4-Hardware__XGBoost,235,-31.455958270861725
B3-Physics__XGBoost,B4-Hardware__XGBoost,236,-33.511803352863275
B3-Physics__XGBoost,B4-Hardware__XGBoost,237,-16.416602252971504
B3-Physics__XGBoost,B4-Hardware__XGBoost,238,-48.3339595958037
B3-Physics__XGBoost,B4-Hardware__XGBoost,239,-27.967313859201504
B3-Physics__XGBoost,B4-Hardware__XGBoost,240,-30.575262399746443
B3-Physics__XGBoost,B4-Hardware__XGBoost,241,-45.66483252096867
B3-Physics__XGBoost,B4-Hardware__XGBoost,242,-38.94852370767832
B3-Physics__XGBoost,B4-Hardware__XGBoost,243,-12.807672310359607
B3-Physics__XGBoost,B4-Hardware__XGBoost,244,-45.27406231509173
B3-Physics__XGBoost,B4-Hardware__XGBoost,245,-15.197280051418188
B3-Physics__XGBoost,B4-Hardware__XGBoost,246,-17.19467026306882
B3-Physics__XGBoost,B4-Hardware__XGBoost,247,-38.174639419664196
B3-Physics__XGBoost,B4-Hardware__XGBoost,248,-11.448281448614344
B3-Physics__XGBoost,B4-Hardware__XGBoost,249,-52.5178082115761
B3-Physics__XGBoost,B4-Hardware__XGBoost,250,2.3505456485615963
B3-Physics__XGBoost,B4-Hardware__XGBoost,251,-13.765156721814574
B3-Physics__XGBoost,B4-Hardware__XGBoost,252,25.454965757047717
B3-Physics__XGBoost,B4-Hardware__XGBoost,253,-31.926778491943082
B3-Physics__XGBoost,B4-Hardware__XGBoost,254,-26.32194727852787
B3-Physics__XGBoost,B4-Hardware__XGBoost,255,-33.09461205391191
B3-Physics__XGBoost,B4-Hardware__XGBoost,256,-40.329009242536095
B3-Physics__XGBoost,B4-Hardware__XGBoost,257,-0.7412690528300102
B3-Physics__XGBoost,B4-Hardware__XGBoost,258,-28.348902156937076
B3-Physics__XGBoost,B4-Hardware__XGBoost,259,-34.63903013000902
B3-Physics__XGBoost,B4-Hardware__XGBoost,260,-11.753961804553425
B3-Physics__XGBoost,B4-Hardware__XGBoost,261,-27.21657324345799
B3-Physics__XGBoost,B4-Hardware__XGBoost,262,-23.662240495157928
B3-Physics__XGBoost,B4-Hardware__XGBoost,263,-12.60515764161458
B3-Physics__XGBoost,B4-Hardware__XGBoost,264,-22.596108705288316
B3-Physics__XGBoost,B4-Hardware__XGBoost,265,-27.326699296228462
B3-Physics__XGBoost,B4-Hardware__XGBoost,266,-15.651028871177378
B3-Physics__XGBoost,B4-Hardware__XGBoost,267,-47.859439737311966
B3-Physics__XGBoost,B4-Hardware__XGBoost,268,-31.227233928318203
B3-Physics__XGBoost,B4-Hardware__XGBoost,269,11.621455906196593
B3-Physics__XGBoost,B4-Hardware__XGBoost,270,-10.340225489386773
B3-Physics__XGBoost,B4-Hardware__XGBoost,271,-42.45535824368648
B3-Physics__XGBoost,B4-Hardware__XGBoost,272,-27.701577198783074
B3-Physics__XGBoost,B4-Hardware__XGBoost,273,-0.489462594152615
B3-Physics__XGBoost,B4-Hardware__XGBoost,274,-46.87764760143315
B3-Physics__XGBoost,B4-Hardware__XGBoost,275,12.231823623654742
B3-Physics__XGBoost,B4-Hardware__XGBoost,276,-20.168862468277354
B3-Physics__XGBoost,B4-Hardware__XGBoost,277,-30.518008072418407
B3-Physics__XGBoost,B4-Hardware__XGBoost,278,-38.14945972526595
B3-Physics__XGBoost,B4-Hardware__XGBoost,279,-43.41084353727457
B3-Physics__XGBoost,B4-Hardware__XGBoost,280,1.4710426508019867
B3-Physics__XGBoost,B4-Hardware__XGBoost,281,-18.807384515480727
B3-Physics__XGBoost,B4-Hardware__XGBoost,282,-16.213599723305947
B3-Physics__XGBoost,B4-Hardware__XGBoost,283,0.8493519583021377
B3-Physics__XGBoost,B4-Hardware__XGBoost,284,-39.87687430609076
B3-Physics__XGBoost,B4-Hardware__XGBoost,285,-25.155061184753
B3-Physics__XGBoost,B4-Hardware__XGBoost,286,-34.49811410295788
B3-Physics__XGBoost,B4-Hardware__XGBoost,287,-2.683811715955366
B3-Physics__XGBoost,B4-Hardware__XGBoost,288,-0.7696100036077738
B3-Physics__XGBoost,B4-Hardware__XGBoost,289,-19.547627453040814
B3-Physics__XGBoost,B4-Hardware__XGBoost,290,-40.805444740944985
B3-Physics__XGBoost,B4-Hardware__XGBoost,291,-40.13731288304457
B3-Physics__XGBoost,B4-Hardware__XGBoost,292,5.727517235171007
B3-Physics__XGBoost,B4-Hardware__XGBoost,293,-24.112573980798793
B3-Physics__XGBoost,B4-Hardware__XGBoost,294,-53.476547192501734
B3-Physics__XGBoost,B4-Hardware__XGBoost,295,-34.18084161713254
B3-Physics__XGBoost,B4-Hardware__XGBoost,296,-30.134840745475156
B3-Physics__XGBoost,B4-Hardware__XGBoost,297,-14.568338249975179
B3-Physics__XGBoost,B4-Hardware__XGBoost,298,-7.190227639420989
B3-Physics__XGBoost,B4-Hardware__XGBoost,299,27.61793182014836
B3-Physics__XGBoost,B4-Hardware__XGBoost,300,0.8731680851251602
B3-Physics__XGBoost,B4-Hardware__XGBoost,301,-25.02900604619111
B3-Physics__XGBoost,B4-Hardware__XGBoost,302,-12.888255224039474
B3-Physics__XGBoost,B4-Hardware__XGBoost,303,-2.008200978849005
B3-Physics__XGBoost,B4-Hardware__XGBoost,304,-23.672883223282582
B3-Physics__XGBoost,B4-Hardware__XGBoost,305,3.0142104166061
B3-Physics__XGBoost,B4-Hardware__XGBoost,306,-6.6683664384754975
B3-Physics__XGBoost,B4-Hardware__XGBoost,307,-28.514510742718365
B3-Physics__XGBoost,B4-Hardware__XGBoost,308,-14.79817464042547
B3-Physics__XGBoost,B4-Hardware__XGBoost,309,-27.3944737143037
B3-Physics__XGBoost,B4-Hardware__XGBoost,310,-48.73375160478721
B3-Physics__XGBoost,B4-Hardware__XGBoost,311,-28.71329613592338
B3-Physics__XGBoost,B4-Hardware__XGBoost,312,-49.877210471157206
B3-Physics__XGBoost,B4-Hardware__XGBoost,313,-11.258227795725476
B3-Physics__XGBoost,B4-Hardware__XGBoost,314,-21.555676447101597
B3-Physics__XGBoost,B4-Hardware__XGBoost,315,11.093913668632736
B3-Physics__XGBoost,B4-Hardware__XGBoost,316,-24.453899578665055
B3-Physics__XGBoost,B4-Hardware__XGBoost,317,-22.24225998132186
B3-Physics__XGBoost,B4-Hardware__XGBoost,318,-12.680232623134236
B3-Physics__XGBoost,B4-Hardware__XGBoost,319,-21.132468704421665
B3-Physics__XGBoost,B4-Hardware__XGBoost,320,-40.56774199145376
B3-Physics__XGBoost,B4-Hardware__XGBoost,321,-56.072940518669796
B3-Physics__XGBoost,B4-Hardware__XGBoost,322,-40.073263357453264
B3-Physics__XGBoost,B4-Hardware__XGBoost,323,-49.50235179562974
B3-Physics__XGBoost,B4-Hardware__XGBoost,324,-40.03788284150354
B3-Physics__XGBoost,B4-Hardware__XGBoost,325,-10.024660593019915
B3-Physics__XGBoost,B4-Hardware__XGBoost,326,-62.0695551038256
B3-Physics__XGBoost,B4-Hardware__XGBoost,327,9.956683653418414
B3-Physics__XGBoost,B4-Hardware__XGBoost,328,-43.4010021850552
B3-Physics__XGBoost,B4-Hardware__XGBoost,329,-33.4561294037797
B3-Physics__XGBoost,B4-Hardware__XGBoost,330,-4.781438381649378
B3-Physics__XGBoost,B4-Hardware__XGBoost,331,-24.87760848512432
B3-Physics__XGBoost,B4-Hardware__XGBoost,332,-31.682765314380163
B3-Physics__XGBoost,B4-Hardware__XGBoost,333,0.43526229091256546
B3-Physics__XGBoost,B4-Hardware__XGBoost,334,-39.32603621471441
B3-Physics__XGBoost,B4-Hardware__XGBoost,335,-48.08981475687214
B3-Physics__XGBoost,B4-Hardware__XGBoost,336,-44.70303921758481
B3-Physics__XGBoost,B4-Hardware__XGBoost,337,-44.70296285235365
B3-Physics__XGBoost,B4-Hardware__XGBoost,338,-21.261636526843578
B3-Physics__XGBoost,B4-Hardware__XGBoost,339,-33.97956786211661
B3-Physics__XGBoost,B4-Hardware__XGBoost,340,-16.047710045393213
B3-Physics__XGBoost,B4-Hardware__XGBoost,341,-4.076441538238094
B3-Physics__XGBoost,B4-Hardware__XGBoost,342,-13.155148863169334
B3-Physics__XGBoost,B4-Hardware__XGBoost,343,-27.806681921597807
B3-Physics__XGBoost,B4-Hardware__XGBoost,344,-31.749977661668336
B3-Physics__XGBoost,B4-Hardware__XGBoost,345,-12.994080589549258
B3-Physics__XGBoost,B4-Hardware__XGBoost,346,-25.950291076748538
B3-Physics__XGBoost,B4-Hardware__XGBoost,347,-18.27407512407883
B3-Physics__XGBoost,B4-Hardware__XGBoost,348,-40.075885460731264
B3-Physics__XGBoost,B4-Hardware__XGBoost,349,-18.832633228484877
B3-Physics__XGBoost,B4-Hardware__XGBoost,350,-34.8463380449803
B3-Physics__XGBoost,B4-Hardware__XGBoost,351,-34.58601077157048
B3-Physics__XGBoost,B4-Hardware__XGBoost,352,5.6273934421005425
B3-Physics__XGBoost,B4-Hardware__XGBoost,353,-5.9861853011090504
B3-Physics__XGBoost,B4-Hardware__XGBoost,354,-30.768903885864468
B3-Physics__XGBoost,B4-Hardware__XGBoost,355,-23.28020610869125
B3-Physics__XGBoost,B4-Hardware__XGBoost,356,-14.685288851823723
B3-Physics__XGBoost,B4-Hardware__XGBoost,357,-37.63976332291975
B3-Physics__XGBoost,B4-Hardware__XGBoost,358,-8.35500575168905
B3-Physics__XGBoost,B4-Hardware__XGBoost,359,-31.869738650852604
B3-Physics__XGBoost,B4-Hardware__XGBoost,360,-3.653345679295963
B3-Physics__XGBoost,B4-Hardware__XGBoost,361,-22.865663700630243
B3-Physics__XGBoost,B4-Hardware__XGBoost,362,-38.58216532895865
B3-Physics__XGBoost,B4-Hardware__XGBoost,363,-34.76767678545418
B3-Physics__XGBoost,B4-Hardware__XGBoost,364,-29.287192215321536
B3-Physics__XGBoost,B4-Hardware__XGBoost,365,-36.187799721086726
B3-Physics__XGBoost,B4-Hardware__XGBoost,366,-29.93325995259184
B3-Physics__XGBoost,B4-Hardware__XGBoost,367,-16.432333882814483
B3-Physics__XGBoost,B4-Hardware__XGBoost,368,-39.933267213056645
B3-Physics__XGBoost,B4-Hardware__XGBoost,369,-31.879731196714708
B3-Physics__XGBoost,B4-Hardware__XGBoost,370,-18.721781583818835
B3-Physics__XGBoost,B4-Hardware__XGBoost,371,-37.46764875196586
B3-Physics__XGBoost,B4-Hardware__XGBoost,372,-26.060947935535314
B3-Physics__XGBoost,B4-Hardware__XGBoost,373,-21.904175237066774
B3-Physics__XGBoost,B4-Hardware__XGBoost,374,-46.695015716555176
B3-Physics__XGBoost,B4-Hardware__XGBoost,375,-27.426899116557603
B3-Physics__XGBoost,B4-Hardware__XGBoost,376,-35.91168915895373
B3-Physics__XGBoost,B4-Hardware__XGBoost,377,-36.367930404469455
B3-Physics__XGBoost,B4-Hardware__XGBoost,378,-16.05114971685816
B3-Physics__XGBoost,B4-Hardware__XGBoost,379,-27.762979086167075
B3-Physics__XGBoost,B4-Hardware__XGBoost,380,-39.18191205760455
B3-Physics__XGBoost,B4-Hardware__XGBoost,381,-8.051089304177662
B3-Physics__XGBoost,B4-Hardware__XGBoost,382,-40.756489019912884
B3-Physics__XGBoost,B4-Hardware__XGBoost,383,-10.659594284082033
B3-Physics__XGBoost,B4-Hardware__XGBoost,384,-27.498183852206733
B3-Physics__XGBoost,B4-Hardware__XGBoost,385,13.77936647337005
B3-Physics__XGBoost,B4-Hardware__XGBoost,386,-21.856338738057584
B3-Physics__XGBoost,B4-Hardware__XGBoost,387,-16.861207897832188
B3-Physics__XGBoost,B4-Hardware__XGBoost,388,-47.247726648302724
B3-Physics__XGBoost,B4-Hardware__XGBoost,389,-14.383850554850108
B3-Physics__XGBoost,B4-Hardware__XGBoost,390,-32.959171815774575
B3-Physics__XGBoost,B4-Hardware__XGBoost,391,-36.73526704560856
B3-Physics__XGBoost,B4-Hardware__XGBoost,392,-14.87600686583875
B3-Physics__XGBoost,B4-Hardware__XGBoost,393,-9.33603575322413
B3-Physics__XGBoost,B4-Hardware__XGBoost,394,-0.16077273941075276
B3-Physics__XGBoost,B4-Hardware__XGBoost,395,47.52495416406507
B3-Physics__XGBoost,B4-Hardware__XGBoost,396,-12.627576342818761
B3-Physics__XGBoost,B4-Hardware__XGBoost,397,-4.099218048801122
B3-Physics__XGBoost,B4-Hardware__XGBoost,398,2.381889438758762
B3-Physics__XGBoost,B4-Hardware__XGBoost,399,5.890729922451875
B3-Physics__XGBoost,B4-Hardware__XGBoost,400,2.6332696772564383
B3-Physics__XGBoost,B4-Hardware__XGBoost,401,-16.501904008759634
B3-Physics__XGBoost,B4-Hardware__XGBoost,402,-20.755728972771454
B3-Physics__XGBoost,B4-Hardware__XGBoost,403,18.520865657703514
B3-Physics__XGBoost,B4-Hardware__XGBoost,404,-5.467340649336705
B3-Physics__XGBoost,B4-Hardware__XGBoost,405,-15.031470679394513
B3-Physics__XGBoost,B4-Hardware__XGBoost,406,14.204581961617965
B3-Physics__XGBoost,B4-Hardware__XGBoost,407,6.111323480624421
B3-Physics__XGBoost,B4-Hardware__XGBoost,408,-19.961469520402098
B3-Physics__XGBoost,B4-Hardware__XGBoost,409,-49.56399564611832
B3-Physics__XGBoost,B4-Hardware__XGBoost,410,-31.503359746097285
B3-Physics__XGBoost,B4-Hardware__XGBoost,411,-38.76501641097434
B3-Physics__XGBoost,B4-Hardware__XGBoost,412,-30.411486016198587
B3-Physics__XGBoost,B4-Hardware__XGBoost,413,-0.6847657064919456
B3-Physics__XGBoost,B4-Hardware__XGBoost,414,-14.671694945847992
B3-Physics__XGBoost,B4-Hardware__XGBoost,415,8.986659103457962
B3-Physics__XGBoost,B4-Hardware__XGBoost,416,-31.871840280538333
B3-Physics__XGBoost,B4-Hardware__XGBoost,417,-12.262814853861267
B3-Physics__XGBoost,B4-Hardware__XGBoost,418,-47.176142672779584
B3-Physics__XGBoost,B4-Hardware__XGBoost,419,-20.02793845556536
B3-Physics__XGBoost,B4-Hardware__XGBoost,420,-7.338155022558119
B3-Physics__XGBoost,B4-Hardware__XGBoost,421,-38.85254798975775
B3-Physics__XGBoost,B4-Hardware__XGBoost,422,-34.62248697233109
B3-Physics__XGBoost,B4-Hardware__XGBoost,423,-10.473976191500071
B3-Physics__XGBoost,B4-Hardware__XGBoost,424,-56.42295936095773
B3-Physics__XGBoost,B4-Hardware__XGBoost,425,-17.921865731160995
B3-Physics__XGBoost,B4-Hardware__XGBoost,426,-44.522728948211814
B3-Physics__XGBoost,B4-Hardware__XGBoost,427,-34.85720308346372
B3-Physics__XGBoost,B4-Hardware__XGBoost,428,-41.981709682390324
B3-Physics__XGBoost,B4-Hardware__XGBoost,429,-32.51533263333765
B3-Physics__XGBoost,B4-Hardware__XGBoost,430,-46.082428132174286
B3-Physics__XGBoost,B4-Hardware__XGBoost,431,-26.703462607926276
B3-Physics__XGBoost,B4-Hardware__XGBoost,432,-18.873864189945362
B3-Physics__XGBoost,B4-Hardware__XGBoost,433,5.531409532875933
B3-Physics__XGBoost,B4-Hardware__XGBoost,434,-54.39222906459481
B3-Physics__XGBoost,B4-Hardware__XGBoost,435,-15.660534886858873
B3-Physics__XGBoost,B4-Hardware__XGBoost,436,-36.03141786371494
B3-Physics__XGBoost,B4-Hardware__XGBoost,437,1.2397124898715524
B3-Physics__XGBoost,B4-Hardware__XGBoost,438,-20.04955094751582
B3-Physics__XGBoost,B4-Hardware__XGBoost,439,1.6959032553726519
B3-Physics__XGBoost,B4-Hardware__XGBoost,440,-45.80079193479958
B3-Physics__XGBoost,B4-Hardware__XGBoost,441,-42.154465359604934
B3-Physics__XGBoost,B4-Hardware__XGBoost,442,-27.729801376677027
B3-Physics__XGBoost,B4-Hardware__XGBoost,443,-13.570275334718021
B3-Physics__XGBoost,B4-Hardware__XGBoost,444,-46.24514769339457
B3-Physics__XGBoost,B4-Hardware__XGBoost,445,-40.374108322357756
B3-Physics__XGBoost,B4-Hardware__XGBoost,446,-38.234440159422135
B3-Physics__XGBoost,B4-Hardware__XGBoost,447,-6.746693529692166
B3-Physics__XGBoost,B4-Hardware__XGBoost,448,-44.83441525173997
B3-Physics__XGBoost,B4-Hardware__XGBoost,449,-32.22811742122493
B3-Physics__XGBoost,B4-Hardware__XGBoost,450,-6.995098398263271
B3-Physics__XGBoost,B4-Hardware__XGBoost,451,-51.82399345135332
B3-Physics__XGBoost,B4-Hardware__XGBoost,452,-6.919620944643358
B3-Physics__XGBoost,B4-Hardware__XGBoost,453,-9.963509530619458
B3-Physics__XGBoost,B4-Hardware__XGBoost,454,-38.61304786452981
B3-Physics__XGBoost,B4-Hardware__XGBoost,455,-36.88258009329919
B3-Physics__XGBoost,B4-Hardware__XGBoost,456,-22.95718382504444
B3-Physics__XGBoost,B4-Hardware__XGBoost,457,-26.819649011779376
B3-Physics__XGBoost,B4-Hardware__XGBoost,458,-27.71807573447176
B3-Physics__XGBoost,B4-Hardware__XGBoost,459,-24.961687215280026
B3-Physics__XGBoost,B4-Hardware__XGBoost,460,-51.365282054599824
B3-Physics__XGBoost,B4-Hardware__XGBoost,461,-24.756948747611393
B3-Physics__XGBoost,B4-Hardware__XGBoost,462,-49.23023968301202
B3-Physics__XGBoost,B4-Hardware__XGBoost,463,-63.025164350372236
B3-Physics__XGBoost,B4-Hardware__XGBoost,464,-55.031271797762145
B3-Physics__XGBoost,B4-Hardware__XGBoost,465,-37.42588505109716
B3-Physics__XGBoost,B4-Hardware__XGBoost,466,-37.52961299180764
B3-Physics__XGBoost,B4-Hardware__XGBoost,467,-21.20527968527287
B3-Physics__XGBoost,B4-Hardware__XGBoost,468,-7.370550403409043
B3-Physics__XGBoost,B4-Hardware__XGBoost,469,-22.985396519687647
B3-Physics__XGBoost,B4-Hardware__XGBoost,470,-36.879401210560886
B3-Physics__XGBoost,B4-Hardware__XGBoost,471,-22.046104210819813
B3-Physics__XGBoost,B4-Hardware__XGBoost,472,-33.58229470531874
B3-Physics__XGBoost,B4-Hardware__XGBoost,473,-46.29536979640473
B3-Physics__XGBoost,B4-Hardware__XGBoost,474,-5.383622021867418
B3-Physics__XGBoost,B4-Hardware__XGBoost,475,14.869176146398464
B3-Physics__XGBoost,B4-Hardware__XGBoost,476,-38.852080497051084
B3-Physics__XGBoost,B4-Hardware__XGBoost,477,-10.913884427467623
B3-Physics__XGBoost,B4-Hardware__XGBoost,478,-30.569916446565596
B3-Physics__XGBoost,B4-Hardware__XGBoost,479,-13.761385371426911
B3-Physics__XGBoost,B4-Hardware__XGBoost,480,-2.1274928566491105
B3-Physics__XGBoost,B4-Hardware__XGBoost,481,0.11894831492725391
B3-Physics__XGBoost,B4-Hardware__XGBoost,482,-21.542429123249494
B3-Physics__XGBoost,B4-Hardware__XGBoost,483,-33.488909101087756
B3-Physics__XGBoost,B4-Hardware__XGBoost,484,-15.930813399972465
B3-Physics__XGBoost,B4-Hardware__XGBoost,485,-12.424930350677558
B3-Physics__XGBoost,B4-Hardware__XGBoost,486,-41.65444267636542
B3-Physics__XGBoost,B4-Hardware__XGBoost,487,-23.666091582222034
B3-Physics__XGBoost,B4-Hardware__XGBoost,488,-25.827722653597018
B3-Physics__XGBoost,B4-Hardware__XGBoost,489,-24.330106535681086
B3-Physics__XGBoost,B4-Hardware__XGBoost,490,-27.01229655535979
B3-Physics__XGBoost,B4-Hardware__XGBoost,491,-1.1411416656753903
B3-Physics__XGBoost,B4-Hardware__XGBoost,492,-40.59717638124372
B3-Physics__XGBoost,B4-Hardware__XGBoost,493,-11.650506965205574
B3-Physics__XGBoost,B4-Hardware__XGBoost,494,-36.58401541395426
B3-Physics__XGBoost,B4-Hardware__XGBoost,495,-32.21536894001074
B3-Physics__XGBoost,B4-Hardware__XGBoost,496,-2.559699396881668
B3-Physics__XGBoost,B4-Hardware__XGBoost,497,-16.72429421717467
B3-Physics__XGBoost,B4-Hardware__XGBoost,498,-5.182986603036142
B3-Physics__XGBoost,B4-Hardware__XGBoost,499,-5.340138214975127
B3-Physics__XGBoost,B4-Hardware__XGBoost,500,25.179687668611454
B3-Physics__XGBoost,B4-Hardware__XGBoost,501,-18.28505622862957
B3-Physics__XGBoost,B4-Hardware__XGBoost,502,-15.44994363839436
B3-Physics__XGBoost,B4-Hardware__XGBoost,503,-21.494000713452756
B3-Physics__XGBoost,B4-Hardware__XGBoost,504,-31.482127624184532
B3-Physics__XGBoost,B4-Hardware__XGBoost,505,-29.144498095307096
B3-Physics__XGBoost,B4-Hardware__XGBoost,506,-55.664778222064456
B3-Physics__XGBoost,B4-Hardware__XGBoost,507,-32.16497183003065
B3-Physics__XGBoost,B4-Hardware__XGBoost,508,-48.39189950075671
B3-Physics__XGBoost,B4-Hardware__XGBoost,509,-10.09934728977363
B3-Physics__XGBoost,B4-Hardware__XGBoost,510,-39.85549671542159
B3-Physics__XGBoost,B4-Hardware__XGBoost,511,-28.141782519401065
B3-Physics__XGBoost,B4-Hardware__XGBoost,512,-29.365817362203018
B3-Physics__XGBoost,B4-Hardware__XGBoost,513,-48.42219820333107
B3-Physics__XGBoost,B4-Hardware__XGBoost,514,26.153560780552287
B3-Physics__XGBoost,B4-Hardware__XGBoost,515,-49.55476719768718
B3-Physics__XGBoost,B4-Hardware__XGBoost,516,-26.149759102605792
B3-Physics__XGBoost,B4-Hardware__XGBoost,517,-8.01445240928159
B3-Physics__XGBoost,B4-Hardware__XGBoost,518,-30.328268261305308
B3-Physics__XGBoost,B4-Hardware__XGBoost,519,-34.379530997785345
B3-Physics__XGBoost,B4-Hardware__XGBoost,520,-17.346294705263833
B3-Physics__XGBoost,B4-Hardware__XGBoost,521,-21.107333565876967
B3-Physics__XGBoost,B4-Hardware__XGBoost,522,-27.88459203980843
B3-Physics__XGBoost,B4-Hardware__XGBoost,523,-10.287470149141898
B3-Physics__XGBoost,B4-Hardware__XGBoost,524,-33.85471345012725
B3-Physics__XGBoost,B4-Hardware__XGBoost,525,-26.123188015159688
B3-Physics__XGBoost,B4-Hardware__XGBoost,526,-17.34627919928445
B3-Physics__XGBoost,B4-Hardware__XGBoost,527,-30.078266440812087
B3-Physics__XGBoost,B4-Hardware__XGBoost,528,-24.80142327971702
B3-Physics__XGBoost,B4-Hardware__XGBoost,529,-34.29993123011855
B3-Physics__XGBoost,B4-Hardware__XGBoost,530,-29.70370344058936
B3-Physics__XGBoost,B4-Hardware__XGBoost,531,-9.053469571504248
B3-Physics__XGBoost,B4-Hardware__XGBoost,532,-40.140179746541946
B3-Physics__XGBoost,B4-Hardware__XGBoost,533,-36.28660895597245
B3-Physics__XGBoost,B4-Hardware__XGBoost,534,-35.23363370729668
B3-Physics__XGBoost,B4-Hardware__XGBoost,535,-11.025856946342488
B3-Physics__XGBoost,B4-Hardware__XGBoost,536,-12.546566799658738
B3-Physics__XGBoost,B4-Hardware__XGBoost,537,-7.431378057088447
B3-Physics__XGBoost,B4-Hardware__XGBoost,538,-24.163116471040244
B3-Physics__XGBoost,B4-Hardware__XGBoost,539,-30.569892731223963
B3-Physics__XGBoost,B4-Hardware__XGBoost,540,-37.451287741823236
B3-Physics__XGBoost,B4-Hardware__XGBoost,541,-20.4991583307828
B3-Physics__XGBoost,B4-Hardware__XGBoost,542,-58.722273021819596
B3-Physics__XGBoost,B4-Hardware__XGBoost,543,-52.14524982183877
B3-Physics__XGBoost,B4-Hardware__XGBoost,544,11.237109045637625
B3-Physics__XGBoost,B4-Hardware__XGBoost,545,-15.59249177584933
B3-Physics__XGBoost,B4-Hardware__XGBoost,546,-43.68033264672008
B3-Physics__XGBoost,B4-Hardware__XGBoost,547,0.07503599764865092
B3-Physics__XGBoost,B4-Hardware__XGBoost,548,-34.883291820321936
B3-Physics__XGBoost,B4-Hardware__XGBoost,549,-33.90241053922029
B3-Physics__XGBoost,B4-Hardware__XGBoost,550,-28.337417405789584
B3-Physics__XGBoost,B4-Hardware__XGBoost,551,-23.0613711443603
B3-Physics__XGBoost,B4-Hardware__XGBoost,552,-1.6463885291905136
B3-Physics__XGBoost,B4-Hardware__XGBoost,553,-31.512298349460686
B3-Physics__XGBoost,B4-Hardware__XGBoost,554,-14.966497945142992
B3-Physics__XGBoost,B4-Hardware__XGBoost,555,3.6502790425036338
B3-Physics__XGBoost,B4-Hardware__XGBoost,556,-54.019093820674655
B3-Physics__XGBoost,B4-Hardware__XGBoost,557,-49.84693774607195
B3-Physics__XGBoost,B4-Hardware__XGBoost,558,-43.07869133292967
B3-Physics__XGBoost,B4-Hardware__XGBoost,559,-35.717679417383565
B3-Physics__XGBoost,B4-Hardware__XGBoost,560,-4.068380626509864
B3-Physics__XGBoost,B4-Hardware__XGBoost,561,-51.12872143514011
B3-Physics__XGBoost,B4-Hardware__XGBoost,562,-33.06775486815991
B3-Physics__XGBoost,B4-Hardware__XGBoost,563,-32.84021440862862
B3-Physics__XGBoost,B4-Hardware__XGBoost,564,-28.60839229958213
B3-Physics__XGBoost,B4-Hardware__XGBoost,565,-21.01992365833043
B3-Physics__XGBoost,B4-Hardware__XGBoost,566,-17.700893611407366
B3-Physics__XGBoost,B4-Hardware__XGBoost,567,-36.58934082332671
B3-Physics__XGBoost,B4-Hardware__XGBoost,568,-44.65912004850078
B3-Physics__XGBoost,B4-Hardware__XGBoost,569,-2.4558632881633895
B3-Physics__XGBoost,B4-Hardware__XGBoost,570,-43.40703719332468
B3-Physics__XGBoost,B4-Hardware__XGBoost,571,-48.99816179342666
B3-Physics__XGBoost,B4-Hardware__XGBoost,572,-12.855431475686178
B3-Physics__XGBoost,B4-Hardware__XGBoost,573,-28.19838706803271
B3-Physics__XGBoost,B4-Hardware__XGBoost,574,-22.123354105876576
B3-Physics__XGBoost,B4-Hardware__XGBoost,575,-25.75544133002174
B3-Physics__XGBoost,B4-Hardware__XGBoost,576,-26.117093182764332
B3-Physics__XGBoost,B4-Hardware__XGBoost,577,-18.445287873337747
B3-Physics__XGBoost,B4-Hardware__XGBoost,578,-28.437789343359736
B3-Physics__XGBoost,B4-Hardware__XGBoost,579,-32.42062253297154
B3-Physics__XGBoost,B4-Hardware__XGBoost,580,-19.79850576553817
B3-Physics__XGBoost,B4-Hardware__XGBoost,581,-42.42808829363226
B3-Physics__XGBoost,B4-Hardware__XGBoost,582,-49.68947890090802
B3-Physics__XGBoost,B4-Hardware__XGBoost,583,-39.22636541698522
B3-Physics__XGBoost,B4-Hardware__XGBoost,584,-27.849195421690244
B3-Physics__XGBoost,B4-Hardware__XGBoost,585,-28.281282473970894
B3-Physics__XGBoost,B4-Hardware__XGBoost,586,-38.502740826580684
B3-Physics__XGBoost,B4-Hardware__XGBoost,587,-25.60621539136999
B3-Physics__XGBoost,B4-Hardware__XGBoost,588,-20.00126706215882
B3-Physics__XGBoost,B4-Hardware__XGBoost,589,-22.24700352357601
B3-Physics__XGBoost,B4-Hardware__XGBoost,590,-20.825264437853953
B3-Physics__XGBoost,B4-Hardware__XGBoost,591,-27.240665516154
B3-Physics__XGBoost,B4-Hardware__XGBoost,592,-8.763767879568196
B3-Physics__XGBoost,B4-Hardware__XGBoost,593,-21.459041200964275
B3-Physics__XGBoost,B4-Hardware__XGBoost,594,-26.319743988678457
B3-Physics__XGBoost,B4-Hardware__XGBoost,595,-16.08830176969655
B3-Physics__XGBoost,B4-Hardware__XGBoost,596,-34.722784887810015
B3-Physics__XGBoost,B4-Hardware__XGBoost,597,-27.546015497792297
B3-Physics__XGBoost,B4-Hardware__XGBoost,598,0.8242067030650324
B3-Physics__XGBoost,B4-Hardware__XGBoost,599,-52.72178369236737
B3-Physics__XGBoost,B4-Hardware__XGBoost,600,-0.8974786623856623
B3-Physics__XGBoost,B4-Hardware__XGBoost,601,-30.484661301658274
B3-Physics__XGBoost,B4-Hardware__XGBoost,602,-18.88911551500834
B3-Physics__XGBoost,B4-Hardware__XGBoost,603,-24.714572315467983
B3-Physics__XGBoost,B4-Hardware__XGBoost,604,-30.21785643962869
B3-Physics__XGBoost,B4-Hardware__XGBoost,605,-40.7388265947378
B3-Physics__XGBoost,B4-Hardware__XGBoost,606,-30.823537518361984
B3-Physics__XGBoost,B4-Hardware__XGBoost,607,-33.71173758762688
B3-Physics__XGBoost,B4-Hardware__XGBoost,608,-33.868473857132685
B3-Physics__XGBoost,B4-Hardware__XGBoost,609,-38.43228450385875
B3-Physics__XGBoost,B4-Hardware__XGBoost,610,-31.41211179238463
B3-Physics__XGBoost,B4-Hardware__XGBoost,611,-22.286638638620254
B3-Physics__XGBoost,B4-Hardware__XGBoost,612,-22.55160010088799
B3-Physics__XGBoost,B4-Hardware__XGBoost,613,-5.071239242684771
B3-Physics__XGBoost,B4-Hardware__XGBoost,614,-15.322983481995223
B3-Physics__XGBoost,B4-Hardware__XGBoost,615,-19.026110878419228
B3-Physics__XGBoost,B4-Hardware__XGBoost,616,-36.99294554888412
B3-Physics__XGBoost,B4-Hardware__XGBoost,617,-43.18331356525154
B3-Physics__XGBoost,B4-Hardware__XGBoost,618,-25.374255492480252
B3-Physics__XGBoost,B4-Hardware__XGBoost,619,2.671296922448132
B3-Physics__XGBoost,B4-Hardware__XGBoost,620,-31.875787252093623
B3-Physics__XGBoost,B4-Hardware__XGBoost,621,-25.46567918824539
B3-Physics__XGBoost,B4-Hardware__XGBoost,622,-46.85898122495424
B3-Physics__XGBoost,B4-Hardware__XGBoost,623,-1.2803839130151766
B3-Physics__XGBoost,B4-Hardware__XGBoost,624,-36.07502182920065
B3-Physics__XGBoost,B4-Hardware__XGBoost,625,-23.20615630388675
B3-Physics__XGBoost,B4-Hardware__XGBoost,626,5.684061777202983
B3-Physics__XGBoost,B4-Hardware__XGBoost,627,-1.8384557798721073
B3-Physics__XGBoost,B4-Hardware__XGBoost,628,-28.05479121000505
B3-Physics__XGBoost,B4-Hardware__XGBoost,629,-43.890481042767455
B3-Physics__XGBoost,B4-Hardware__XGBoost,630,-33.597765768291254
B3-Physics__XGBoost,B4-Hardware__XGBoost,631,-48.603391553626224
B3-Physics__XGBoost,B4-Hardware__XGBoost,632,-38.965404887805185
B3-Physics__XGBoost,B4-Hardware__XGBoost,633,-9.78896670201265
B3-Physics__XGBoost,B4-Hardware__XGBoost,634,-53.44760613527127
B3-Physics__XGBoost,B4-Hardware__XGBoost,635,-11.61938093557231
B3-Physics__XGBoost,B4-Hardware__XGBoost,636,-50.96540275905617
B3-Physics__XGBoost,B4-Hardware__XGBoost,637,-43.705829145051474
B3-Physics__XGBoost,B4-Hardware__XGBoost,638,-18.60761020954815
B3-Physics__XGBoost,B4-Hardware__XGBoost,639,-10.353124510162344
B3-Physics__XGBoost,B4-Hardware__XGBoost,640,-39.77146633184439
B3-Physics__XGBoost,B4-Hardware__XGBoost,641,-49.47199145672929
B3-Physics__XGBoost,B4-Hardware__XGBoost,642,-27.36775886787069
B3-Physics__XGBoost,B4-Hardware__XGBoost,643,-21.091601913770482
B3-Physics__XGBoost,B4-Hardware__XGBoost,644,-35.03569676888075
B3-Physics__XGBoost,B4-Hardware__XGBoost,645,-22.934608142144516
B3-Physics__XGBoost,B4-Hardware__XGBoost,646,-7.846189889474739
B3-Physics__XGBoost,B4-Hardware__XGBoost,647,-57.3471603411722
B3-Physics__XGBoost,B4-Hardware__XGBoost,648,-9.569958226736068
B3-Physics__XGBoost,B4-Hardware__XGBoost,649,-25.702420948535234
B3-Physics__XGBoost,B4-Hardware__XGBoost,650,-44.85392826115175
B3-Physics__XGBoost,B4-Hardware__XGBoost,651,-30.6714002683213
B3-Physics__XGBoost,B4-Hardware__XGBoost,652,-18.653556789416577
B3-Physics__XGBoost,B4-Hardware__XGBoost,653,-57.73968331217787
B3-Physics__XGBoost,B4-Hardware__XGBoost,654,-18.488520596562143
B3-Physics__XGBoost,B4-Hardware__XGBoost,655,-23.626010317367058
B3-Physics__XGBoost,B4-Hardware__XGBoost,656,-15.18239930607582
B3-Physics__XGBoost,B4-Hardware__XGBoost,657,-39.71188140124424
B3-Physics__XGBoost,B4-Hardware__XGBoost,658,-0.5190651605256775
B3-Physics__XGBoost,B4-Hardware__XGBoost,659,-23.822716117738274
B3-Physics__XGBoost,B4-Hardware__XGBoost,660,-43.95795759559676
B3-Physics__XGBoost,B4-Hardware__XGBoost,661,-46.715730697462455
B3-Physics__XGBoost,B4-Hardware__XGBoost,662,-33.107115065127076
B3-Physics__XGBoost,B4-Hardware__XGBoost,663,-25.33967251504161
B3-Physics__XGBoost,B4-Hardware__XGBoost,664,-46.96548897172446
B3-Physics__XGBoost,B4-Hardware__XGBoost,665,-28.647644190570983
B3-Physics__XGBoost,B4-Hardware__XGBoost,666,-38.571888426783026
B3-Physics__XGBoost,B4-Hardware__XGBoost,667,-38.030005829623846
B3-Physics__XGBoost,B4-Hardware__XGBoost,668,-24.393135612835117
B3-Physics__XGBoost,B4-Hardware__XGBoost,669,-25.387953757490312
B3-Physics__XGBoost,B4-Hardware__XGBoost,670,-6.589181598638149
B3-Physics__XGBoost,B4-Hardware__XGBoost,671,-48.200164094401806
B3-Physics__XGBoost,B4-Hardware__XGBoost,672,-37.667955128885
B3-Physics__XGBoost,B4-Hardware__XGBoost,673,-28.06183624577175
B3-Physics__XGBoost,B4-Hardware__XGBoost,674,-47.58971766650455
B3-Physics__XGBoost,B4-Hardware__XGBoost,675,14.079060708041185
B3-Physics__XGBoost,B4-Hardware__XGBoost,676,-22.86299489586442
B3-Physics__XGBoost,B4-Hardware__XGBoost,677,-21.817370025901283
B3-Physics__XGBoost,B4-Hardware__XGBoost,678,-42.35484162031774
B3-Physics__XGBoost,B4-Hardware__XGBoost,679,-33.21856426970254
B3-Physics__XGBoost,B4-Hardware__XGBoost,680,-5.935059629823792
B3-Physics__XGBoost,B4-Hardware__XGBoost,681,-11.501130040994147
B3-Physics__XGBoost,B4-Hardware__XGBoost,682,-22.64552910588785
B3-Physics__XGBoost,B4-Hardware__XGBoost,683,-33.410766119495186
B3-Physics__XGBoost,B4-Hardware__XGBoost,684,-25.786686532177786
B3-Physics__XGBoost,B4-Hardware__XGBoost,685,-28.578956426334248
B3-Physics__XGBoost,B4-Hardware__XGBoost,686,8.025336413999781
B3-Physics__XGBoost,B4-Hardware__XGBoost,687,-42.96048472236827
B3-Physics__XGBoost,B4-Hardware__XGBoost,688,-37.86267254697153
B3-Physics__XGBoost,B4-Hardware__XGBoost,689,-39.082815213293074
B3-Physics__XGBoost,B4-Hardware__XGBoost,690,-15.667350337508383
B3-Physics__XGBoost,B4-Hardware__XGBoost,691,-37.72996906805445
B3-Physics__XGBoost,B4-Hardware__XGBoost,692,-18.759130472729307
B3-Physics__XGBoost,B4-Hardware__XGBoost,693,-38.937813813007935
B3-Physics__XGBoost,B4-Hardware__XGBoost,694,-46.83334905086565
B3-Physics__XGBoost,B4-Hardware__XGBoost,695,16.1221624035207
B3-Physics__XGBoost,B4-Hardware__XGBoost,696,-37.42654776970899
B3-Physics__XGBoost,B4-Hardware__XGBoost,697,-27.743099893986056
B3-Physics__XGBoost,B4-Hardware__XGBoost,698,-31.727555996164227
B3-Physics__XGBoost,B4-Hardware__XGBoost,699,-37.57168808306726
B3-Physics__XGBoost,B4-Hardware__XGBoost,700,-17.039606186421505
B3-Physics__XGBoost,B4-Hardware__XGBoost,701,-17.502751089984073
B3-Physics__XGBoost,B4-Hardware__XGBoost,702,-0.40758664294302704
B3-Physics__XGBoost,B4-Hardware__XGBoost,703,-34.14354965540677
B3-Physics__XGBoost,B4-Hardware__XGBoost,704,-0.16290450554645222
B3-Physics__XGBoost,B4-Hardware__XGBoost,705,-32.40550625525475
B3-Physics__XGBoost,B4-Hardware__XGBoost,706,-30.61943683247694
B3-Physics__XGBoost,B4-Hardware__XGBoost,707,-20.443739451171712
B3-Physics__XGBoost,B4-Hardware__XGBoost,708,-51.03510393557815
B3-Physics__XGBoost,B4-Hardware__XGBoost,709,-11.829191297909066
B3-Physics__XGBoost,B4-Hardware__XGBoost,710,-25.66558111833546
B3-Physics__XGBoost,B4-Hardware__XGBoost,711,-21.75221876442986
B3-Physics__XGBoost,B4-Hardware__XGBoost,712,-35.261390949119395
B3-Physics__XGBoost,B4-Hardware__XGBoost,713,-16.51856759462013
B3-Physics__XGBoost,B4-Hardware__XGBoost,714,-32.88299978304489
B3-Physics__XGBoost,B4-Hardware__XGBoost,715,-37.17308017779271
B3-Physics__XGBoost,B4-Hardware__XGBoost,716,-21.384812808746172
B3-Physics__XGBoost,B4-Hardware__XGBoost,717,-20.3036184539223
B3-Physics__XGBoost,B4-Hardware__XGBoost,718,-44.55886325389203
B3-Physics__XGBoost,B4-Hardware__XGBoost,719,-48.18170642481406
B3-Physics__XGBoost,B4-Hardware__XGBoost,720,-51.934109236270665
B3-Physics__XGBoost,B4-Hardware__XGBoost,721,-19.81696420305645
B3-Physics__XGBoost,B4-Hardware__XGBoost,722,-24.500699842309707
B3-Physics__XGBoost,B4-Hardware__XGBoost,723,-17.002532953058225
B3-Physics__XGBoost,B4-Hardware__XGBoost,724,-3.842928408482227
B3-Physics__XGBoost,B4-Hardware__XGBoost,725,-7.689918868688439
B3-Physics__XGBoost,B4-Hardware__XGBoost,726,-43.716348087186084
B3-Physics__XGBoost,B4-Hardware__XGBoost,727,-42.8980860901251
B3-Physics__XGBoost,B4-Hardware__XGBoost,728,-6.30113749571225
B3-Physics__XGBoost,B4-Hardware__XGBoost,729,-33.01059547736251
B3-Physics__XGBoost,B4-Hardware__XGBoost,730,-25.469737046671465
B3-Physics__XGBoost,B4-Hardware__XGBoost,731,-31.011125181111257
B3-Physics__XGBoost,B4-Hardware__XGBoost,732,-42.96084476974223
B3-Physics__XGBoost,B4-Hardware__XGBoost,733,6.1724046895090625
B3-Physics__XGBoost,B4-Hardware__XGBoost,734,-30.49059378533443
B3-Physics__XGBoost,B4-Hardware__XGBoost,735,-11.378404424808862
B3-Physics__XGBoost,B4-Hardware__XGBoost,736,-54.04843789447677
B3-Physics__XGBoost,B4-Hardware__XGBoost,737,-33.917446437047
B3-Physics__XGBoost,B4-Hardware__XGBoost,738,-18.249858249756887
B3-Physics__XGBoost,B4-Hardware__XGBoost,739,-17.557379288864187
B3-Physics__XGBoost,B4-Hardware__XGBoost,740,-37.385346877280064
B3-Physics__XGBoost,B4-Hardware__XGBoost,741,-58.416830497546194
B3-Physics__XGBoost,B4-Hardware__XGBoost,742,-18.904986366212377
B3-Physics__XGBoost,B4-Hardware__XGBoost,743,-31.190181801387553
B3-Physics__XGBoost,B4-Hardware__XGBoost,744,-28.556522091149297
B3-Physics__XGBoost,B4-Hardware__XGBoost,745,-26.896018444220545
B3-Physics__XGBoost,B4-Hardware__XGBoost,746,-30.795843081089124
B3-Physics__XGBoost,B4-Hardware__XGBoost,747,-49.72545022589196
B3-Physics__XGBoost,B4-Hardware__XGBoost,748,-41.34127972099966
B3-Physics__XGBoost,B4-Hardware__XGBoost,749,23.756378590521763
B3-Physics__XGBoost,B4-Hardware__XGBoost,750,-41.52072967919381
B3-Physics__XGBoost,B4-Hardware__XGBoost,751,-42.17440829116184
B3-Physics__XGBoost,B4-Hardware__XGBoost,752,-18.442071577524576
B3-Physics__XGBoost,B4-Hardware__XGBoost,753,-21.191115300146183
B3-Physics__XGBoost,B4-Hardware__XGBoost,754,-24.95106668638895
B3-Physics__XGBoost,B4-Hardware__XGBoost,755,-39.63193573188952
B3-Physics__XGBoost,B4-Hardware__XGBoost,756,-37.73771219054694
B3-Physics__XGBoost,B4-Hardware__XGBoost,757,-25.592757841587122
B3-Physics__XGBoost,B4-Hardware__XGBoost,758,-28.749496317996144
B3-Physics__XGBoost,B4-Hardware__XGBoost,759,-24.156656307878432
B3-Physics__XGBoost,B4-Hardware__XGBoost,760,-20.347370989471276
B3-Physics__XGBoost,B4-Hardware__XGBoost,761,-0.7806556727884372
B3-Physics__XGBoost,B4-Hardware__XGBoost,762,-10.479252639324917
B3-Physics__XGBoost,B4-Hardware__XGBoost,763,-29.459548973043564
B3-Physics__XGBoost,B4-Hardware__XGBoost,764,-28.14709570994463
B3-Physics__XGBoost,B4-Hardware__XGBoost,765,-6.364963160590075
B3-Physics__XGBoost,B4-Hardware__XGBoost,766,-30.622570401081017
B3-Physics__XGBoost,B4-Hardware__XGBoost,767,-5.699392534809732
B3-Physics__XGBoost,B4-Hardware__XGBoost,768,-35.32255347250708
B3-Physics__XGBoost,B4-Hardware__XGBoost,769,-33.70654667033286
B3-Physics__XGBoost,B4-Hardware__XGBoost,770,-21.4633665966987
B3-Physics__XGBoost,B4-Hardware__XGBoost,771,7.689153844801998
B3-Physics__XGBoost,B4-Hardware__XGBoost,772,-27.851786477287085
B3-Physics__XGBoost,B4-Hardware__XGBoost,773,-19.378562313729752
B3-Physics__XGBoost,B4-Hardware__XGBoost,774,-18.509223045108975
B3-Physics__XGBoost,B4-Hardware__XGBoost,775,-8.951739414919208
B3-Physics__XGBoost,B4-Hardware__XGBoost,776,-4.716738637334209
B3-Physics__XGBoost,B4-Hardware__XGBoost,777,-26.56039031677684
B3-Physics__XGBoost,B4-Hardware__XGBoost,778,-7.694301780926253
B3-Physics__XGBoost,B4-Hardware__XGBoost,779,-23.39855617840046
B3-Physics__XGBoost,B4-Hardware__XGBoost,780,-27.167012093212882
B3-Physics__XGBoost,B4-Hardware__XGBoost,781,-14.273454709611874
B3-Physics__XGBoost,B4-Hardware__XGBoost,782,-58.85336721506422
B3-Physics__XGBoost,B4-Hardware__XGBoost,783,1.3659324106880928
B3-Physics__XGBoost,B4-Hardware__XGBoost,784,-28.467654375063344
B3-Physics__XGBoost,B4-Hardware__XGBoost,785,15.67591063752454
B3-Physics__XGBoost,B4-Hardware__XGBoost,786,-42.376936912800865
B3-Physics__XGBoost,B4-Hardware__XGBoost,787,-29.00719369397506
B3-Physics__XGBoost,B4-Hardware__XGBoost,788,-41.82504229706974
B3-Physics__XGBoost,B4-Hardware__XGBoost,789,-39.55741927937716
B3-Physics__XGBoost,B4-Hardware__XGBoost,790,-40.112595936779314
B3-Physics__XGBoost,B4-Hardware__XGBoost,791,-8.276453992559388
B3-Physics__XGBoost,B4-Hardware__XGBoost,792,-37.819303594739424
B3-Physics__XGBoost,B4-Hardware__XGBoost,793,-48.84751102800031
B3-Physics__XGBoost,B4-Hardware__XGBoost,794,-21.937050318841845
B3-Physics__XGBoost,B4-Hardware__XGBoost,795,-21.882480229261635
B3-Physics__XGBoost,B4-Hardware__XGBoost,796,-27.3750101985601
B3-Physics__XGBoost,B4-Hardware__XGBoost,797,-13.759315761178348
B3-Physics__XGBoost,B4-Hardware__XGBoost,798,-48.700832528794635
B3-Physics__XGBoost,B4-Hardware__XGBoost,799,-59.34833389020599
B3-Physics__XGBoost,B4-Hardware__XGBoost,800,-41.45352357943647
B3-Physics__XGBoost,B4-Hardware__XGBoost,801,-11.962675512288962
B3-Physics__XGBoost,B4-Hardware__XGBoost,802,-28.18454537132511
B3-Physics__XGBoost,B4-Hardware__XGBoost,803,4.574328483196397
B3-Physics__XGBoost,B4-Hardware__XGBoost,804,-19.028024965250975
B3-Physics__XGBoost,B4-Hardware__XGBoost,805,-39.18909117221947
B3-Physics__XGBoost,B4-Hardware__XGBoost,806,-31.435475877430413
B3-Physics__XGBoost,B4-Hardware__XGBoost,807,-37.56218980073684
B3-Physics__XGBoost,B4-Hardware__XGBoost,808,-35.77069318313746
B3-Physics__XGBoost,B4-Hardware__XGBoost,809,-6.132798774598639
B3-Physics__XGBoost,B4-Hardware__XGBoost,810,8.495195832691516
B3-Physics__XGBoost,B4-Hardware__XGBoost,811,-13.732769924385762
B3-Physics__XGBoost,B4-Hardware__XGBoost,812,-12.430489536169327
B3-Physics__XGBoost,B4-Hardware__XGBoost,813,-21.83963280418008
B3-Physics__XGBoost,B4-Hardware__XGBoost,814,-9.199672882652154
B3-Physics__XGBoost,B4-Hardware__XGBoost,815,-17.451987209967168
B3-Physics__XGBoost,B4-Hardware__XGBoost,816,-38.802367685599286
B3-Physics__XGBoost,B4-Hardware__XGBoost,817,-33.637124057928254
B3-Physics__XGBoost,B4-Hardware__XGBoost,818,-16.623503963552402
B3-Physics__XGBoost,B4-Hardware__XGBoost,819,-9.93823453918556
B3-Physics__XGBoost,B4-Hardware__XGBoost,820,-16.877410085046797
B3-Physics__XGBoost,B4-Hardware__XGBoost,821,-6.177534666131785
B3-Physics__XGBoost,B4-Hardware__XGBoost,822,-15.918412743383739
B3-Physics__XGBoost,B4-Hardware__XGBoost,823,-28.039267113410826
B3-Physics__XGBoost,B4-Hardware__XGBoost,824,-18.224015709133447
B3-Physics__XGBoost,B4-Hardware__XGBoost,825,-14.980174644540414
B3-Physics__XGBoost,B4-Hardware__XGBoost,826,-25.79345291501187
B3-Physics__XGBoost,B4-Hardware__XGBoost,827,-16.58216026090086
B3-Physics__XGBoost,B4-Hardware__XGBoost,828,-44.41163654735761
B3-Physics__XGBoost,B4-Hardware__XGBoost,829,-12.090063817919356
B3-Physics__XGBoost,B4-Hardware__XGBoost,830,-41.88082776965512
B3-Physics__XGBoost,B4-Hardware__XGBoost,831,-12.006556082200477
B3-Physics__XGBoost,B4-Hardware__XGBoost,832,-20.34743338375024
B3-Physics__XGBoost,B4-Hardware__XGBoost,833,-53.1589859018249
B3-Physics__XGBoost,B4-Hardware__XGBoost,834,-31.428698814296038
B3-Physics__XGBoost,B4-Hardware__XGBoost,835,-18.84097481730382
B3-Physics__XGBoost,B4-Hardware__XGBoost,836,-17.085519179781773
B3-Physics__XGBoost,B4-Hardware__XGBoost,837,-35.103604170122615
B3-Physics__XGBoost,B4-Hardware__XGBoost,838,-26.30054080886549
B3-Physics__XGBoost,B4-Hardware__XGBoost,839,-50.61876738909636
B3-Physics__XGBoost,B4-Hardware__XGBoost,840,-16.583019085585683
B3-Physics__XGBoost,B4-Hardware__XGBoost,841,-40.26011363851131
B3-Physics__XGBoost,B4-Hardware__XGBoost,842,-22.046705079624076
B3-Physics__XGBoost,B4-Hardware__XGBoost,843,-37.54936870162737
B3-Physics__XGBoost,B4-Hardware__XGBoost,844,8.124627999473388
B3-Physics__XGBoost,B4-Hardware__XGBoost,845,17.665219562277365
B3-Physics__XGBoost,B4-Hardware__XGBoost,846,-29.775195202285147
B3-Physics__XGBoost,B4-Hardware__XGBoost,847,-18.59711035215999
B3-Physics__XGBoost,B4-Hardware__XGBoost,848,-25.807443124889154
B3-Physics__XGBoost,B4-Hardware__XGBoost,849,-17.10562225874882
B3-Physics__XGBoost,B4-Hardware__XGBoost,850,-39.355353470734144
B3-Physics__XGBoost,B4-Hardware__XGBoost,851,-27.813316028964376
B3-Physics__XGBoost,B4-Hardware__XGBoost,852,-5.967620932773609
B3-Physics__XGBoost,B4-Hardware__XGBoost,853,-28.2764515251653
B3-Physics__XGBoost,B4-Hardware__XGBoost,854,-24.886626085319232
B3-Physics__XGBoost,B4-Hardware__XGBoost,855,-20.080639704701827
B3-Physics__XGBoost,B4-Hardware__XGBoost,856,-33.23845464486474
B3-Physics__XGBoost,B4-Hardware__XGBoost,857,-21.40004539723331
B3-Physics__XGBoost,B4-Hardware__XGBoost,858,-19.718992275689796
B3-Physics__XGBoost,B4-Hardware__XGBoost,859,-26.885185808897486
B3-Physics__XGBoost,B4-Hardware__XGBoost,860,-40.086073056657156
B3-Physics__XGBoost,B4-Hardware__XGBoost,861,-12.330888935038084
B3-Physics__XGBoost,B4-Hardware__XGBoost,862,-26.769118614037403
B3-Physics__XGBoost,B4-Hardware__XGBoost,863,-10.829082385388745
B3-Physics__XGBoost,B4-Hardware__XGBoost,864,-62.84304066969378
B3-Physics__XGBoost,B4-Hardware__XGBoost,865,0.14987223104824615
B3-Physics__XGBoost,B4-Hardware__XGBoost,866,-10.735825732259372
B3-Physics__XGBoost,B4-Hardware__XGBoost,867,-17.007264390745895
B3-Physics__XGBoost,B4-Hardware__XGBoost,868,-28.52262629598761
B3-Physics__XGBoost,B4-Hardware__XGBoost,869,-12.78599220009627
B3-Physics__XGBoost,B4-Hardware__XGBoost,870,-31.126483266136116
B3-Physics__XGBoost,B4-Hardware__XGBoost,871,-35.35234354304149
B3-Physics__XGBoost,B4-Hardware__XGBoost,872,-41.07548893868021
B3-Physics__XGBoost,B4-Hardware__XGBoost,873,-22.679648142009675
B3-Physics__XGBoost,B4-Hardware__XGBoost,874,-4.410017519189931
B3-Physics__XGBoost,B4-Hardware__XGBoost,875,-25.239614898745124
B3-Physics__XGBoost,B4-Hardware__XGBoost,876,-4.374163516372123
B3-Physics__XGBoost,B4-Hardware__XGBoost,877,-31.82682849918302
B3-Physics__XGBoost,B4-Hardware__XGBoost,878,-46.494501502455854
B3-Physics__XGBoost,B4-Hardware__XGBoost,879,-27.24962833318022
B3-Physics__XGBoost,B4-Hardware__XGBoost,880,-23.680071921360877
B3-Physics__XGBoost,B4-Hardware__XGBoost,881,-24.153178812531987
B3-Physics__XGBoost,B4-Hardware__XGBoost,882,-22.941077205016967
B3-Physics__XGBoost,B4-Hardware__XGBoost,883,-40.87030930718869
B3-Physics__XGBoost,B4-Hardware__XGBoost,884,-27.772060407366194
B3-Physics__XGBoost,B4-Hardware__XGBoost,885,2.4617313006435557
B3-Physics__XGBoost,B4-Hardware__XGBoost,886,-26.81395954842544
B3-Physics__XGBoost,B4-Hardware__XGBoost,887,-32.479505164110336
B3-Physics__XGBoost,B4-Hardware__XGBoost,888,-20.68543618172842
B3-Physics__XGBoost,B4-Hardware__XGBoost,889,-18.66697259605687
B3-Physics__XGBoost,B4-Hardware__XGBoost,890,-44.12884191744672
B3-Physics__XGBoost,B4-Hardware__XGBoost,891,2.2332052664683175
B3-Physics__XGBoost,B4-Hardware__XGBoost,892,-32.97867467661185
B3-Physics__XGBoost,B4-Hardware__XGBoost,893,7.998493077230317
B3-Physics__XGBoost,B4-Hardware__XGBoost,894,-18.445111856521862
B3-Physics__XGBoost,B4-Hardware__XGBoost,895,-1.4383072363320752
B3-Physics__XGBoost,B4-Hardware__XGBoost,896,-48.174283403830586
B3-Physics__XGBoost,B4-Hardware__XGBoost,897,-26.833449943833195
B3-Physics__XGBoost,B4-Hardware__XGBoost,898,-42.788312378491874
B3-Physics__XGBoost,B4-Hardware__XGBoost,899,-34.15898642012576
B3-Physics__XGBoost,B4-Hardware__XGBoost,900,-11.109217498946764
B3-Physics__XGBoost,B4-Hardware__XGBoost,901,-7.788572326954006
B3-Physics__XGBoost,B4-Hardware__XGBoost,902,-32.283703233525394
B3-Physics__XGBoost,B4-Hardware__XGBoost,903,-36.69040485023716
B3-Physics__XGBoost,B4-Hardware__XGBoost,904,-25.650480986915227
B3-Physics__XGBoost,B4-Hardware__XGBoost,905,-29.092724775767927
B3-Physics__XGBoost,B4-Hardware__XGBoost,906,-49.41095359383847
B3-Physics__XGBoost,B4-Hardware__XGBoost,907,-28.91931796710775
B3-Physics__XGBoost,B4-Hardware__XGBoost,908,-26.842679590253933
B3-Physics__XGBoost,B4-Hardware__XGBoost,909,-24.810315441592458
B3-Physics__XGBoost,B4-Hardware__XGBoost,910,-32.07982521320794
B3-Physics__XGBoost,B4-Hardware__XGBoost,911,-35.90493658347087
B3-Physics__XGBoost,B4-Hardware__XGBoost,912,-24.97098637982043
B3-Physics__XGBoost,B4-Hardware__XGBoost,913,-36.609433588396215
B3-Physics__XGBoost,B4-Hardware__XGBoost,914,-27.838740591508177
B3-Physics__XGBoost,B4-Hardware__XGBoost,915,-30.019423998461466
B3-Physics__XGBoost,B4-Hardware__XGBoost,916,-19.86158533929273
B3-Physics__XGBoost,B4-Hardware__XGBoost,917,-42.17763630749153
B3-Physics__XGBoost,B4-Hardware__XGBoost,918,-23.80830454196063
B3-Physics__XGBoost,B4-Hardware__XGBoost,919,-21.696190720867186
B3-Physics__XGBoost,B4-Hardware__XGBoost,920,3.813451934746029
B3-Physics__XGBoost,B4-Hardware__XGBoost,921,-33.041148293800525
B3-Physics__XGBoost,B4-Hardware__XGBoost,922,-21.719161008706294
B3-Physics__XGBoost,B4-Hardware__XGBoost,923,-15.01869184030292
B3-Physics__XGBoost,B4-Hardware__XGBoost,924,3.0338007775954785
B3-Physics__XGBoost,B4-Hardware__XGBoost,925,-44.5462013006458
B3-Physics__XGBoost,B4-Hardware__XGBoost,926,-1.317411798783746
B3-Physics__XGBoost,B4-Hardware__XGBoost,927,-23.341404207855444
B3-Physics__XGBoost,B4-Hardware__XGBoost,928,-44.41732440658182
B3-Physics__XGBoost,B4-Hardware__XGBoost,929,-48.82982916809409
B3-Physics__XGBoost,B4-Hardware__XGBoost,930,-13.446304847566273
B3-Physics__XGBoost,B4-Hardware__XGBoost,931,5.070517040296672
B3-Physics__XGBoost,B4-Hardware__XGBoost,932,-12.121244095579758
B3-Physics__XGBoost,B4-Hardware__XGBoost,933,-24.184270723363007
B3-Physics__XGBoost,B4-Hardware__XGBoost,934,-3.5489241935425966
B3-Physics__XGBoost,B4-Hardware__XGBoost,935,-33.50565059729548
B3-Physics__XGBoost,B4-Hardware__XGBoost,936,-32.36485430397104
B3-Physics__XGBoost,B4-Hardware__XGBoost,937,-39.214481297730906
B3-Physics__XGBoost,B4-Hardware__XGBoost,938,-1.4823878495871168
B3-Physics__XGBoost,B4-Hardware__XGBoost,939,-20.244182637856834
B3-Physics__XGBoost,B4-Hardware__XGBoost,940,-29.39449687898311
B3-Physics__XGBoost,B4-Hardware__XGBoost,941,-11.19894453415772
B3-Physics__XGBoost,B4-Hardware__XGBoost,942,-37.62281659938786
B3-Physics__XGBoost,B4-Hardware__XGBoost,943,-2.652428657253249
B3-Physics__XGBoost,B4-Hardware__XGBoost,944,-27.050175162627834
B3-Physics__XGBoost,B4-Hardware__XGBoost,945,-12.716954372031458
B3-Physics__XGBoost,B4-Hardware__XGBoost,946,-39.988225743987314
B3-Physics__XGBoost,B4-Hardware__XGBoost,947,-29.910212580706865
B3-Physics__XGBoost,B4-Hardware__XGBoost,948,-44.42235444909664
B3-Physics__XGBoost,B4-Hardware__XGBoost,949,-29.504696528580666
B3-Physics__XGBoost,B4-Hardware__XGBoost,950,-34.37706404297435
B3-Physics__XGBoost,B4-Hardware__XGBoost,951,-12.541721762426047
B3-Physics__XGBoost,B4-Hardware__XGBoost,952,-24.245543440440194
B3-Physics__XGBoost,B4-Hardware__XGBoost,953,-28.961795416518832
B3-Physics__XGBoost,B4-Hardware__XGBoost,954,-31.676619429754265
B3-Physics__XGBoost,B4-Hardware__XGBoost,955,-14.5954113631925
B3-Physics__XGBoost,B4-Hardware__XGBoost,956,-11.523889911379566
B3-Physics__XGBoost,B4-Hardware__XGBoost,957,-55.47101718082085
B3-Physics__XGBoost,B4-Hardware__XGBoost,958,-43.11639397611795
B3-Physics__XGBoost,B4-Hardware__XGBoost,959,-12.28162954847747
B3-Physics__XGBoost,B4-Hardware__XGBoost,960,-19.703732068209575
B3-Physics__XGBoost,B4-Hardware__XGBoost,961,-28.551206917862608
B3-Physics__XGBoost,B4-Hardware__XGBoost,962,-64.25016515192787
B3-Physics__XGBoost,B4-Hardware__XGBoost,963,-26.19483897192564
B3-Physics__XGBoost,B4-Hardware__XGBoost,964,-34.695104299519684
B3-Physics__XGBoost,B4-Hardware__XGBoost,965,-23.53371987477779
B3-Physics__XGBoost,B4-Hardware__XGBoost,966,-14.757299814173129
B3-Physics__XGBoost,B4-Hardware__XGBoost,967,9.671700344992212
B3-Physics__XGBoost,B4-Hardware__XGBoost,968,-41.97750740426552
B3-Physics__XGBoost,B4-Hardware__XGBoost,969,-14.144976509121344
B3-Physics__XGBoost,B4-Hardware__XGBoost,970,3.7448814572326947
B3-Physics__XGBoost,B4-Hardware__XGBoost,971,-19.304075310440915
B3-Physics__XGBoost,B4-Hardware__XGBoost,972,-50.695640093784355
B3-Physics__XGBoost,B4-Hardware__XGBoost,973,-25.56762945472292
B3-Physics__XGBoost,B4-Hardware__XGBoost,974,-38.58805226533192
B3-Physics__XGBoost,B4-Hardware__XGBoost,975,-20.91755482020099
B3-Physics__XGBoost,B4-Hardware__XGBoost,976,-24.783478507688397
B3-Physics__XGBoost,B4-Hardware__XGBoost,977,-33.39887805446929
B3-Physics__XGBoost,B4-Hardware__XGBoost,978,-42.98532518484838
B3-Physics__XGBoost,B4-Hardware__XGBoost,979,-22.8196786802163
B3-Physics__XGBoost,B4-Hardware__XGBoost,980,-58.7700697052761
B3-Physics__XGBoost,B4-Hardware__XGBoost,981,-54.450785344331464
B3-Physics__XGBoost,B4-Hardware__XGBoost,982,-7.29376889957543
B3-Physics__XGBoost,B4-Hardware__XGBoost,983,-0.027065620862655595
B3-Physics__XGBoost,B4-Hardware__XGBoost,984,-33.469373161478394
B3-Physics__XGBoost,B4-Hardware__XGBoost,985,-13.236064173507357
B3-Physics__XGBoost,B4-Hardware__XGBoost,986,-41.804055066839105
B3-Physics__XGBoost,B4-Hardware__XGBoost,987,-6.9377470517348785
B3-Physics__XGBoost,B4-Hardware__XGBoost,988,-42.26294880901877
B3-Physics__XGBoost,B4-Hardware__XGBoost,989,-20.231634666319987
B3-Physics__XGBoost,B4-Hardware__XGBoost,990,-41.179087210415005
B3-Physics__XGBoost,B4-Hardware__XGBoost,991,-10.653601965095632
B3-Physics__XGBoost,B4-Hardware__XGBoost,992,-37.10724567968817
B3-Physics__XGBoost,B4-Hardware__XGBoost,993,-30.135408214885594
B3-Physics__XGBoost,B4-Hardware__XGBoost,994,-49.07012495366897
B3-Physics__XGBoost,B4-Hardware__XGBoost,995,-12.342434020653126
B3-Physics__XGBoost,B4-Hardware__XGBoost,996,-36.30534958592144
B3-Physics__XGBoost,B4-Hardware__XGBoost,997,-36.61701975462017
B3-Physics__XGBoost,B4-Hardware__XGBoost,998,-36.98592016076426
B3-Physics__XGBoost,B4-Hardware__XGBoost,999,-21.537544676015184
B4-Hardware__XGBoost,B5-HardwarePhysics__XGBoost,0,49.940919278774494
B4-Hardware__XGBoost,B5-HardwarePhysics__XGBoost,1,34.53040919731286
B4-Hardware__XGBoost,B5-HardwarePhysics__XGBoost,2,43.91692860202446
B4-Hardware__XGBoost,B5-HardwarePhysics__XGBoost,3,31.858364558257566
B4-Hardware__XGBoost,B5-HardwarePhysics__XGBoost,4,41.936683010863476
B4-Hardware__XGBoost,B5-HardwarePhysics__XGBoost,5,43.46844013821368
B4-Hardware__XGBoost,B5-HardwarePhysics__XGBoost,6,80.97253758236762
B4-Hardware__XGBoost,B5-HardwarePhysics__XGBoost,7,32.64656864528993
B4-Hardware__XGBoost,B5-HardwarePhysics__XGBoost,8,60.28444872995575
B4-Hardware__XGBoost,B5-HardwarePhysics__XGBoost,9,120.05532799003281
B4-Hardware__XGBoost,B5-HardwarePhysics__XGBoost,10,41.14628254555573
B4-Hardware__XGBoost,B5-HardwarePhysics__XGBoost,11,14.522898130983327
B4-Hardware__XGBoost,B5-HardwarePhysics__XGBoost,12,79.55814407938077
B4-Hardware__XGBoost,B5-HardwarePhysics__XGBoost,13,42.198310409734816
B4-Hardware__XGBoost,B5-HardwarePhysics__XGBoost,14,127.8859410911774
B4-Hardware__XGBoost,B5-HardwarePhysics__XGBoost,15,13.760086201556376
B4-Hardware__XGBoost,B5-HardwarePhysics__XGBoost,16,30.959941747848973
B4-Hardware__XGBoost,B5-HardwarePhysics__XGBoost,17,23.20904570593998
B4-Hardware__XGBoost,B5-HardwarePhysics__XGBoost,18,55.60824856735558
B4-Hardware__XGBoost,B5-HardwarePhysics__XGBoost,19,53.138181420495116
B4-Hardware__XGBoost,B5-HardwarePhysics__XGBoost,20,48.488383030864476
B4-Hardware__XGBoost,B5-HardwarePhysics__XGBoost,21,60.89275437346005
B4-Hardware__XGBoost,B5-HardwarePhysics__XGBoost,22,48.7778082987294
B4-Hardware__XGBoost,B5-HardwarePhysics__XGBoost,23,25.11951325707747
B4-Hardware__XGBoost,B5-HardwarePhysics__XGBoost,24,39.3167433999054
B4-Hardware__XGBoost,B5-HardwarePhysics__XGBoost,25,29.233015458842775
B4-Hardware__XGBoost,B5-HardwarePhysics__XGBoost,26,55.730157702698435
B4-Hardware__XGBoost,B5-HardwarePhysics__XGBoost,27,31.876034525214894
B4-Hardware__XGBoost,B5-HardwarePhysics__XGBoost,28,76.05052561264806
B4-Hardware__XGBoost,B5-HardwarePhysics__XGBoost,29,28.84704797546348
B4-Hardware__XGBoost,B5-HardwarePhysics__XGBoost,30,49.1290365387943
B4-Hardware__XGBoost,B5-HardwarePhysics__XGBoost,31,75.86375788358885
B4-Hardware__XGBoost,B5-HardwarePhysics__XGBoost,32,8.286015535285463
B4-Hardware__XGBoost,B5-HardwarePhysics__XGBoost,33,10.318951277810388
B4-Hardware__XGBoost,B5-HardwarePhysics__XGBoost,34,37.05508027536366
B4-Hardware__XGBoost,B5-HardwarePhysics__XGBoost,35,12.218755301376907
B4-Hardware__XGBoost,B5-HardwarePhysics__XGBoost,36,82.88164727979814
B4-Hardware__XGBoost,B5-HardwarePhysics__XGBoost,37,43.2947294844999
B4-Hardware__XGBoost,B5-HardwarePhysics__XGBoost,38,54.1811611252372
B4-Hardware__XGBoost,B5-HardwarePhysics__XGBoost,39,59.301644730965634
B4-Hardware__XGBoost,B5-HardwarePhysics__XGBoost,40,34.62615923160422
B4-Hardware__XGBoost,B5-HardwarePhysics__XGBoost,41,45.047597092129095
B4-Hardware__XGBoost,B5-HardwarePhysics__XGBoost,42,40.88680475627147
B4-Hardware__XGBoost,B5-HardwarePhysics__XGBoost,43,31.537590245497558
B4-Hardware__XGBoost,B5-HardwarePhysics__XGBoost,44,35.138358390076135
B4-Hardware__XGBoost,B5-HardwarePhysics__XGBoost,45,78.10644728773879
B4-Hardware__XGBoost,B5-HardwarePhysics__XGBoost,46,47.17817885362482
B4-Hardware__XGBoost,B5-HardwarePhysics__XGBoost,47,16.170439915888394
B4-Hardware__XGBoost,B5-HardwarePhysics__XGBoost,48,38.16096494630598
B4-Hardware__XGBoost,B5-HardwarePhysics__XGBoost,49,17.866402385240484
B4-Hardware__XGBoost,B5-HardwarePhysics__XGBoost,50,163.3426678737403
B4-Hardware__XGBoost,B5-HardwarePhysics__XGBoost,51,36.57376658814592
B4-Hardware__XGBoost,B5-HardwarePhysics__XGBoost,52,72.30840930841255
B4-Hardware__XGBoost,B5-HardwarePhysics__XGBoost,53,62.69514674725745
B4-Hardware__XGBoost,B5-HardwarePhysics__XGBoost,54,13.716618110483731
B4-Hardware__XGBoost,B5-HardwarePhysics__XGBoost,55,65.42462073014453
B4-Hardware__XGBoost,B5-HardwarePhysics__XGBoost,56,86.27790023708606
B4-Hardware__XGBoost,B5-HardwarePhysics__XGBoost,57,49.51275360577658
B4-Hardware__XGBoost,B5-HardwarePhysics__XGBoost,58,46.740220747837206
B4-Hardware__XGBoost,B5-HardwarePhysics__XGBoost,59,20.874067007164488
B4-Hardware__XGBoost,B5-HardwarePhysics__XGBoost,60,71.12800432265686
B4-Hardware__XGBoost,B5-HardwarePhysics__XGBoost,61,52.68813353802394
B4-Hardware__XGBoost,B5-HardwarePhysics__XGBoost,62,65.20237420072182
B4-Hardware__XGBoost,B5-HardwarePhysics__XGBoost,63,49.97973325427878
B4-Hardware__XGBoost,B5-HardwarePhysics__XGBoost,64,42.842679542611016
B4-Hardware__XGBoost,B5-HardwarePhysics__XGBoost,65,24.805672919673324
B4-Hardware__XGBoost,B5-HardwarePhysics__XGBoost,66,63.501499730970885
B4-Hardware__XGBoost,B5-HardwarePhysics__XGBoost,67,100.28436843814764
B4-Hardware__XGBoost,B5-HardwarePhysics__XGBoost,68,34.49517969602828
B4-Hardware__XGBoost,B5-HardwarePhysics__XGBoost,69,106.35291665179352
B4-Hardware__XGBoost,B5-HardwarePhysics__XGBoost,70,47.56781441476716
B4-Hardware__XGBoost,B5-HardwarePhysics__XGBoost,71,38.62354377475175
B4-Hardware__XGBoost,B5-HardwarePhysics__XGBoost,72,41.46451394793071
B4-Hardware__XGBoost,B5-HardwarePhysics__XGBoost,73,31.632062093109965
B4-Hardware__XGBoost,B5-HardwarePhysics__XGBoost,74,55.76413410505901
B4-Hardware__XGBoost,B5-HardwarePhysics__XGBoost,75,97.40952749128887
B4-Hardware__XGBoost,B5-HardwarePhysics__XGBoost,76,68.46607241557167
B4-Hardware__XGBoost,B5-HardwarePhysics__XGBoost,77,60.90892832895889
B4-Hardware__XGBoost,B5-HardwarePhysics__XGBoost,78,42.9796594606629
B4-Hardware__XGBoost,B5-HardwarePhysics__XGBoost,79,31.91633584915642
B4-Hardware__XGBoost,B5-HardwarePhysics__XGBoost,80,40.47340062355364
B4-Hardware__XGBoost,B5-HardwarePhysics__XGBoost,81,61.67693262335437
B4-Hardware__XGBoost,B5-HardwarePhysics__XGBoost,82,12.467059863235198
B4-Hardware__XGBoost,B5-HardwarePhysics__XGBoost,83,67.66991106470371
B4-Hardware__XGBoost,B5-HardwarePhysics__XGBoost,84,63.011660771662925
B4-Hardware__XGBoost,B5-HardwarePhysics__XGBoost,85,39.29429948379594
B4-Hardware__XGBoost,B5-HardwarePhysics__XGBoost,86,28.099103717943017
B4-Hardware__XGBoost,B5-HardwarePhysics__XGBoost,87,63.097242022043936
B4-Hardware__XGBoost,B5-HardwarePhysics__XGBoost,88,22.8534554440181
B4-Hardware__XGBoost,B5-HardwarePhysics__XGBoost,89,74.79543444350911
B4-Hardware__XGBoost,B5-HardwarePhysics__XGBoost,90,58.844315965586134
B4-Hardware__XGBoost,B5-HardwarePhysics__XGBoost,91,46.85392952511551
B4-Hardware__XGBoost,B5-HardwarePhysics__XGBoost,92,43.45277340986668
B4-Hardware__XGBoost,B5-HardwarePhysics__XGBoost,93,86.22738980958435
B4-Hardware__XGBoost,B5-HardwarePhysics__XGBoost,94,42.10258280715503
B4-Hardware__XGBoost,B5-HardwarePhysics__XGBoost,95,42.891438881890906
B4-Hardware__XGBoost,B5-HardwarePhysics__XGBoost,96,51.40503402235773
B4-Hardware__XGBoost,B5-HardwarePhysics__XGBoost,97,75.05826922612673
B4-Hardware__XGBoost,B5-HardwarePhysics__XGBoost,98,55.790609908710586
B4-Hardware__XGBoost,B5-HardwarePhysics__XGBoost,99,34.54645833464399
B4-Hardware__XGBoost,B5-HardwarePhysics__XGBoost,100,40.24643149000976
B4-Hardware__XGBoost,B5-HardwarePhysics__XGBoost,101,62.45725392980757
B4-Hardware__XGBoost,B5-HardwarePhysics__XGBoost,102,16.977071078457055
B4-Hardware__XGBoost,B5-HardwarePhysics__XGBoost,103,27.245963663953756
B4-Hardware__XGBoost,B5-HardwarePhysics__XGBoost,104,92.63878734056955
B4-Hardware__XGBoost,B5-HardwarePhysics__XGBoost,105,11.543286426136149
B4-Hardware__XGBoost,B5-HardwarePhysics__XGBoost,106,44.78303235828833
B4-Hardware__XGBoost,B5-HardwarePhysics__XGBoost,107,22.056984864391374
B4-Hardware__XGBoost,B5-HardwarePhysics__XGBoost,108,42.68663542393237
B4-Hardware__XGBoost,B5-HardwarePhysics__XGBoost,109,33.13655580999038
B4-Hardware__XGBoost,B5-HardwarePhysics__XGBoost,110,77.31271290698587
B4-Hardware__XGBoost,B5-HardwarePhysics__XGBoost,111,26.830697375477587
B4-Hardware__XGBoost,B5-HardwarePhysics__XGBoost,112,53.7102142278713
B4-Hardware__XGBoost,B5-HardwarePhysics__XGBoost,113,72.96154451576963
B4-Hardware__XGBoost,B5-HardwarePhysics__XGBoost,114,63.60304498865519
B4-Hardware__XGBoost,B5-HardwarePhysics__XGBoost,115,66.98501638878395
B4-Hardware__XGBoost,B5-HardwarePhysics__XGBoost,116,30.602993470436452
B4-Hardware__XGBoost,B5-HardwarePhysics__XGBoost,117,92.84975575340651
B4-Hardware__XGBoost,B5-HardwarePhysics__XGBoost,118,33.161925743295875
B4-Hardware__XGBoost,B5-HardwarePhysics__XGBoost,119,34.15787224244032
B4-Hardware__XGBoost,B5-HardwarePhysics__XGBoost,120,49.44572741490533
B4-Hardware__XGBoost,B5-HardwarePhysics__XGBoost,121,6.281635341843552
B4-Hardware__XGBoost,B5-HardwarePhysics__XGBoost,122,29.620110321965615
B4-Hardware__XGBoost,B5-HardwarePhysics__XGBoost,123,87.18068211211514
B4-Hardware__XGBoost,B5-HardwarePhysics__XGBoost,124,50.37109415655754
B4-Hardware__XGBoost,B5-HardwarePhysics__XGBoost,125,50.94546946413515
B4-Hardware__XGBoost,B5-HardwarePhysics__XGBoost,126,43.66241350298982
B4-Hardware__XGBoost,B5-HardwarePhysics__XGBoost,127,29.503957365515245
B4-Hardware__XGBoost,B5-HardwarePhysics__XGBoost,128,77.37511937513109
B4-Hardware__XGBoost,B5-HardwarePhysics__XGBoost,129,75.09980270824062
B4-Hardware__XGBoost,B5-HardwarePhysics__XGBoost,130,15.427962421537368
B4-Hardware__XGBoost,B5-HardwarePhysics__XGBoost,131,29.671984227273363
B4-Hardware__XGBoost,B5-HardwarePhysics__XGBoost,132,48.24616411120902
B4-Hardware__XGBoost,B5-HardwarePhysics__XGBoost,133,69.30866187857441
B4-Hardware__XGBoost,B5-HardwarePhysics__XGBoost,134,76.80901163638818
B4-Hardware__XGBoost,B5-HardwarePhysics__XGBoost,135,68.44488451513101
B4-Hardware__XGBoost,B5-HardwarePhysics__XGBoost,136,90.68281985664024
B4-Hardware__XGBoost,B5-HardwarePhysics__XGBoost,137,40.690304945637976
B4-Hardware__XGBoost,B5-HardwarePhysics__XGBoost,138,33.735145632322876
B4-Hardware__XGBoost,B5-HardwarePhysics__XGBoost,139,12.84799250471968
B4-Hardware__XGBoost,B5-HardwarePhysics__XGBoost,140,81.78080799690531
B4-Hardware__XGBoost,B5-HardwarePhysics__XGBoost,141,98.50899979818992
B4-Hardware__XGBoost,B5-HardwarePhysics__XGBoost,142,78.70056778460234
B4-Hardware__XGBoost,B5-HardwarePhysics__XGBoost,143,40.52825847755022
B4-Hardware__XGBoost,B5-HardwarePhysics__XGBoost,144,42.48466412817718
B4-Hardware__XGBoost,B5-HardwarePhysics__XGBoost,145,82.28388565720411
B4-Hardware__XGBoost,B5-HardwarePhysics__XGBoost,146,53.639326721034294
B4-Hardware__XGBoost,B5-HardwarePhysics__XGBoost,147,63.95500997979542
B4-Hardware__XGBoost,B5-HardwarePhysics__XGBoost,148,34.123951907975865
B4-Hardware__XGBoost,B5-HardwarePhysics__XGBoost,149,60.64391645524977
B4-Hardware__XGBoost,B5-HardwarePhysics__XGBoost,150,44.7679653792187
B4-Hardware__XGBoost,B5-HardwarePhysics__XGBoost,151,36.275258302547016
B4-Hardware__XGBoost,B5-HardwarePhysics__XGBoost,152,40.322942990535935
B4-Hardware__XGBoost,B5-HardwarePhysics__XGBoost,153,38.67321763158224
B4-Hardware__XGBoost,B5-HardwarePhysics__XGBoost,154,7.244201371850666
B4-Hardware__XGBoost,B5-HardwarePhysics__XGBoost,155,29.2540123246828
B4-Hardware__XGBoost,B5-HardwarePhysics__XGBoost,156,39.91218046825513
B4-Hardware__XGBoost,B5-HardwarePhysics__XGBoost,157,65.57129930004989
B4-Hardware__XGBoost,B5-HardwarePhysics__XGBoost,158,16.810943863790676
B4-Hardware__XGBoost,B5-HardwarePhysics__XGBoost,159,81.47151389378726
B4-Hardware__XGBoost,B5-HardwarePhysics__XGBoost,160,49.57073858730455
B4-Hardware__XGBoost,B5-HardwarePhysics__XGBoost,161,58.494047147823856
B4-Hardware__XGBoost,B5-HardwarePhysics__XGBoost,162,34.70638632630053
B4-Hardware__XGBoost,B5-HardwarePhysics__XGBoost,163,26.543654443989357
B4-Hardware__XGBoost,B5-HardwarePhysics__XGBoost,164,52.1035284169224
B4-Hardware__XGBoost,B5-HardwarePhysics__XGBoost,165,105.46919125604269
B4-Hardware__XGBoost,B5-HardwarePhysics__XGBoost,166,65.53717417109524
B4-Hardware__XGBoost,B5-HardwarePhysics__XGBoost,167,50.932916306838045
B4-Hardware__XGBoost,B5-HardwarePhysics__XGBoost,168,16.29952727127023
B4-Hardware__XGBoost,B5-HardwarePhysics__XGBoost,169,19.942390851459027
B4-Hardware__XGBoost,B5-HardwarePhysics__XGBoost,170,46.33116115462407
B4-Hardware__XGBoost,B5-HardwarePhysics__XGBoost,171,61.43425755896141
B4-Hardware__XGBoost,B5-HardwarePhysics__XGBoost,172,32.95329248492279
B4-Hardware__XGBoost,B5-HardwarePhysics__XGBoost,173,82.97612017468518
B4-Hardware__XGBoost,B5-HardwarePhysics__XGBoost,174,49.62481232659403
B4-Hardware__XGBoost,B5-HardwarePhysics__XGBoost,175,40.040293113366474
B4-Hardware__XGBoost,B5-HardwarePhysics__XGBoost,176,51.22801927571159
B4-Hardware__XGBoost,B5-HardwarePhysics__XGBoost,177,94.93972625008924
B4-Hardware__XGBoost,B5-HardwarePhysics__XGBoost,178,61.36012002617882
B4-Hardware__XGBoost,B5-HardwarePhysics__XGBoost,179,29.77743383520422
B4-Hardware__XGBoost,B5-HardwarePhysics__XGBoost,180,26.368359788089702
B4-Hardware__XGBoost,B5-HardwarePhysics__XGBoost,181,26.09604605568094
B4-Hardware__XGBoost,B5-HardwarePhysics__XGBoost,182,64.14876484496251
B4-Hardware__XGBoost,B5-HardwarePhysics__XGBoost,183,54.522960163867346
B4-Hardware__XGBoost,B5-HardwarePhysics__XGBoost,184,73.29052914491082
B4-Hardware__XGBoost,B5-HardwarePhysics__XGBoost,185,75.94064958632225
B4-Hardware__XGBoost,B5-HardwarePhysics__XGBoost,186,43.80649659914144
B4-Hardware__XGBoost,B5-HardwarePhysics__XGBoost,187,57.987472717312656
B4-Hardware__XGBoost,B5-HardwarePhysics__XGBoost,188,10.749183476796919
B4-Hardware__XGBoost,B5-HardwarePhysics__XGBoost,189,53.722556548548106
B4-Hardware__XGBoost,B5-HardwarePhysics__XGBoost,190,96.45919642037708
B4-Hardware__XGBoost,B5-HardwarePhysics__XGBoost,191,44.67284309023499
B4-Hardware__XGBoost,B5-HardwarePhysics__XGBoost,192,62.45124893578174
B4-Hardware__XGBoost,B5-HardwarePhysics__XGBoost,193,83.92530671876209
B4-Hardware__XGBoost,B5-HardwarePhysics__XGBoost,194,32.21095987321405
B4-Hardware__XGBoost,B5-HardwarePhysics__XGBoost,195,61.695745172991124
B4-Hardware__XGBoost,B5-HardwarePhysics__XGBoost,196,75.00823055312348
B4-Hardware__XGBoost,B5-HardwarePhysics__XGBoost,197,109.1246931010363
B4-Hardware__XGBoost,B5-HardwarePhysics__XGBoost,198,38.247371719096975
B4-Hardware__XGBoost,B5-HardwarePhysics__XGBoost,199,79.22666846933159
B4-Hardware__XGBoost,B5-HardwarePhysics__XGBoost,200,48.857632865319815
B4-Hardware__XGBoost,B5-HardwarePhysics__XGBoost,201,58.526583282900226
B4-Hardware__XGBoost,B5-HardwarePhysics__XGBoost,202,100.32745642588226
B4-Hardware__XGBoost,B5-HardwarePhysics__XGBoost,203,56.78928355440824
B4-Hardware__XGBoost,B5-HardwarePhysics__XGBoost,204,30.690111838974353
B4-Hardware__XGBoost,B5-HardwarePhysics__XGBoost,205,43.09188181578092
B4-Hardware__XGBoost,B5-HardwarePhysics__XGBoost,206,41.66638168211726
B4-Hardware__XGBoost,B5-HardwarePhysics__XGBoost,207,11.232575552189255
B4-Hardware__XGBoost,B5-HardwarePhysics__XGBoost,208,43.47781287730278
B4-Hardware__XGBoost,B5-HardwarePhysics__XGBoost,209,46.50193137017512
B4-Hardware__XGBoost,B5-HardwarePhysics__XGBoost,210,29.832345391399404
B4-Hardware__XGBoost,B5-HardwarePhysics__XGBoost,211,93.64575133840444
B4-Hardware__XGBoost,B5-HardwarePhysics__XGBoost,212,29.091806196189196
B4-Hardware__XGBoost,B5-HardwarePhysics__XGBoost,213,95.55775648053039
B4-Hardware__XGBoost,B5-HardwarePhysics__XGBoost,214,14.093790728587708
B4-Hardware__XGBoost,B5-HardwarePhysics__XGBoost,215,36.92578865700257
B4-Hardware__XGBoost,B5-HardwarePhysics__XGBoost,216,40.10575133553517
B4-Hardware__XGBoost,B5-HardwarePhysics__XGBoost,217,27.88192684685755
B4-Hardware__XGBoost,B5-HardwarePhysics__XGBoost,218,26.55031958384181
B4-Hardware__XGBoost,B5-HardwarePhysics__XGBoost,219,86.9554087769149
B4-Hardware__XGBoost,B5-HardwarePhysics__XGBoost,220,97.76079618521821
B4-Hardware__XGBoost,B5-HardwarePhysics__XGBoost,221,42.48959801228506
B4-Hardware__XGBoost,B5-HardwarePhysics__XGBoost,222,63.0936368011923
B4-Hardware__XGBoost,B5-HardwarePhysics__XGBoost,223,63.588992242585974
B4-Hardware__XGBoost,B5-HardwarePhysics__XGBoost,224,30.632305548075088
B4-Hardware__XGBoost,B5-HardwarePhysics__XGBoost,225,36.4716873116808
B4-Hardware__XGBoost,B5-HardwarePhysics__XGBoost,226,81.96359697796265
B4-Hardware__XGBoost,B5-HardwarePhysics__XGBoost,227,2.7360415752021465
B4-Hardware__XGBoost,B5-HardwarePhysics__XGBoost,228,29.79746163443542
B4-Hardware__XGBoost,B5-HardwarePhysics__XGBoost,229,34.030813005813144
B4-Hardware__XGBoost,B5-HardwarePhysics__XGBoost,230,36.701472814785184
B4-Hardware__XGBoost,B5-HardwarePhysics__XGBoost,231,18.80448485030134
B4-Hardware__XGBoost,B5-HardwarePhysics__XGBoost,232,48.98617640908747
B4-Hardware__XGBoost,B5-HardwarePhysics__XGBoost,233,27.317795581317
B4-Hardware__XGBoost,B5-HardwarePhysics__XGBoost,234,84.22158879846855
B4-Hardware__XGBoost,B5-HardwarePhysics__XGBoost,235,26.463997697367738
B4-Hardware__XGBoost,B5-HardwarePhysics__XGBoost,236,40.593663702452
B4-Hardware__XGBoost,B5-HardwarePhysics__XGBoost,237,73.29163397496201
B4-Hardware__XGBoost,B5-HardwarePhysics__XGBoost,238,39.68332047345802
B4-Hardware__XGBoost,B5-HardwarePhysics__XGBoost,239,70.82066046128023
B4-Hardware__XGBoost,B5-HardwarePhysics__XGBoost,240,39.40469678302761
B4-Hardware__XGBoost,B5-HardwarePhysics__XGBoost,241,3.044679216586703
B4-Hardware__XGBoost,B5-HardwarePhysics__XGBoost,242,30.237921685291788
B4-Hardware__XGBoost,B5-HardwarePhysics__XGBoost,243,18.444968656260503
B4-Hardware__XGBoost,B5-HardwarePhysics__XGBoost,244,27.05899158579602
B4-Hardware__XGBoost,B5-HardwarePhysics__XGBoost,245,44.98996907770288
B4-Hardware__XGBoost,B5-HardwarePhysics__XGBoost,246,56.1079656728415
B4-Hardware__XGBoost,B5-HardwarePhysics__XGBoost,247,-1.1959588254692572
B4-Hardware__XGBoost,B5-HardwarePhysics__XGBoost,248,62.78191022699808
B4-Hardware__XGBoost,B5-HardwarePhysics__XGBoost,249,36.88347578907619
B4-Hardware__XGBoost,B5-HardwarePhysics__XGBoost,250,12.02899078736083
B4-Hardware__XGBoost,B5-HardwarePhysics__XGBoost,251,41.86680690563167
B4-Hardware__XGBoost,B5-HardwarePhysics__XGBoost,252,46.86268038292059
B4-Hardware__XGBoost,B5-HardwarePhysics__XGBoost,253,27.561580951675303
B4-Hardware__XGBoost,B5-HardwarePhysics__XGBoost,254,34.427288377382744
B4-Hardware__XGBoost,B5-HardwarePhysics__XGBoost,255,47.33937180298317
B4-Hardware__XGBoost,B5-HardwarePhysics__XGBoost,256,101.80860047429137
B4-Hardware__XGBoost,B5-HardwarePhysics__XGBoost,257,31.480106355269402
B4-Hardware__XGBoost,B5-HardwarePhysics__XGBoost,258,91.2165007862939
B4-Hardware__XGBoost,B5-HardwarePhysics__XGBoost,259,73.1276952890312
B4-Hardware__XGBoost,B5-HardwarePhysics__XGBoost,260,38.71623025446432
B4-Hardware__XGBoost,B5-HardwarePhysics__XGBoost,261,71.55430492962452
B4-Hardware__XGBoost,B5-HardwarePhysics__XGBoost,262,54.981844729848525
B4-Hardware__XGBoost,B5-HardwarePhysics__XGBoost,263,37.681459741695484
B4-Hardware__XGBoost,B5-HardwarePhysics__XGBoost,264,12.288066365615636
B4-Hardware__XGBoost,B5-HardwarePhysics__XGBoost,265,49.35303614732517
B4-Hardware__XGBoost,B5-HardwarePhysics__XGBoost,266,27.014244374253508
B4-Hardware__XGBoost,B5-HardwarePhysics__XGBoost,267,26.807429925432366
B4-Hardware__XGBoost,B5-HardwarePhysics__XGBoost,268,120.33955552216833
B4-Hardware__XGBoost,B5-HardwarePhysics__XGBoost,269,64.72349210378117
B4-Hardware__XGBoost,B5-HardwarePhysics__XGBoost,270,43.70450576109216
B4-Hardware__XGBoost,B5-HardwarePhysics__XGBoost,271,36.12471358032685
B4-Hardware__XGBoost,B5-HardwarePhysics__XGBoost,272,22.501863602783605
B4-Hardware__XGBoost,B5-HardwarePhysics__XGBoost,273,69.2556635368692
B4-Hardware__XGBoost,B5-HardwarePhysics__XGBoost,274,35.50573582996471
B4-Hardware__XGBoost,B5-HardwarePhysics__XGBoost,275,59.251379851722234
B4-Hardware__XGBoost,B5-HardwarePhysics__XGBoost,276,16.088309086889975
B4-Hardware__XGBoost,B5-HardwarePhysics__XGBoost,277,111.50796340119295
B4-Hardware__XGBoost,B5-HardwarePhysics__XGBoost,278,70.98845886020518
B4-Hardware__XGBoost,B5-HardwarePhysics__XGBoost,279,131.55736940276125
B4-Hardware__XGBoost,B5-HardwarePhysics__XGBoost,280,35.462940194561774
B4-Hardware__XGBoost,B5-HardwarePhysics__XGBoost,281,45.570458236146386
B4-Hardware__XGBoost,B5-HardwarePhysics__XGBoost,282,42.93023720187141
B4-Hardware__XGBoost,B5-HardwarePhysics__XGBoost,283,53.792771342022775
B4-Hardware__XGBoost,B5-HardwarePhysics__XGBoost,284,13.205500998651084
B4-Hardware__XGBoost,B5-HardwarePhysics__XGBoost,285,63.68638763663928
B4-Hardware__XGBoost,B5-HardwarePhysics__XGBoost,286,30.500795096295462
B4-Hardware__XGBoost,B5-HardwarePhysics__XGBoost,287,34.077691532637516
B4-Hardware__XGBoost,B5-HardwarePhysics__XGBoost,288,32.39809153097498
B4-Hardware__XGBoost,B5-HardwarePhysics__XGBoost,289,47.2324215757079
B4-Hardware__XGBoost,B5-HardwarePhysics__XGBoost,290,94.77938206022576
B4-Hardware__XGBoost,B5-HardwarePhysics__XGBoost,291,21.555776570754865
B4-Hardware__XGBoost,B5-HardwarePhysics__XGBoost,292,86.40332404820035
B4-Hardware__XGBoost,B5-HardwarePhysics__XGBoost,293,22.809623303148435
B4-Hardware__XGBoost,B5-HardwarePhysics__XGBoost,294,68.797255165057
B4-Hardware__XGBoost,B5-HardwarePhysics__XGBoost,295,28.833642277148236
B4-Hardware__XGBoost,B5-HardwarePhysics__XGBoost,296,42.62096317704328
B4-Hardware__XGBoost,B5-HardwarePhysics__XGBoost,297,49.8633230232872
B4-Hardware__XGBoost,B5-HardwarePhysics__XGBoost,298,57.21236425366154
B4-Hardware__XGBoost,B5-HardwarePhysics__XGBoost,299,32.55318185350778
B4-Hardware__XGBoost,B5-HardwarePhysics__XGBoost,300,42.34603464493947
B4-Hardware__XGBoost,B5-HardwarePhysics__XGBoost,301,77.66455168767058
B4-Hardware__XGBoost,B5-HardwarePhysics__XGBoost,302,24.139107259765684
B4-Hardware__XGBoost,B5-HardwarePhysics__XGBoost,303,44.36069680648326
B4-Hardware__XGBoost,B5-HardwarePhysics__XGBoost,304,48.9144448947227
B4-Hardware__XGBoost,B5-HardwarePhysics__XGBoost,305,72.85389089086473
B4-Hardware__XGBoost,B5-HardwarePhysics__XGBoost,306,23.359344625113653
B4-Hardware__XGBoost,B5-HardwarePhysics__XGBoost,307,41.191591739899515
B4-Hardware__XGBoost,B5-HardwarePhysics__XGBoost,308,-0.9974980656102096
B4-Hardware__XGBoost,B5-HardwarePhysics__XGBoost,309,70.69822917347449
B4-Hardware__XGBoost,B5-HardwarePhysics__XGBoost,310,13.920645925616174
B4-Hardware__XGBoost,B5-HardwarePhysics__XGBoost,311,48.47391080489318
B4-Hardware__XGBoost,B5-HardwarePhysics__XGBoost,312,58.87347666952904
B4-Hardware__XGBoost,B5-HardwarePhysics__XGBoost,313,46.40535676746431
B4-Hardware__XGBoost,B5-HardwarePhysics__XGBoost,314,68.39675718677155
B4-Hardware__XGBoost,B5-HardwarePhysics__XGBoost,315,34.74646656827671
B4-Hardware__XGBoost,B5-HardwarePhysics__XGBoost,316,33.53360455885393
B4-Hardware__XGBoost,B5-HardwarePhysics__XGBoost,317,19.024109267303093
B4-Hardware__XGBoost,B5-HardwarePhysics__XGBoost,318,50.62185595350278
B4-Hardware__XGBoost,B5-HardwarePhysics__XGBoost,319,38.03709065187177
B4-Hardware__XGBoost,B5-HardwarePhysics__XGBoost,320,26.72831642549246
B4-Hardware__XGBoost,B5-HardwarePhysics__XGBoost,321,35.11573415342001
B4-Hardware__XGBoost,B5-HardwarePhysics__XGBoost,322,94.37669548259255
B4-Hardware__XGBoost,B5-HardwarePhysics__XGBoost,323,17.437594556096194
B4-Hardware__XGBoost,B5-HardwarePhysics__XGBoost,324,78.43791089010097
B4-Hardware__XGBoost,B5-HardwarePhysics__XGBoost,325,42.547539687195375
B4-Hardware__XGBoost,B5-HardwarePhysics__XGBoost,326,58.34079193573574
B4-Hardware__XGBoost,B5-HardwarePhysics__XGBoost,327,93.68853384019894
B4-Hardware__XGBoost,B5-HardwarePhysics__XGBoost,328,80.617974628923
B4-Hardware__XGBoost,B5-HardwarePhysics__XGBoost,329,25.61012579882587
B4-Hardware__XGBoost,B5-HardwarePhysics__XGBoost,330,46.33999152672367
B4-Hardware__XGBoost,B5-HardwarePhysics__XGBoost,331,56.27470006126292
B4-Hardware__XGBoost,B5-HardwarePhysics__XGBoost,332,56.933866867267504
B4-Hardware__XGBoost,B5-HardwarePhysics__XGBoost,333,32.48082652026527
B4-Hardware__XGBoost,B5-HardwarePhysics__XGBoost,334,37.43747667393062
B4-Hardware__XGBoost,B5-HardwarePhysics__XGBoost,335,32.76906885105482
B4-Hardware__XGBoost,B5-HardwarePhysics__XGBoost,336,40.92171453744317
B4-Hardware__XGBoost,B5-HardwarePhysics__XGBoost,337,47.30680517285629
B4-Hardware__XGBoost,B5-HardwarePhysics__XGBoost,338,61.679735795014544
B4-Hardware__XGBoost,B5-HardwarePhysics__XGBoost,339,31.74427926154321
B4-Hardware__XGBoost,B5-HardwarePhysics__XGBoost,340,25.288032641537633
B4-Hardware__XGBoost,B5-HardwarePhysics__XGBoost,341,87.45035694209875
B4-Hardware__XGBoost,B5-HardwarePhysics__XGBoost,342,16.44812034587353
B4-Hardware__XGBoost,B5-HardwarePhysics__XGBoost,343,33.36200226626758
B4-Hardware__XGBoost,B5-HardwarePhysics__XGBoost,344,62.34239245363535
B4-Hardware__XGBoost,B5-HardwarePhysics__XGBoost,345,18.67208290224965
B4-Hardware__XGBoost,B5-HardwarePhysics__XGBoost,346,77.32904128282564
B4-Hardware__XGBoost,B5-HardwarePhysics__XGBoost,347,60.67779946153099
B4-Hardware__XGBoost,B5-HardwarePhysics__XGBoost,348,61.21728675619788
B4-Hardware__XGBoost,B5-HardwarePhysics__XGBoost,349,87.79455520700742
B4-Hardware__XGBoost,B5-HardwarePhysics__XGBoost,350,51.512127611065544
B4-Hardware__XGBoost,B5-HardwarePhysics__XGBoost,351,43.48847953227231
B4-Hardware__XGBoost,B5-HardwarePhysics__XGBoost,352,59.5402178072186
B4-Hardware__XGBoost,B5-HardwarePhysics__XGBoost,353,50.13996835734647
B4-Hardware__XGBoost,B5-HardwarePhysics__XGBoost,354,109.21847660721131
B4-Hardware__XGBoost,B5-HardwarePhysics__XGBoost,355,47.60333805607916
B4-Hardware__XGBoost,B5-HardwarePhysics__XGBoost,356,67.35258018215407
B4-Hardware__XGBoost,B5-HardwarePhysics__XGBoost,357,39.68280511448301
B4-Hardware__XGBoost,B5-HardwarePhysics__XGBoost,358,34.231491459781246
B4-Hardware__XGBoost,B5-HardwarePhysics__XGBoost,359,92.93147749399824
B4-Hardware__XGBoost,B5-HardwarePhysics__XGBoost,360,33.251664139566216
B4-Hardware__XGBoost,B5-HardwarePhysics__XGBoost,361,61.71222554270066
B4-Hardware__XGBoost,B5-HardwarePhysics__XGBoost,362,34.29715579451921
B4-Hardware__XGBoost,B5-HardwarePhysics__XGBoost,363,25.40562729888972
B4-Hardware__XGBoost,B5-HardwarePhysics__XGBoost,364,79.02333115064343
B4-Hardware__XGBoost,B5-HardwarePhysics__XGBoost,365,67.60277089129713
B4-Hardware__XGBoost,B5-HardwarePhysics__XGBoost,366,81.80602903888158
B4-Hardware__XGBoost,B5-HardwarePhysics__XGBoost,367,47.30515896986573
B4-Hardware__XGBoost,B5-HardwarePhysics__XGBoost,368,40.22959140402287
B4-Hardware__XGBoost,B5-HardwarePhysics__XGBoost,369,24.935283771189237
B4-Hardware__XGBoost,B5-HardwarePhysics__XGBoost,370,92.58815063101284
B4-Hardware__XGBoost,B5-HardwarePhysics__XGBoost,371,35.211058185858995
B4-Hardware__XGBoost,B5-HardwarePhysics__XGBoost,372,32.58886248513887
B4-Hardware__XGBoost,B5-HardwarePhysics__XGBoost,373,52.687874317308584
B4-Hardware__XGBoost,B5-HardwarePhysics__XGBoost,374,33.18604728245947
B4-Hardware__XGBoost,B5-HardwarePhysics__XGBoost,375,19.008826714818564
B4-Hardware__XGBoost,B5-HardwarePhysics__XGBoost,376,20.40104514109097
B4-Hardware__XGBoost,B5-HardwarePhysics__XGBoost,377,47.65502628601913
B4-Hardware__XGBoost,B5-HardwarePhysics__XGBoost,378,26.31173987955316
B4-Hardware__XGBoost,B5-HardwarePhysics__XGBoost,379,54.49620711958136
B4-Hardware__XGBoost,B5-HardwarePhysics__XGBoost,380,23.820799595189346
B4-Hardware__XGBoost,B5-HardwarePhysics__XGBoost,381,32.742465149013675
B4-Hardware__XGBoost,B5-HardwarePhysics__XGBoost,382,37.06462487146899
B4-Hardware__XGBoost,B5-HardwarePhysics__XGBoost,383,42.16950697444888
B4-Hardware__XGBoost,B5-HardwarePhysics__XGBoost,384,38.09825774854306
B4-Hardware__XGBoost,B5-HardwarePhysics__XGBoost,385,53.52879399154249
B4-Hardware__XGBoost,B5-HardwarePhysics__XGBoost,386,80.80741793695755
B4-Hardware__XGBoost,B5-HardwarePhysics__XGBoost,387,32.32582021019157
B4-Hardware__XGBoost,B5-HardwarePhysics__XGBoost,388,63.30315511819451
B4-Hardware__XGBoost,B5-HardwarePhysics__XGBoost,389,12.129635794500144
B4-Hardware__XGBoost,B5-HardwarePhysics__XGBoost,390,45.68051668024096
B4-Hardware__XGBoost,B5-HardwarePhysics__XGBoost,391,32.768959273031065
B4-Hardware__XGBoost,B5-HardwarePhysics__XGBoost,392,17.270772230705184
B4-Hardware__XGBoost,B5-HardwarePhysics__XGBoost,393,60.56967337719603
B4-Hardware__XGBoost,B5-HardwarePhysics__XGBoost,394,20.489970981373215
B4-Hardware__XGBoost,B5-HardwarePhysics__XGBoost,395,61.9061574009424
B4-Hardware__XGBoost,B5-HardwarePhysics__XGBoost,396,68.1266901895702
B4-Hardware__XGBoost,B5-HardwarePhysics__XGBoost,397,23.46214158505561
B4-Hardware__XGBoost,B5-HardwarePhysics__XGBoost,398,51.696824096738844
B4-Hardware__XGBoost,B5-HardwarePhysics__XGBoost,399,47.38123719371226
B4-Hardware__XGBoost,B5-HardwarePhysics__XGBoost,400,43.181739994579395
B4-Hardware__XGBoost,B5-HardwarePhysics__XGBoost,401,53.16252990790864
B4-Hardware__XGBoost,B5-HardwarePhysics__XGBoost,402,29.845908146021213
B4-Hardware__XGBoost,B5-HardwarePhysics__XGBoost,403,38.18237526557165
B4-Hardware__XGBoost,B5-HardwarePhysics__XGBoost,404,69.8467566905697
B4-Hardware__XGBoost,B5-HardwarePhysics__XGBoost,405,35.43725507424353
B4-Hardware__XGBoost,B5-HardwarePhysics__XGBoost,406,104.73734616057348
B4-Hardware__XGBoost,B5-HardwarePhysics__XGBoost,407,49.94386518783159
B4-Hardware__XGBoost,B5-HardwarePhysics__XGBoost,408,37.67972472479092
B4-Hardware__XGBoost,B5-HardwarePhysics__XGBoost,409,21.589762939815472
B4-Hardware__XGBoost,B5-HardwarePhysics__XGBoost,410,26.86866402969913
B4-Hardware__XGBoost,B5-HardwarePhysics__XGBoost,411,16.379902924499174
B4-Hardware__XGBoost,B5-HardwarePhysics__XGBoost,412,61.77029220695474
B4-Hardware__XGBoost,B5-HardwarePhysics__XGBoost,413,53.643491052670335
B4-Hardware__XGBoost,B5-HardwarePhysics__XGBoost,414,26.402916321223778
B4-Hardware__XGBoost,B5-HardwarePhysics__XGBoost,415,57.1434668892588
B4-Hardware__XGBoost,B5-HardwarePhysics__XGBoost,416,19.1420826611851
B4-Hardware__XGBoost,B5-HardwarePhysics__XGBoost,417,13.556928065789275
B4-Hardware__XGBoost,B5-HardwarePhysics__XGBoost,418,40.25576361847493
B4-Hardware__XGBoost,B5-HardwarePhysics__XGBoost,419,34.8361889527117
B4-Hardware__XGBoost,B5-HardwarePhysics__XGBoost,420,62.359934846434044
B4-Hardware__XGBoost,B5-HardwarePhysics__XGBoost,421,65.40209781596694
B4-Hardware__XGBoost,B5-HardwarePhysics__XGBoost,422,97.34066431052473
B4-Hardware__XGBoost,B5-HardwarePhysics__XGBoost,423,49.56453375282386
B4-Hardware__XGBoost,B5-HardwarePhysics__XGBoost,424,26.52290260189999
B4-Hardware__XGBoost,B5-HardwarePhysics__XGBoost,425,62.10354595527889
B4-Hardware__XGBoost,B5-HardwarePhysics__XGBoost,426,46.81168294129283
B4-Hardware__XGBoost,B5-HardwarePhysics__XGBoost,427,128.8675149832371
B4-Hardware__XGBoost,B5-HardwarePhysics__XGBoost,428,32.623431693138905
B4-Hardware__XGBoost,B5-HardwarePhysics__XGBoost,429,13.710055031104568
B4-Hardware__XGBoost,B5-HardwarePhysics__XGBoost,430,42.44041496857604
B4-Hardware__XGBoost,B5-HardwarePhysics__XGBoost,431,99.65307156866764
B4-Hardware__XGBoost,B5-HardwarePhysics__XGBoost,432,21.116396972837702
B4-Hardware__XGBoost,B5-HardwarePhysics__XGBoost,433,16.118680967510137
B4-Hardware__XGBoost,B5-HardwarePhysics__XGBoost,434,16.65214942971689
B4-Hardware__XGBoost,B5-HardwarePhysics__XGBoost,435,60.442277515223225
B4-Hardware__XGBoost,B5-HardwarePhysics__XGBoost,436,46.28902354781264
B4-Hardware__XGBoost,B5-HardwarePhysics__XGBoost,437,26.993266725239973
B4-Hardware__XGBoost,B5-HardwarePhysics__XGBoost,438,52.4507411408949
B4-Hardware__XGBoost,B5-HardwarePhysics__XGBoost,439,38.51778135990584
B4-Hardware__XGBoost,B5-HardwarePhysics__XGBoost,440,89.92668618946479
B4-Hardware__XGBoost,B5-HardwarePhysics__XGBoost,441,47.41467537515961
B4-Hardware__XGBoost,B5-HardwarePhysics__XGBoost,442,56.19424220992035
B4-Hardware__XGBoost,B5-HardwarePhysics__XGBoost,443,43.07631228069805
B4-Hardware__XGBoost,B5-HardwarePhysics__XGBoost,444,106.36920287559143
B4-Hardware__XGBoost,B5-HardwarePhysics__XGBoost,445,53.75956369824397
B4-Hardware__XGBoost,B5-HardwarePhysics__XGBoost,446,91.13669761293015
B4-Hardware__XGBoost,B5-HardwarePhysics__XGBoost,447,82.76622017055986
B4-Hardware__XGBoost,B5-HardwarePhysics__XGBoost,448,70.24377567128651
B4-Hardware__XGBoost,B5-HardwarePhysics__XGBoost,449,17.4856140860996
B4-Hardware__XGBoost,B5-HardwarePhysics__XGBoost,450,85.18836254112081
B4-Hardware__XGBoost,B5-HardwarePhysics__XGBoost,451,44.09593900356627
B4-Hardware__XGBoost,B5-HardwarePhysics__XGBoost,452,23.435518741703284
B4-Hardware__XGBoost,B5-HardwarePhysics__XGBoost,453,37.83440648436355
B4-Hardware__XGBoost,B5-HardwarePhysics__XGBoost,454,106.02117175765615
B4-Hardware__XGBoost,B5-HardwarePhysics__XGBoost,455,16.373303947068404
B4-Hardware__XGBoost,B5-HardwarePhysics__XGBoost,456,19.491822212442706
B4-Hardware__XGBoost,B5-HardwarePhysics__XGBoost,457,31.565348278315902
B4-Hardware__XGBoost,B5-HardwarePhysics__XGBoost,458,101.85132319977023
B4-Hardware__XGBoost,B5-HardwarePhysics__XGBoost,459,43.90621492549581
B4-Hardware__XGBoost,B5-HardwarePhysics__XGBoost,460,47.36603427768777
B4-Hardware__XGBoost,B5-HardwarePhysics__XGBoost,461,72.19111797366158
B4-Hardware__XGBoost,B5-HardwarePhysics__XGBoost,462,65.38496729837217
B4-Hardware__XGBoost,B5-HardwarePhysics__XGBoost,463,78.70582764299014
B4-Hardware__XGBoost,B5-HardwarePhysics__XGBoost,464,40.34390864503694
B4-Hardware__XGBoost,B5-HardwarePhysics__XGBoost,465,57.77725241080272
B4-Hardware__XGBoost,B5-HardwarePhysics__XGBoost,466,44.09986692532662
B4-Hardware__XGBoost,B5-HardwarePhysics__XGBoost,467,91.7847752715462
B4-Hardware__XGBoost,B5-HardwarePhysics__XGBoost,468,80.2445392607607
B4-Hardware__XGBoost,B5-HardwarePhysics__XGBoost,469,55.08722515642605
B4-Hardware__XGBoost,B5-HardwarePhysics__XGBoost,470,29.607848842161022
B4-Hardware__XGBoost,B5-HardwarePhysics__XGBoost,471,39.19809376900526
B4-Hardware__XGBoost,B5-HardwarePhysics__XGBoost,472,79.70895363455827
B4-Hardware__XGBoost,B5-HardwarePhysics__XGBoost,473,58.47252283469618
B4-Hardware__XGBoost,B5-HardwarePhysics__XGBoost,474,50.06001425391579
B4-Hardware__XGBoost,B5-HardwarePhysics__XGBoost,475,69.05665652692944
B4-Hardware__XGBoost,B5-HardwarePhysics__XGBoost,476,38.71602382914751
B4-Hardware__XGBoost,B5-HardwarePhysics__XGBoost,477,22.599433164798267
B4-Hardware__XGBoost,B5-HardwarePhysics__XGBoost,478,92.17558310274198
B4-Hardware__XGBoost,B5-HardwarePhysics__XGBoost,479,34.6798209483981
B4-Hardware__XGBoost,B5-HardwarePhysics__XGBoost,480,64.83472132437588
B4-Hardware__XGBoost,B5-HardwarePhysics__XGBoost,481,43.001931916976936
B4-Hardware__XGBoost,B5-HardwarePhysics__XGBoost,482,46.17745599208674
B4-Hardware__XGBoost,B5-HardwarePhysics__XGBoost,483,13.076552393652744
B4-Hardware__XGBoost,B5-HardwarePhysics__XGBoost,484,42.352296473726916
B4-Hardware__XGBoost,B5-HardwarePhysics__XGBoost,485,31.779371985534485
B4-Hardware__XGBoost,B5-HardwarePhysics__XGBoost,486,22.28005159578501
B4-Hardware__XGBoost,B5-HardwarePhysics__XGBoost,487,77.01637538415214
B4-Hardware__XGBoost,B5-HardwarePhysics__XGBoost,488,30.503811499551265
B4-Hardware__XGBoost,B5-HardwarePhysics__XGBoost,489,33.05177002252751
B4-Hardware__XGBoost,B5-HardwarePhysics__XGBoost,490,46.07897945457976
B4-Hardware__XGBoost,B5-HardwarePhysics__XGBoost,491,74.86183169771994
B4-Hardware__XGBoost,B5-HardwarePhysics__XGBoost,492,10.992667822418387
B4-Hardware__XGBoost,B5-HardwarePhysics__XGBoost,493,56.008934613358846
B4-Hardware__XGBoost,B5-HardwarePhysics__XGBoost,494,33.013710778379426
B4-Hardware__XGBoost,B5-HardwarePhysics__XGBoost,495,48.051813583704664
B4-Hardware__XGBoost,B5-HardwarePhysics__XGBoost,496,45.59630965592147
B4-Hardware__XGBoost,B5-HardwarePhysics__XGBoost,497,26.52296395771606
B4-Hardware__XGBoost,B5-HardwarePhysics__XGBoost,498,86.25972770994679
B4-Hardware__XGBoost,B5-HardwarePhysics__XGBoost,499,44.71441855301225
B4-Hardware__XGBoost,B5-HardwarePhysics__XGBoost,500,78.13601202420004
B4-Hardware__XGBoost,B5-HardwarePhysics__XGBoost,501,85.4144461552351
B4-Hardware__XGBoost,B5-HardwarePhysics__XGBoost,502,50.84962009875703
B4-Hardware__XGBoost,B5-HardwarePhysics__XGBoost,503,54.497335025794655
B4-Hardware__XGBoost,B5-HardwarePhysics__XGBoost,504,45.1956510422478
B4-Hardware__XGBoost,B5-HardwarePhysics__XGBoost,505,31.645004806791974
B4-Hardware__XGBoost,B5-HardwarePhysics__XGBoost,506,46.489841480580516
B4-Hardware__XGBoost,B5-HardwarePhysics__XGBoost,507,36.31183168568303
B4-Hardware__XGBoost,B5-HardwarePhysics__XGBoost,508,16.245751939540344
B4-Hardware__XGBoost,B5-HardwarePhysics__XGBoost,509,65.1763761553983
B4-Hardware__XGBoost,B5-HardwarePhysics__XGBoost,510,78.93829603017191
B4-Hardware__XGBoost,B5-HardwarePhysics__XGBoost,511,78.33641005034144
B4-Hardware__XGBoost,B5-HardwarePhysics__XGBoost,512,55.542518325678465
B4-Hardware__XGBoost,B5-HardwarePhysics__XGBoost,513,62.580750039883064
B4-Hardware__XGBoost,B5-HardwarePhysics__XGBoost,514,99.04196503738284
B4-Hardware__XGBoost,B5-HardwarePhysics__XGBoost,515,40.91421230085137
B4-Hardware__XGBoost,B5-HardwarePhysics__XGBoost,516,43.99529760349245
B4-Hardware__XGBoost,B5-HardwarePhysics__XGBoost,517,76.6166562415038
B4-Hardware__XGBoost,B5-HardwarePhysics__XGBoost,518,97.59425153070511
B4-Hardware__XGBoost,B5-HardwarePhysics__XGBoost,519,78.92397789379716
B4-Hardware__XGBoost,B5-HardwarePhysics__XGBoost,520,53.05416874942403
B4-Hardware__XGBoost,B5-HardwarePhysics__XGBoost,521,55.06861187715412
B4-Hardware__XGBoost,B5-HardwarePhysics__XGBoost,522,69.82026749673805
B4-Hardware__XGBoost,B5-HardwarePhysics__XGBoost,523,31.102488289550383
B4-Hardware__XGBoost,B5-HardwarePhysics__XGBoost,524,58.30799025012351
B4-Hardware__XGBoost,B5-HardwarePhysics__XGBoost,525,56.00720944614856
B4-Hardware__XGBoost,B5-HardwarePhysics__XGBoost,526,36.75024738039371
B4-Hardware__XGBoost,B5-HardwarePhysics__XGBoost,527,28.113396614447193
B4-Hardware__XGBoost,B5-HardwarePhysics__XGBoost,528,50.57296121229302
B4-Hardware__XGBoost,B5-HardwarePhysics__XGBoost,529,59.04194741474312
B4-Hardware__XGBoost,B5-HardwarePhysics__XGBoost,530,58.65120540036079
B4-Hardware__XGBoost,B5-HardwarePhysics__XGBoost,531,69.95896673363445
B4-Hardware__XGBoost,B5-HardwarePhysics__XGBoost,532,34.86755391561711
B4-Hardware__XGBoost,B5-HardwarePhysics__XGBoost,533,79.67209462500864
B4-Hardware__XGBoost,B5-HardwarePhysics__XGBoost,534,37.854357741971405
B4-Hardware__XGBoost,B5-HardwarePhysics__XGBoost,535,42.3316973882002
B4-Hardware__XGBoost,B5-HardwarePhysics__XGBoost,536,60.43333550095766
B4-Hardware__XGBoost,B5-HardwarePhysics__XGBoost,537,52.400417341002175
B4-Hardware__XGBoost,B5-HardwarePhysics__XGBoost,538,30.00680966844119
B4-Hardware__XGBoost,B5-HardwarePhysics__XGBoost,539,34.563569037680324
B4-Hardware__XGBoost,B5-HardwarePhysics__XGBoost,540,41.41369427986002
B4-Hardware__XGBoost,B5-HardwarePhysics__XGBoost,541,48.744922935496234
B4-Hardware__XGBoost,B5-HardwarePhysics__XGBoost,542,28.389694660609
B4-Hardware__XGBoost,B5-HardwarePhysics__XGBoost,543,33.09839925727348
B4-Hardware__XGBoost,B5-HardwarePhysics__XGBoost,544,25.35805361457371
B4-Hardware__XGBoost,B5-HardwarePhysics__XGBoost,545,76.0717058855458
B4-Hardware__XGBoost,B5-HardwarePhysics__XGBoost,546,53.809954010516094
B4-Hardware__XGBoost,B5-HardwarePhysics__XGBoost,547,88.64689309371501
B4-Hardware__XGBoost,B5-HardwarePhysics__XGBoost,548,38.17683354244816
B4-Hardware__XGBoost,B5-HardwarePhysics__XGBoost,549,9.377811355468655
B4-Hardware__XGBoost,B5-HardwarePhysics__XGBoost,550,40.0919919931271
B4-Hardware__XGBoost,B5-HardwarePhysics__XGBoost,551,107.80921370434432
B4-Hardware__XGBoost,B5-HardwarePhysics__XGBoost,552,50.8519968671739
B4-Hardware__XGBoost,B5-HardwarePhysics__XGBoost,553,79.91880515515662
B4-Hardware__XGBoost,B5-HardwarePhysics__XGBoost,554,38.91548459990948
B4-Hardware__XGBoost,B5-HardwarePhysics__XGBoost,555,49.06627363782685
B4-Hardware__XGBoost,B5-HardwarePhysics__XGBoost,556,89.30574371854591
B4-Hardware__XGBoost,B5-HardwarePhysics__XGBoost,557,26.408998958768453
B4-Hardware__XGBoost,B5-HardwarePhysics__XGBoost,558,44.235247003148224
B4-Hardware__XGBoost,B5-HardwarePhysics__XGBoost,559,41.410708704493835
B4-Hardware__XGBoost,B5-HardwarePhysics__XGBoost,560,31.22691030081138
B4-Hardware__XGBoost,B5-HardwarePhysics__XGBoost,561,28.966790382468446
B4-Hardware__XGBoost,B5-HardwarePhysics__XGBoost,562,49.171575485981684
B4-Hardware__XGBoost,B5-HardwarePhysics__XGBoost,563,43.946431836123566
B4-Hardware__XGBoost,B5-HardwarePhysics__XGBoost,564,24.881151253399565
B4-Hardware__XGBoost,B5-HardwarePhysics__XGBoost,565,49.02836878752267
B4-Hardware__XGBoost,B5-HardwarePhysics__XGBoost,566,24.586329898645722
B4-Hardware__XGBoost,B5-HardwarePhysics__XGBoost,567,59.914925266460735
B4-Hardware__XGBoost,B5-HardwarePhysics__XGBoost,568,66.88907400322033
B4-Hardware__XGBoost,B5-HardwarePhysics__XGBoost,569,68.49084039969168
B4-Hardware__XGBoost,B5-HardwarePhysics__XGBoost,570,46.62657546900249
B4-Hardware__XGBoost,B5-HardwarePhysics__XGBoost,571,63.122868622694
B4-Hardware__XGBoost,B5-HardwarePhysics__XGBoost,572,26.248627092996554
B4-Hardware__XGBoost,B5-HardwarePhysics__XGBoost,573,74.87535994730263
B4-Hardware__XGBoost,B5-HardwarePhysics__XGBoost,574,15.906084502462713
B4-Hardware__XGBoost,B5-HardwarePhysics__XGBoost,575,58.60835152154967
B4-Hardware__XGBoost,B5-HardwarePhysics__XGBoost,576,21.766523200527647
B4-Hardware__XGBoost,B5-HardwarePhysics__XGBoost,577,33.02693604691573
B4-Hardware__XGBoost,B5-HardwarePhysics__XGBoost,578,37.852680239557856
B4-Hardware__XGBoost,B5-HardwarePhysics__XGBoost,579,56.75353977620595
B4-Hardware__XGBoost,B5-HardwarePhysics__XGBoost,580,26.780314534393323
B4-Hardware__XGBoost,B5-HardwarePhysics__XGBoost,581,34.799481255961624
B4-Hardware__XGBoost,B5-HardwarePhysics__XGBoost,582,48.40441313275489
B4-Hardware__XGBoost,B5-HardwarePhysics__XGBoost,583,46.719000542032
B4-Hardware__XGBoost,B5-HardwarePhysics__XGBoost,584,5.276037117432528
B4-Hardware__XGBoost,B5-HardwarePhysics__XGBoost,585,43.67413376633451
B4-Hardware__XGBoost,B5-HardwarePhysics__XGBoost,586,50.85956573099098
B4-Hardware__XGBoost,B5-HardwarePhysics__XGBoost,587,28.73760130369416
B4-Hardware__XGBoost,B5-HardwarePhysics__XGBoost,588,34.46368816776721
B4-Hardware__XGBoost,B5-HardwarePhysics__XGBoost,589,74.31744733181579
B4-Hardware__XGBoost,B5-HardwarePhysics__XGBoost,590,35.27030172389433
B4-Hardware__XGBoost,B5-HardwarePhysics__XGBoost,591,66.81722647575016
B4-Hardware__XGBoost,B5-HardwarePhysics__XGBoost,592,136.3863108188615
B4-Hardware__XGBoost,B5-HardwarePhysics__XGBoost,593,74.15535871168615
B4-Hardware__XGBoost,B5-HardwarePhysics__XGBoost,594,36.74708843042151
B4-Hardware__XGBoost,B5-HardwarePhysics__XGBoost,595,61.47319495693887
B4-Hardware__XGBoost,B5-HardwarePhysics__XGBoost,596,67.66185335248304
B4-Hardware__XGBoost,B5-HardwarePhysics__XGBoost,597,16.59064990024303
B4-Hardware__XGBoost,B5-HardwarePhysics__XGBoost,598,72.50348180638379
B4-Hardware__XGBoost,B5-HardwarePhysics__XGBoost,599,21.525769358788136
B4-Hardware__XGBoost,B5-HardwarePhysics__XGBoost,600,18.396431299284263
B4-Hardware__XGBoost,B5-HardwarePhysics__XGBoost,601,14.297556039549635
B4-Hardware__XGBoost,B5-HardwarePhysics__XGBoost,602,32.31193880999973
B4-Hardware__XGBoost,B5-HardwarePhysics__XGBoost,603,35.207837959403626
B4-Hardware__XGBoost,B5-HardwarePhysics__XGBoost,604,51.32479173151148
B4-Hardware__XGBoost,B5-HardwarePhysics__XGBoost,605,45.549067312786924
B4-Hardware__XGBoost,B5-HardwarePhysics__XGBoost,606,41.27717042393232
B4-Hardware__XGBoost,B5-HardwarePhysics__XGBoost,607,47.41726982728288
B4-Hardware__XGBoost,B5-HardwarePhysics__XGBoost,608,100.90538245625926
B4-Hardware__XGBoost,B5-HardwarePhysics__XGBoost,609,30.716748109149396
B4-Hardware__XGBoost,B5-HardwarePhysics__XGBoost,610,11.925803035958102
B4-Hardware__XGBoost,B5-HardwarePhysics__XGBoost,611,92.7160019744988
B4-Hardware__XGBoost,B5-HardwarePhysics__XGBoost,612,36.55750319189
B4-Hardware__XGBoost,B5-HardwarePhysics__XGBoost,613,51.769257214092256
B4-Hardware__XGBoost,B5-HardwarePhysics__XGBoost,614,13.901704090875258
B4-Hardware__XGBoost,B5-HardwarePhysics__XGBoost,615,39.770471072303586
B4-Hardware__XGBoost,B5-HardwarePhysics__XGBoost,616,76.09840607788512
B4-Hardware__XGBoost,B5-HardwarePhysics__XGBoost,617,68.21876454974145
B4-Hardware__XGBoost,B5-HardwarePhysics__XGBoost,618,58.13665545450043
B4-Hardware__XGBoost,B5-HardwarePhysics__XGBoost,619,38.27031482969075
B4-Hardware__XGBoost,B5-HardwarePhysics__XGBoost,620,28.140771226201597
B4-Hardware__XGBoost,B5-HardwarePhysics__XGBoost,621,0.8700388425850717
B4-Hardware__XGBoost,B5-HardwarePhysics__XGBoost,622,44.47005156114528
B4-Hardware__XGBoost,B5-HardwarePhysics__XGBoost,623,63.73501457035345
B4-Hardware__XGBoost,B5-HardwarePhysics__XGBoost,624,58.25891104050525
B4-Hardware__XGBoost,B5-HardwarePhysics__XGBoost,625,23.344624264880338
B4-Hardware__XGBoost,B5-HardwarePhysics__XGBoost,626,71.86941154553173
B4-Hardware__XGBoost,B5-HardwarePhysics__XGBoost,627,59.762753063540615
B4-Hardware__XGBoost,B5-HardwarePhysics__XGBoost,628,30.378044571955147
B4-Hardware__XGBoost,B5-HardwarePhysics__XGBoost,629,44.24573823837541
B4-Hardware__XGBoost,B5-HardwarePhysics__XGBoost,630,48.34323642233854
B4-Hardware__XGBoost,B5-HardwarePhysics__XGBoost,631,36.31882686468048
B4-Hardware__XGBoost,B5-HardwarePhysics__XGBoost,632,119.16006101373331
B4-Hardware__XGBoost,B5-HardwarePhysics__XGBoost,633,12.770735755391206
B4-Hardware__XGBoost,B5-HardwarePhysics__XGBoost,634,45.74148707103567
B4-Hardware__XGBoost,B5-HardwarePhysics__XGBoost,635,85.98142725023119
B4-Hardware__XGBoost,B5-HardwarePhysics__XGBoost,636,56.72858081770728
B4-Hardware__XGBoost,B5-HardwarePhysics__XGBoost,637,46.78202714961727
B4-Hardware__XGBoost,B5-HardwarePhysics__XGBoost,638,63.608294869639685
B4-Hardware__XGBoost,B5-HardwarePhysics__XGBoost,639,88.03251561581871
B4-Hardware__XGBoost,B5-HardwarePhysics__XGBoost,640,27.107320534278042
B4-Hardware__XGBoost,B5-HardwarePhysics__XGBoost,641,79.99302823833011
B4-Hardware__XGBoost,B5-HardwarePhysics__XGBoost,642,85.29546981696922
B4-Hardware__XGBoost,B5-HardwarePhysics__XGBoost,643,43.85452803475781
B4-Hardware__XGBoost,B5-HardwarePhysics__XGBoost,644,31.381864797693595
B4-Hardware__XGBoost,B5-HardwarePhysics__XGBoost,645,85.84700396694991
B4-Hardware__XGBoost,B5-HardwarePhysics__XGBoost,646,47.12063718002217
B4-Hardware__XGBoost,B5-HardwarePhysics__XGBoost,647,22.568167360051696
B4-Hardware__XGBoost,B5-HardwarePhysics__XGBoost,648,33.87094195837925
B4-Hardware__XGBoost,B5-HardwarePhysics__XGBoost,649,64.01456364961773
B4-Hardware__XGBoost,B5-HardwarePhysics__XGBoost,650,91.72423190910091
B4-Hardware__XGBoost,B5-HardwarePhysics__XGBoost,651,30.717562734911496
B4-Hardware__XGBoost,B5-HardwarePhysics__XGBoost,652,54.13900197872568
B4-Hardware__XGBoost,B5-HardwarePhysics__XGBoost,653,79.94692194772179
B4-Hardware__XGBoost,B5-HardwarePhysics__XGBoost,654,93.5668079116371
B4-Hardware__XGBoost,B5-HardwarePhysics__XGBoost,655,44.17846143071353
B4-Hardware__XGBoost,B5-HardwarePhysics__XGBoost,656,73.23012640506131
B4-Hardware__XGBoost,B5-HardwarePhysics__XGBoost,657,80.86092269373546
B4-Hardware__XGBoost,B5-HardwarePhysics__XGBoost,658,44.761845960393046
B4-Hardware__XGBoost,B5-HardwarePhysics__XGBoost,659,44.74012943559551
B4-Hardware__XGBoost,B5-HardwarePhysics__XGBoost,660,16.498547974518658
B4-Hardware__XGBoost,B5-HardwarePhysics__XGBoost,661,19.89342756321255
B4-Hardware__XGBoost,B5-HardwarePhysics__XGBoost,662,17.74276317410979
B4-Hardware__XGBoost,B5-HardwarePhysics__XGBoost,663,15.512278270709942
B4-Hardware__XGBoost,B5-HardwarePhysics__XGBoost,664,74.91365312874802
B4-Hardware__XGBoost,B5-HardwarePhysics__XGBoost,665,40.794257778099826
B4-Hardware__XGBoost,B5-HardwarePhysics__XGBoost,666,80.38762118534196
B4-Hardware__XGBoost,B5-HardwarePhysics__XGBoost,667,75.69961009044653
B4-Hardware__XGBoost,B5-HardwarePhysics__XGBoost,668,67.92291544634055
B4-Hardware__XGBoost,B5-HardwarePhysics__XGBoost,669,8.375676223593327
B4-Hardware__XGBoost,B5-HardwarePhysics__XGBoost,670,81.83681741216796
B4-Hardware__XGBoost,B5-HardwarePhysics__XGBoost,671,49.13274995822936
B4-Hardware__XGBoost,B5-HardwarePhysics__XGBoost,672,54.561970709062315
B4-Hardware__XGBoost,B5-HardwarePhysics__XGBoost,673,74.57183192114603
B4-Hardware__XGBoost,B5-HardwarePhysics__XGBoost,674,81.63341400942451
B4-Hardware__XGBoost,B5-HardwarePhysics__XGBoost,675,42.03784621804784
B4-Hardware__XGBoost,B5-HardwarePhysics__XGBoost,676,54.629128644967075
B4-Hardware__XGBoost,B5-HardwarePhysics__XGBoost,677,50.320646638743476
B4-Hardware__XGBoost,B5-HardwarePhysics__XGBoost,678,105.6596176536159
B4-Hardware__XGBoost,B5-HardwarePhysics__XGBoost,679,35.635399556820026
B4-Hardware__XGBoost,B5-HardwarePhysics__XGBoost,680,88.74404630836743
B4-Hardware__XGBoost,B5-HardwarePhysics__XGBoost,681,72.13437185466952
B4-Hardware__XGBoost,B5-HardwarePhysics__XGBoost,682,75.10263360419006
B4-Hardware__XGBoost,B5-HardwarePhysics__XGBoost,683,111.102300255312
B4-Hardware__XGBoost,B5-HardwarePhysics__XGBoost,684,50.60650507871604
B4-Hardware__XGBoost,B5-HardwarePhysics__XGBoost,685,58.44599162355852
B4-Hardware__XGBoost,B5-HardwarePhysics__XGBoost,686,46.37100591499518
B4-Hardware__XGBoost,B5-HardwarePhysics__XGBoost,687,68.06438207852753
B4-Hardware__XGBoost,B5-HardwarePhysics__XGBoost,688,47.896868896239255
B4-Hardware__XGBoost,B5-HardwarePhysics__XGBoost,689,47.906781321500866
B4-Hardware__XGBoost,B5-HardwarePhysics__XGBoost,690,53.84340524799892
B4-Hardware__XGBoost,B5-HardwarePhysics__XGBoost,691,73.99797812321594
B4-Hardware__XGBoost,B5-HardwarePhysics__XGBoost,692,60.74850335459073
B4-Hardware__XGBoost,B5-HardwarePhysics__XGBoost,693,57.969672169051464
B4-Hardware__XGBoost,B5-HardwarePhysics__XGBoost,694,53.15091835784373
B4-Hardware__XGBoost,B5-HardwarePhysics__XGBoost,695,32.16214929418428
B4-Hardware__XGBoost,B5-HardwarePhysics__XGBoost,696,64.33491740366293
B4-Hardware__XGBoost,B5-HardwarePhysics__XGBoost,697,45.608940896711864
B4-Hardware__XGBoost,B5-HardwarePhysics__XGBoost,698,50.686200672352776
B4-Hardware__XGBoost,B5-HardwarePhysics__XGBoost,699,89.06533753593759
B4-Hardware__XGBoost,B5-HardwarePhysics__XGBoost,700,63.29863435373626
B4-Hardware__XGBoost,B5-HardwarePhysics__XGBoost,701,5.239214613149978
B4-Hardware__XGBoost,B5-HardwarePhysics__XGBoost,702,54.31940698555637
B4-Hardware__XGBoost,B5-HardwarePhysics__XGBoost,703,68.17743448867643
B4-Hardware__XGBoost,B5-HardwarePhysics__XGBoost,704,31.01875883018485
B4-Hardware__XGBoost,B5-HardwarePhysics__XGBoost,705,25.897809572587487
B4-Hardware__XGBoost,B5-HardwarePhysics__XGBoost,706,63.22736693422198
B4-Hardware__XGBoost,B5-HardwarePhysics__XGBoost,707,31.10389887619999
B4-Hardware__XGBoost,B5-HardwarePhysics__XGBoost,708,43.94372388176197
B4-Hardware__XGBoost,B5-HardwarePhysics__XGBoost,709,44.344140509351114
B4-Hardware__XGBoost,B5-HardwarePhysics__XGBoost,710,6.575247998842222
B4-Hardware__XGBoost,B5-HardwarePhysics__XGBoost,711,37.84073582523465
B4-Hardware__XGBoost,B5-HardwarePhysics__XGBoost,712,70.72678874641745
B4-Hardware__XGBoost,B5-HardwarePhysics__XGBoost,713,27.124107534458272
B4-Hardware__XGBoost,B5-HardwarePhysics__XGBoost,714,108.07912842910358
B4-Hardware__XGBoost,B5-HardwarePhysics__XGBoost,715,20.284614623230635
B4-Hardware__XGBoost,B5-HardwarePhysics__XGBoost,716,52.724403884131675
B4-Hardware__XGBoost,B5-HardwarePhysics__XGBoost,717,27.913869989585656
B4-Hardware__XGBoost,B5-HardwarePhysics__XGBoost,718,60.708202030649204
B4-Hardware__XGBoost,B5-HardwarePhysics__XGBoost,719,67.84729289288433
B4-Hardware__XGBoost,B5-HardwarePhysics__XGBoost,720,22.619510461890542
B4-Hardware__XGBoost,B5-HardwarePhysics__XGBoost,721,76.54247876904485
B4-Hardware__XGBoost,B5-HardwarePhysics__XGBoost,722,104.95670922835066
B4-Hardware__XGBoost,B5-HardwarePhysics__XGBoost,723,39.142126625955676
B4-Hardware__XGBoost,B5-HardwarePhysics__XGBoost,724,45.06336286815258
B4-Hardware__XGBoost,B5-HardwarePhysics__XGBoost,725,33.835540711802885
B4-Hardware__XGBoost,B5-HardwarePhysics__XGBoost,726,6.705068202760189
B4-Hardware__XGBoost,B5-HardwarePhysics__XGBoost,727,79.6979176279806
B4-Hardware__XGBoost,B5-HardwarePhysics__XGBoost,728,128.10484405650163
B4-Hardware__XGBoost,B5-HardwarePhysics__XGBoost,729,35.52890417887888
B4-Hardware__XGBoost,B5-HardwarePhysics__XGBoost,730,36.559515054615886
B4-Hardware__XGBoost,B5-HardwarePhysics__XGBoost,731,41.68766525384548
B4-Hardware__XGBoost,B5-HardwarePhysics__XGBoost,732,90.32279407715939
B4-Hardware__XGBoost,B5-HardwarePhysics__XGBoost,733,29.41641577934921
B4-Hardware__XGBoost,B5-HardwarePhysics__XGBoost,734,97.903460916262
B4-Hardware__XGBoost,B5-HardwarePhysics__XGBoost,735,-0.06274561224305535
B4-Hardware__XGBoost,B5-HardwarePhysics__XGBoost,736,35.98897711102741
B4-Hardware__XGBoost,B5-HardwarePhysics__XGBoost,737,48.628383993493685
B4-Hardware__XGBoost,B5-HardwarePhysics__XGBoost,738,25.489204284088487
B4-Hardware__XGBoost,B5-HardwarePhysics__XGBoost,739,45.15377822411154
B4-Hardware__XGBoost,B5-HardwarePhysics__XGBoost,740,99.00197577777935
B4-Hardware__XGBoost,B5-HardwarePhysics__XGBoost,741,97.89589263730082
B4-Hardware__XGBoost,B5-HardwarePhysics__XGBoost,742,66.08612899431566
B4-Hardware__XGBoost,B5-HardwarePhysics__XGBoost,743,16.945285062122622
B4-Hardware__XGBoost,B5-HardwarePhysics__XGBoost,744,65.49574907705983
B4-Hardware__XGBoost,B5-HardwarePhysics__XGBoost,745,63.87234262783353
B4-Hardware__XGBoost,B5-HardwarePhysics__XGBoost,746,56.80057299425723
B4-Hardware__XGBoost,B5-HardwarePhysics__XGBoost,747,61.77900779130778
B4-Hardware__XGBoost,B5-HardwarePhysics__XGBoost,748,30.968355910810686
B4-Hardware__XGBoost,B5-HardwarePhysics__XGBoost,749,42.86482682988105
B4-Hardware__XGBoost,B5-HardwarePhysics__XGBoost,750,42.31884696019582
B4-Hardware__XGBoost,B5-HardwarePhysics__XGBoost,751,52.576266271882155
B4-Hardware__XGBoost,B5-HardwarePhysics__XGBoost,752,31.06282041479876
B4-Hardware__XGBoost,B5-HardwarePhysics__XGBoost,753,35.42905576351302
B4-Hardware__XGBoost,B5-HardwarePhysics__XGBoost,754,78.1355719684967
B4-Hardware__XGBoost,B5-HardwarePhysics__XGBoost,755,104.26490033522906
B4-Hardware__XGBoost,B5-HardwarePhysics__XGBoost,756,91.15519597619989
B4-Hardware__XGBoost,B5-HardwarePhysics__XGBoost,757,41.44837555550832
B4-Hardware__XGBoost,B5-HardwarePhysics__XGBoost,758,25.16917359349018
B4-Hardware__XGBoost,B5-HardwarePhysics__XGBoost,759,58.48855163728461
B4-Hardware__XGBoost,B5-HardwarePhysics__XGBoost,760,66.3785019683047
B4-Hardware__XGBoost,B5-HardwarePhysics__XGBoost,761,98.64359054991958
B4-Hardware__XGBoost,B5-HardwarePhysics__XGBoost,762,54.80641391206253
B4-Hardware__XGBoost,B5-HardwarePhysics__XGBoost,763,53.30803603969914
B4-Hardware__XGBoost,B5-HardwarePhysics__XGBoost,764,46.99466543608282
B4-Hardware__XGBoost,B5-HardwarePhysics__XGBoost,765,70.83814593969335
B4-Hardware__XGBoost,B5-HardwarePhysics__XGBoost,766,22.06632551564358
B4-Hardware__XGBoost,B5-HardwarePhysics__XGBoost,767,20.83500154857279
B4-Hardware__XGBoost,B5-HardwarePhysics__XGBoost,768,38.812367589942426
B4-Hardware__XGBoost,B5-HardwarePhysics__XGBoost,769,76.54962180071917
B4-Hardware__XGBoost,B5-HardwarePhysics__XGBoost,770,11.734492577703522
B4-Hardware__XGBoost,B5-HardwarePhysics__XGBoost,771,67.35085667666725
B4-Hardware__XGBoost,B5-HardwarePhysics__XGBoost,772,44.28113531433174
B4-Hardware__XGBoost,B5-HardwarePhysics__XGBoost,773,57.34007018291778
B4-Hardware__XGBoost,B5-HardwarePhysics__XGBoost,774,1.3909568153661402
B4-Hardware__XGBoost,B5-HardwarePhysics__XGBoost,775,63.794271228927826
B4-Hardware__XGBoost,B5-HardwarePhysics__XGBoost,776,45.61250342840743
B4-Hardware__XGBoost,B5-HardwarePhysics__XGBoost,777,61.12506102618012
B4-Hardware__XGBoost,B5-HardwarePhysics__XGBoost,778,58.33588088063957
B4-Hardware__XGBoost,B5-HardwarePhysics__XGBoost,779,90.07436017744703
B4-Hardware__XGBoost,B5-HardwarePhysics__XGBoost,780,51.529434356754095
B4-Hardware__XGBoost,B5-HardwarePhysics__XGBoost,781,30.752948535573875
B4-Hardware__XGBoost,B5-HardwarePhysics__XGBoost,782,26.485265662592496
B4-Hardware__XGBoost,B5-HardwarePhysics__XGBoost,783,116.9719058821821
B4-Hardware__XGBoost,B5-HardwarePhysics__XGBoost,784,89.60418217887498
B4-Hardware__XGBoost,B5-HardwarePhysics__XGBoost,785,30.850197599797212
B4-Hardware__XGBoost,B5-HardwarePhysics__XGBoost,786,32.79148683968877
B4-Hardware__XGBoost,B5-HardwarePhysics__XGBoost,787,16.534372914296302
B4-Hardware__XGBoost,B5-HardwarePhysics__XGBoost,788,85.92217741626645
B4-Hardware__XGBoost,B5-HardwarePhysics__XGBoost,789,94.25935977935747
B4-Hardware__XGBoost,B5-HardwarePhysics__XGBoost,790,61.26914264421926
B4-Hardware__XGBoost,B5-HardwarePhysics__XGBoost,791,40.764933276725294
B4-Hardware__XGBoost,B5-HardwarePhysics__XGBoost,792,47.21734764869591
B4-Hardware__XGBoost,B5-HardwarePhysics__XGBoost,793,80.5131266931236
B4-Hardware__XGBoost,B5-HardwarePhysics__XGBoost,794,69.34969717158238
B4-Hardware__XGBoost,B5-HardwarePhysics__XGBoost,795,32.432273436090846
B4-Hardware__XGBoost,B5-HardwarePhysics__XGBoost,796,49.995151466163286
B4-Hardware__XGBoost,B5-HardwarePhysics__XGBoost,797,30.613989379519573
B4-Hardware__XGBoost,B5-HardwarePhysics__XGBoost,798,51.60659802774238
B4-Hardware__XGBoost,B5-HardwarePhysics__XGBoost,799,77.85557367328947
B4-Hardware__XGBoost,B5-HardwarePhysics__XGBoost,800,82.00551973316075
B4-Hardware__XGBoost,B5-HardwarePhysics__XGBoost,801,74.29974186387093
B4-Hardware__XGBoost,B5-HardwarePhysics__XGBoost,802,46.266732105869956
B4-Hardware__XGBoost,B5-HardwarePhysics__XGBoost,803,41.10166939483843
B4-Hardware__XGBoost,B5-HardwarePhysics__XGBoost,804,89.78881587238212
B4-Hardware__XGBoost,B5-HardwarePhysics__XGBoost,805,70.24829078437529
B4-Hardware__XGBoost,B5-HardwarePhysics__XGBoost,806,15.586214946135536
B4-Hardware__XGBoost,B5-HardwarePhysics__XGBoost,807,54.35096216183489
B4-Hardware__XGBoost,B5-HardwarePhysics__XGBoost,808,20.75827318213557
B4-Hardware__XGBoost,B5-HardwarePhysics__XGBoost,809,80.24636091011347
B4-Hardware__XGBoost,B5-HardwarePhysics__XGBoost,810,30.71760785574585
B4-Hardware__XGBoost,B5-HardwarePhysics__XGBoost,811,27.62804943846981
B4-Hardware__XGBoost,B5-HardwarePhysics__XGBoost,812,65.67956837336577
B4-Hardware__XGBoost,B5-HardwarePhysics__XGBoost,813,78.22905347388482
B4-Hardware__XGBoost,B5-HardwarePhysics__XGBoost,814,40.850962840972095
B4-Hardware__XGBoost,B5-HardwarePhysics__XGBoost,815,43.225942231158356
B4-Hardware__XGBoost,B5-HardwarePhysics__XGBoost,816,88.26712509831926
B4-Hardware__XGBoost,B5-HardwarePhysics__XGBoost,817,75.39708324767051
B4-Hardware__XGBoost,B5-HardwarePhysics__XGBoost,818,32.00880020549214
B4-Hardware__XGBoost,B5-HardwarePhysics__XGBoost,819,86.31986772747868
B4-Hardware__XGBoost,B5-HardwarePhysics__XGBoost,820,35.5417968423348
B4-Hardware__XGBoost,B5-HardwarePhysics__XGBoost,821,52.465670585356754
B4-Hardware__XGBoost,B5-HardwarePhysics__XGBoost,822,98.13233698415344
B4-Hardware__XGBoost,B5-HardwarePhysics__XGBoost,823,65.71455915090233
B4-Hardware__XGBoost,B5-HardwarePhysics__XGBoost,824,55.00604530123477
B4-Hardware__XGBoost,B5-HardwarePhysics__XGBoost,825,49.70363158528763
B4-Hardware__XGBoost,B5-HardwarePhysics__XGBoost,826,58.003945447306215
B4-Hardware__XGBoost,B5-HardwarePhysics__XGBoost,827,44.37334973815867
B4-Hardware__XGBoost,B5-HardwarePhysics__XGBoost,828,30.572043312035564
B4-Hardware__XGBoost,B5-HardwarePhysics__XGBoost,829,42.68649275918238
B4-Hardware__XGBoost,B5-HardwarePhysics__XGBoost,830,67.28398936894429
B4-Hardware__XGBoost,B5-HardwarePhysics__XGBoost,831,37.28298332238843
B4-Hardware__XGBoost,B5-HardwarePhysics__XGBoost,832,58.621032832024575
B4-Hardware__XGBoost,B5-HardwarePhysics__XGBoost,833,57.47718069142739
B4-Hardware__XGBoost,B5-HardwarePhysics__XGBoost,834,63.83014216266067
B4-Hardware__XGBoost,B5-HardwarePhysics__XGBoost,835,10.71215244899527
B4-Hardware__XGBoost,B5-HardwarePhysics__XGBoost,836,43.998320711111774
B4-Hardware__XGBoost,B5-HardwarePhysics__XGBoost,837,38.08673139498622
B4-Hardware__XGBoost,B5-HardwarePhysics__XGBoost,838,27.250484428411998
B4-Hardware__XGBoost,B5-HardwarePhysics__XGBoost,839,12.256461466172185
B4-Hardware__XGBoost,B5-HardwarePhysics__XGBoost,840,28.231713558948684
B4-Hardware__XGBoost,B5-HardwarePhysics__XGBoost,841,48.21368907229402
B4-Hardware__XGBoost,B5-HardwarePhysics__XGBoost,842,60.98312011658811
B4-Hardware__XGBoost,B5-HardwarePhysics__XGBoost,843,67.11439832847644
B4-Hardware__XGBoost,B5-HardwarePhysics__XGBoost,844,46.70643832774317
B4-Hardware__XGBoost,B5-HardwarePhysics__XGBoost,845,53.3447222168084
B4-Hardware__XGBoost,B5-HardwarePhysics__XGBoost,846,45.55537129361624
B4-Hardware__XGBoost,B5-HardwarePhysics__XGBoost,847,37.804900826607586
B4-Hardware__XGBoost,B5-HardwarePhysics__XGBoost,848,34.06530792181184
B4-Hardware__XGBoost,B5-HardwarePhysics__XGBoost,849,80.04539184561054
B4-Hardware__XGBoost,B5-HardwarePhysics__XGBoost,850,26.2912916433656
B4-Hardware__XGBoost,B5-HardwarePhysics__XGBoost,851,73.91422346653415
B4-Hardware__XGBoost,B5-HardwarePhysics__XGBoost,852,-0.8805573234713998
B4-Hardware__XGBoost,B5-HardwarePhysics__XGBoost,853,60.06032824320206
B4-Hardware__XGBoost,B5-HardwarePhysics__XGBoost,854,42.66197010991614
B4-Hardware__XGBoost,B5-HardwarePhysics__XGBoost,855,76.38920860209303
B4-Hardware__XGBoost,B5-HardwarePhysics__XGBoost,856,31.71324833673477
B4-Hardware__XGBoost,B5-HardwarePhysics__XGBoost,857,22.266924321959326
B4-Hardware__XGBoost,B5-HardwarePhysics__XGBoost,858,61.66442264459615
B4-Hardware__XGBoost,B5-HardwarePhysics__XGBoost,859,68.41232725536125
B4-Hardware__XGBoost,B5-HardwarePhysics__XGBoost,860,12.636768752379632
B4-Hardware__XGBoost,B5-HardwarePhysics__XGBoost,861,25.10917706797736
B4-Hardware__XGBoost,B5-HardwarePhysics__XGBoost,862,13.832021371989372
B4-Hardware__XGBoost,B5-HardwarePhysics__XGBoost,863,29.327652069713757
B4-Hardware__XGBoost,B5-HardwarePhysics__XGBoost,864,114.48772285400597
B4-Hardware__XGBoost,B5-HardwarePhysics__XGBoost,865,51.423034070939494
B4-Hardware__XGBoost,B5-HardwarePhysics__XGBoost,866,80.11094886124647
B4-Hardware__XGBoost,B5-HardwarePhysics__XGBoost,867,38.30339578478116
B4-Hardware__XGBoost,B5-HardwarePhysics__XGBoost,868,72.95581184280742
B4-Hardware__XGBoost,B5-HardwarePhysics__XGBoost,869,55.415969717973276
B4-Hardware__XGBoost,B5-HardwarePhysics__XGBoost,870,69.08201508396012
B4-Hardware__XGBoost,B5-HardwarePhysics__XGBoost,871,22.737362658485647
B4-Hardware__XGBoost,B5-HardwarePhysics__XGBoost,872,40.600344327091015
B4-Hardware__XGBoost,B5-HardwarePhysics__XGBoost,873,16.906211253562216
B4-Hardware__XGBoost,B5-HardwarePhysics__XGBoost,874,10.077668181148752
B4-Hardware__XGBoost,B5-HardwarePhysics__XGBoost,875,56.309194039040776
B4-Hardware__XGBoost,B5-HardwarePhysics__XGBoost,876,27.70320834608716
B4-Hardware__XGBoost,B5-HardwarePhysics__XGBoost,877,56.09620021350186
B4-Hardware__XGBoost,B5-HardwarePhysics__XGBoost,878,34.02198113762282
B4-Hardware__XGBoost,B5-HardwarePhysics__XGBoost,879,55.437569385250235
B4-Hardware__XGBoost,B5-HardwarePhysics__XGBoost,880,55.75669697891216
B4-Hardware__XGBoost,B5-HardwarePhysics__XGBoost,881,55.75085799202666
B4-Hardware__XGBoost,B5-HardwarePhysics__XGBoost,882,63.7075944558718
B4-Hardware__XGBoost,B5-HardwarePhysics__XGBoost,883,21.882963781760804
B4-Hardware__XGBoost,B5-HardwarePhysics__XGBoost,884,57.78570466494086
B4-Hardware__XGBoost,B5-HardwarePhysics__XGBoost,885,67.79330072243671
B4-Hardware__XGBoost,B5-HardwarePhysics__XGBoost,886,18.877912388782217
B4-Hardware__XGBoost,B5-HardwarePhysics__XGBoost,887,57.6437445497147
B4-Hardware__XGBoost,B5-HardwarePhysics__XGBoost,888,38.92733551845718
B4-Hardware__XGBoost,B5-HardwarePhysics__XGBoost,889,70.43902632548473
B4-Hardware__XGBoost,B5-HardwarePhysics__XGBoost,890,30.230653785914683
B4-Hardware__XGBoost,B5-HardwarePhysics__XGBoost,891,93.13783629908157
B4-Hardware__XGBoost,B5-HardwarePhysics__XGBoost,892,105.87361200616525
B4-Hardware__XGBoost,B5-HardwarePhysics__XGBoost,893,19.094269834443626
B4-Hardware__XGBoost,B5-HardwarePhysics__XGBoost,894,17.900157496211346
B4-Hardware__XGBoost,B5-HardwarePhysics__XGBoost,895,48.03820009450952
B4-Hardware__XGBoost,B5-HardwarePhysics__XGBoost,896,32.30457927992031
B4-Hardware__XGBoost,B5-HardwarePhysics__XGBoost,897,40.65024897394955
B4-Hardware__XGBoost,B5-HardwarePhysics__XGBoost,898,54.26451252165733
B4-Hardware__XGBoost,B5-HardwarePhysics__XGBoost,899,14.836088690805976
B4-Hardware__XGBoost,B5-HardwarePhysics__XGBoost,900,70.70483291291825
B4-Hardware__XGBoost,B5-HardwarePhysics__XGBoost,901,83.14913745730577
B4-Hardware__XGBoost,B5-HardwarePhysics__XGBoost,902,29.174682893698932
B4-Hardware__XGBoost,B5-HardwarePhysics__XGBoost,903,34.03414672468429
B4-Hardware__XGBoost,B5-HardwarePhysics__XGBoost,904,52.74420445564873
B4-Hardware__XGBoost,B5-HardwarePhysics__XGBoost,905,60.36031747537852
B4-Hardware__XGBoost,B5-HardwarePhysics__XGBoost,906,53.11278538550092
B4-Hardware__XGBoost,B5-HardwarePhysics__XGBoost,907,37.70783714752506
B4-Hardware__XGBoost,B5-HardwarePhysics__XGBoost,908,43.67616955903552
B4-Hardware__XGBoost,B5-HardwarePhysics__XGBoost,909,49.94138089739586
B4-Hardware__XGBoost,B5-HardwarePhysics__XGBoost,910,62.699272533917075
B4-Hardware__XGBoost,B5-HardwarePhysics__XGBoost,911,24.325570293542235
B4-Hardware__XGBoost,B5-HardwarePhysics__XGBoost,912,65.0235446193823
B4-Hardware__XGBoost,B5-HardwarePhysics__XGBoost,913,55.52345198855024
B4-Hardware__XGBoost,B5-HardwarePhysics__XGBoost,914,53.12304749490847
B4-Hardware__XGBoost,B5-HardwarePhysics__XGBoost,915,55.5159118416284
B4-Hardware__XGBoost,B5-HardwarePhysics__XGBoost,916,49.46236371313296
B4-Hardware__XGBoost,B5-HardwarePhysics__XGBoost,917,49.81482923479642
B4-Hardware__XGBoost,B5-HardwarePhysics__XGBoost,918,46.062689298243335
B4-Hardware__XGBoost,B5-HardwarePhysics__XGBoost,919,20.81182244437988
B4-Hardware__XGBoost,B5-HardwarePhysics__XGBoost,920,72.28439420826892
B4-Hardware__XGBoost,B5-HardwarePhysics__XGBoost,921,53.199718915673024
B4-Hardware__XGBoost,B5-HardwarePhysics__XGBoost,922,34.08366413643908
B4-Hardware__XGBoost,B5-HardwarePhysics__XGBoost,923,40.24800718838628
B4-Hardware__XGBoost,B5-HardwarePhysics__XGBoost,924,112.17934864098382
B4-Hardware__XGBoost,B5-HardwarePhysics__XGBoost,925,66.86303230475959
B4-Hardware__XGBoost,B5-HardwarePhysics__XGBoost,926,93.28499317220529
B4-Hardware__XGBoost,B5-HardwarePhysics__XGBoost,927,29.735079793338087
B4-Hardware__XGBoost,B5-HardwarePhysics__XGBoost,928,19.995079138503513
B4-Hardware__XGBoost,B5-HardwarePhysics__XGBoost,929,123.223219982745
B4-Hardware__XGBoost,B5-HardwarePhysics__XGBoost,930,6.112742807477653
B4-Hardware__XGBoost,B5-HardwarePhysics__XGBoost,931,51.29645073276286
B4-Hardware__XGBoost,B5-HardwarePhysics__XGBoost,932,86.12132011702589
B4-Hardware__XGBoost,B5-HardwarePhysics__XGBoost,933,68.8963031954225
B4-Hardware__XGBoost,B5-HardwarePhysics__XGBoost,934,4.763900236059404
B4-Hardware__XGBoost,B5-HardwarePhysics__XGBoost,935,67.49717863019885
B4-Hardware__XGBoost,B5-HardwarePhysics__XGBoost,936,20.460673719134086
B4-Hardware__XGBoost,B5-HardwarePhysics__XGBoost,937,64.57877862046284
B4-Hardware__XGBoost,B5-HardwarePhysics__XGBoost,938,82.08421723029811
B4-Hardware__XGBoost,B5-HardwarePhysics__XGBoost,939,66.89459419372558
B4-Hardware__XGBoost,B5-HardwarePhysics__XGBoost,940,52.28217999391692
B4-Hardware__XGBoost,B5-HardwarePhysics__XGBoost,941,48.64991075049186
B4-Hardware__XGBoost,B5-HardwarePhysics__XGBoost,942,73.53608617753221
B4-Hardware__XGBoost,B5-HardwarePhysics__XGBoost,943,51.72556845331951
B4-Hardware__XGBoost,B5-HardwarePhysics__XGBoost,944,29.5482457017326
B4-Hardware__XGBoost,B5-HardwarePhysics__XGBoost,945,80.97961610294487
B4-Hardware__XGBoost,B5-HardwarePhysics__XGBoost,946,35.869397483898766
B4-Hardware__XGBoost,B5-HardwarePhysics__XGBoost,947,59.01453152342425
B4-Hardware__XGBoost,B5-HardwarePhysics__XGBoost,948,40.021096185780536
B4-Hardware__XGBoost,B5-HardwarePhysics__XGBoost,949,42.91346088267833
B4-Hardware__XGBoost,B5-HardwarePhysics__XGBoost,950,32.88827682048265
B4-Hardware__XGBoost,B5-HardwarePhysics__XGBoost,951,18.79576168706908
B4-Hardware__XGBoost,B5-HardwarePhysics__XGBoost,952,34.18516890419523
B4-Hardware__XGBoost,B5-HardwarePhysics__XGBoost,953,16.38324512782169
B4-Hardware__XGBoost,B5-HardwarePhysics__XGBoost,954,25.725328937227548
B4-Hardware__XGBoost,B5-HardwarePhysics__XGBoost,955,-7.050055969521494
B4-Hardware__XGBoost,B5-HardwarePhysics__XGBoost,956,23.78762425822513
B4-Hardware__XGBoost,B5-HardwarePhysics__XGBoost,957,23.546036318567555
B4-Hardware__XGBoost,B5-HardwarePhysics__XGBoost,958,53.54408126824029
B4-Hardware__XGBoost,B5-HardwarePhysics__XGBoost,959,89.32557856673448
B4-Hardware__XGBoost,B5-HardwarePhysics__XGBoost,960,60.29313667342917
B4-Hardware__XGBoost,B5-HardwarePhysics__XGBoost,961,104.46910506083898
B4-Hardware__XGBoost,B5-HardwarePhysics__XGBoost,962,30.11682890472748
B4-Hardware__XGBoost,B5-HardwarePhysics__XGBoost,963,35.00847445473105
B4-Hardware__XGBoost,B5-HardwarePhysics__XGBoost,964,79.86094377749994
B4-Hardware__XGBoost,B5-HardwarePhysics__XGBoost,965,64.12188701498856
B4-Hardware__XGBoost,B5-HardwarePhysics__XGBoost,966,68.60013119950464
B4-Hardware__XGBoost,B5-HardwarePhysics__XGBoost,967,54.134467745272374
B4-Hardware__XGBoost,B5-HardwarePhysics__XGBoost,968,121.69460099014213
B4-Hardware__XGBoost,B5-HardwarePhysics__XGBoost,969,56.51885541684815
B4-Hardware__XGBoost,B5-HardwarePhysics__XGBoost,970,20.982687740247286
B4-Hardware__XGBoost,B5-HardwarePhysics__XGBoost,971,111.24091490485975
B4-Hardware__XGBoost,B5-HardwarePhysics__XGBoost,972,10.599282540024822
B4-Hardware__XGBoost,B5-HardwarePhysics__XGBoost,973,64.84255766241505
B4-Hardware__XGBoost,B5-HardwarePhysics__XGBoost,974,47.29272258667954
B4-Hardware__XGBoost,B5-HardwarePhysics__XGBoost,975,83.32362996720177
B4-Hardware__XGBoost,B5-HardwarePhysics__XGBoost,976,65.33172054686328
B4-Hardware__XGBoost,B5-HardwarePhysics__XGBoost,977,28.342504221111874
B4-Hardware__XGBoost,B5-HardwarePhysics__XGBoost,978,87.6549467153947
B4-Hardware__XGBoost,B5-HardwarePhysics__XGBoost,979,42.56276503656664
B4-Hardware__XGBoost,B5-HardwarePhysics__XGBoost,980,48.664252143350545
B4-Hardware__XGBoost,B5-HardwarePhysics__XGBoost,981,45.91660561465978
B4-Hardware__XGBoost,B5-HardwarePhysics__XGBoost,982,29.536646487109984
B4-Hardware__XGBoost,B5-HardwarePhysics__XGBoost,983,43.17092181812312
B4-Hardware__XGBoost,B5-HardwarePhysics__XGBoost,984,103.77107159967579
B4-Hardware__XGBoost,B5-HardwarePhysics__XGBoost,985,21.383399068218573
B4-Hardware__XGBoost,B5-HardwarePhysics__XGBoost,986,58.465947232333015
B4-Hardware__XGBoost,B5-HardwarePhysics__XGBoost,987,48.793307861310204
B4-Hardware__XGBoost,B5-HardwarePhysics__XGBoost,988,51.09103018263442
B4-Hardware__XGBoost,B5-HardwarePhysics__XGBoost,989,70.26875814092736
B4-Hardware__XGBoost,B5-HardwarePhysics__XGBoost,990,51.037003337517326
B4-Hardware__XGBoost,B5-HardwarePhysics__XGBoost,991,22.122041402000352
B4-Hardware__XGBoost,B5-HardwarePhysics__XGBoost,992,51.448745249241206
B4-Hardware__XGBoost,B5-HardwarePhysics__XGBoost,993,28.502353812255354
B4-Hardware__XGBoost,B5-HardwarePhysics__XGBoost,994,58.20588038932912
B4-Hardware__XGBoost,B5-HardwarePhysics__XGBoost,995,60.70776219309139
B4-Hardware__XGBoost,B5-HardwarePhysics__XGBoost,996,46.7370663584332
B4-Hardware__XGBoost,B5-HardwarePhysics__XGBoost,997,22.13464019858393
B4-Hardware__XGBoost,B5-HardwarePhysics__XGBoost,998,77.69029110046593
B4-Hardware__XGBoost,B5-HardwarePhysics__XGBoost,999,46.864831845859555
B5-HardwarePhysics__XGBoost,B5-HardwarePhysics-NoLabel__XGBoost,0,2.752353395041708
B5-HardwarePhysics__XGBoost,B5-HardwarePhysics-NoLabel__XGBoost,1,1.7881644529270229
B5-HardwarePhysics__XGBoost,B5-HardwarePhysics-NoLabel__XGBoost,2,-2.6191112096363334
B5-HardwarePhysics__XGBoost,B5-HardwarePhysics-NoLabel__XGBoost,3,-11.635824624254306
B5-HardwarePhysics__XGBoost,B5-HardwarePhysics-NoLabel__XGBoost,4,4.847070063542768
B5-HardwarePhysics__XGBoost,B5-HardwarePhysics-NoLabel__XGBoost,5,0.41405937845394597
B5-HardwarePhysics__XGBoost,B5-HardwarePhysics-NoLabel__XGBoost,6,-21.803335186343677
B5-HardwarePhysics__XGBoost,B5-HardwarePhysics-NoLabel__XGBoost,7,-2.8634814522236076
B5-HardwarePhysics__XGBoost,B5-HardwarePhysics-NoLabel__XGBoost,8,-5.57505682836554
B5-HardwarePhysics__XGBoost,B5-HardwarePhysics-NoLabel__XGBoost,9,-0.5987098290104298
B5-HardwarePhysics__XGBoost,B5-HardwarePhysics-NoLabel__XGBoost,10,1.974034025348131
B5-HardwarePhysics__XGBoost,B5-HardwarePhysics-NoLabel__XGBoost,11,-28.956922026190316
B5-HardwarePhysics__XGBoost,B5-HardwarePhysics-NoLabel__XGBoost,12,-1.0534318456470828
B5-HardwarePhysics__XGBoost,B5-HardwarePhysics-NoLabel__XGBoost,13,-9.818182755338315
B5-HardwarePhysics__XGBoost,B5-HardwarePhysics-NoLabel__XGBoost,14,-14.089707403642434
B5-HardwarePhysics__XGBoost,B5-HardwarePhysics-NoLabel__XGBoost,15,-17.440344885450546
B5-HardwarePhysics__XGBoost,B5-HardwarePhysics-NoLabel__XGBoost,16,4.694766891641217
B5-HardwarePhysics__XGBoost,B5-HardwarePhysics-NoLabel__XGBoost,17,-18.331192223318737
B5-HardwarePhysics__XGBoost,B5-HardwarePhysics-NoLabel__XGBoost,18,3.8232918541814103
B5-HardwarePhysics__XGBoost,B5-HardwarePhysics-NoLabel__XGBoost,19,5.637852887331199
B5-HardwarePhysics__XGBoost,B5-HardwarePhysics-NoLabel__XGBoost,20,0.5533166424813446
B5-HardwarePhysics__XGBoost,B5-HardwarePhysics-NoLabel__XGBoost,21,-2.459833477820297
B5-HardwarePhysics__XGBoost,B5-HardwarePhysics-NoLabel__XGBoost,22,5.229092524868739
B5-HardwarePhysics__XGBoost,B5-HardwarePhysics-NoLabel__XGBoost,23,-24.141869587216046
B5-HardwarePhysics__XGBoost,B5-HardwarePhysics-NoLabel__XGBoost,24,5.532474149754719
B5-HardwarePhysics__XGBoost,B5-HardwarePhysics-NoLabel__XGBoost,25,11.318284416820847
B5-HardwarePhysics__XGBoost,B5-HardwarePhysics-NoLabel__XGBoost,26,4.265956117826788
B5-HardwarePhysics__XGBoost,B5-HardwarePhysics-NoLabel__XGBoost,27,-36.992531429384016
B5-HardwarePhysics__XGBoost,B5-HardwarePhysics-NoLabel__XGBoost,28,-8.135528376791045
B5-HardwarePhysics__XGBoost,B5-HardwarePhysics-NoLabel__XGBoost,29,-3.425633583668126
B5-HardwarePhysics__XGBoost,B5-HardwarePhysics-NoLabel__XGBoost,30,-16.2889845404874
B5-HardwarePhysics__XGBoost,B5-HardwarePhysics-NoLabel__XGBoost,31,-36.292992838217394
B5-HardwarePhysics__XGBoost,B5-HardwarePhysics-NoLabel__XGBoost,32,1.05723099356825
B5-HardwarePhysics__XGBoost,B5-HardwarePhysics-NoLabel__XGBoost,33,-5.260234340894109
B5-HardwarePhysics__XGBoost,B5-HardwarePhysics-NoLabel__XGBoost,34,-7.797781374712413
B5-HardwarePhysics__XGBoost,B5-HardwarePhysics-NoLabel__XGBoost,35,-2.6722370857118847
B5-HardwarePhysics__XGBoost,B5-HardwarePhysics-NoLabel__XGBoost,36,-2.0612531970183943
B5-HardwarePhysics__XGBoost,B5-HardwarePhysics-NoLabel__XGBoost,37,3.297947707010294
B5-HardwarePhysics__XGBoost,B5-HardwarePhysics-NoLabel__XGBoost,38,0.12490296448679164
B5-HardwarePhysics__XGBoost,B5-HardwarePhysics-NoLabel__XGBoost,39,-5.540119648397444
B5-HardwarePhysics__XGBoost,B5-HardwarePhysics-NoLabel__XGBoost,40,9.804024172790838
B5-HardwarePhysics__XGBoost,B5-HardwarePhysics-NoLabel__XGBoost,41,-5.844154225697021
B5-HardwarePhysics__XGBoost,B5-HardwarePhysics-NoLabel__XGBoost,42,5.987631811058283
B5-HardwarePhysics__XGBoost,B5-HardwarePhysics-NoLabel__XGBoost,43,3.377306370485226
B5-HardwarePhysics__XGBoost,B5-HardwarePhysics-NoLabel__XGBoost,44,1.4151234776574573
B5-HardwarePhysics__XGBoost,B5-HardwarePhysics-NoLabel__XGBoost,45,-13.915753343931547
B5-HardwarePhysics__XGBoost,B5-HardwarePhysics-NoLabel__XGBoost,46,1.6136132157086902
B5-HardwarePhysics__XGBoost,B5-HardwarePhysics-NoLabel__XGBoost,47,1.4631065654997049
B5-HardwarePhysics__XGBoost,B5-HardwarePhysics-NoLabel__XGBoost,48,-12.834845243852559
B5-HardwarePhysics__XGBoost,B5-HardwarePhysics-NoLabel__XGBoost,49,-16.291046821196566
B5-HardwarePhysics__XGBoost,B5-HardwarePhysics-NoLabel__XGBoost,50,-2.1117153742880674
B5-HardwarePhysics__XGBoost,B5-HardwarePhysics-NoLabel__XGBoost,51,-2.95273882701022
B5-HardwarePhysics__XGBoost,B5-HardwarePhysics-NoLabel__XGBoost,52,3.544777326126613
B5-HardwarePhysics__XGBoost,B5-HardwarePhysics-NoLabel__XGBoost,53,-15.033881996412925
B5-HardwarePhysics__XGBoost,B5-HardwarePhysics-NoLabel__XGBoost,54,-18.303038938880416
B5-HardwarePhysics__XGBoost,B5-HardwarePhysics-NoLabel__XGBoost,55,-0.7492164792194157
B5-HardwarePhysics__XGBoost,B5-HardwarePhysics-NoLabel__XGBoost,56,0.8626395484966339
B5-HardwarePhysics__XGBoost,B5-HardwarePhysics-NoLabel__XGBoost,57,-13.089838079792713
B5-HardwarePhysics__XGBoost,B5-HardwarePhysics-NoLabel__XGBoost,58,4.268214115529086
B5-HardwarePhysics__XGBoost,B5-HardwarePhysics-NoLabel__XGBoost,59,7.059393108261888
B5-HardwarePhysics__XGBoost,B5-HardwarePhysics-NoLabel__XGBoost,60,-14.997314396424128
B5-HardwarePhysics__XGBoost,B5-HardwarePhysics-NoLabel__XGBoost,61,6.2810737385683115
B5-HardwarePhysics__XGBoost,B5-HardwarePhysics-NoLabel__XGBoost,62,4.721099091674127
B5-HardwarePhysics__XGBoost,B5-HardwarePhysics-NoLabel__XGBoost,63,-11.705688296914724
B5-HardwarePhysics__XGBoost,B5-HardwarePhysics-NoLabel__XGBoost,64,2.2300855148054604
B5-HardwarePhysics__XGBoost,B5-HardwarePhysics-NoLabel__XGBoost,65,-9.206466835930746
B5-HardwarePhysics__XGBoost,B5-HardwarePhysics-NoLabel__XGBoost,66,-21.28959721857699
B5-HardwarePhysics__XGBoost,B5-HardwarePhysics-NoLabel__XGBoost,67,-10.033385727261573
B5-HardwarePhysics__XGBoost,B5-HardwarePhysics-NoLabel__XGBoost,68,-14.870089054045179
B5-HardwarePhysics__XGBoost,B5-HardwarePhysics-NoLabel__XGBoost,69,-1.6749366168658446
B5-HardwarePhysics__XGBoost,B5-HardwarePhysics-NoLabel__XGBoost,70,9.66476690876344
B5-HardwarePhysics__XGBoost,B5-HardwarePhysics-NoLabel__XGBoost,71,-7.486421562719953
B5-HardwarePhysics__XGBoost,B5-HardwarePhysics-NoLabel__XGBoost,72,-3.8851264512481944
B5-HardwarePhysics__XGBoost,B5-HardwarePhysics-NoLabel__XGBoost,73,-2.937244229882797
B5-HardwarePhysics__XGBoost,B5-HardwarePhysics-NoLabel__XGBoost,74,-18.330189408145902
B5-HardwarePhysics__XGBoost,B5-HardwarePhysics-NoLabel__XGBoost,75,-1.83320084623327
B5-HardwarePhysics__XGBoost,B5-HardwarePhysics-NoLabel__XGBoost,76,-6.71255299622196
B5-HardwarePhysics__XGBoost,B5-HardwarePhysics-NoLabel__XGBoost,77,-3.7480023975575665
B5-HardwarePhysics__XGBoost,B5-HardwarePhysics-NoLabel__XGBoost,78,1.5652437193223403
B5-HardwarePhysics__XGBoost,B5-HardwarePhysics-NoLabel__XGBoost,79,-4.729361480722675
B5-HardwarePhysics__XGBoost,B5-HardwarePhysics-NoLabel__XGBoost,80,-14.05558849290691
B5-HardwarePhysics__XGBoost,B5-HardwarePhysics-NoLabel__XGBoost,81,-13.76320978774539
B5-HardwarePhysics__XGBoost,B5-HardwarePhysics-NoLabel__XGBoost,82,-4.97294951608515
B5-HardwarePhysics__XGBoost,B5-HardwarePhysics-NoLabel__XGBoost,83,7.026954310280695
B5-HardwarePhysics__XGBoost,B5-HardwarePhysics-NoLabel__XGBoost,84,-5.164831362701355
B5-HardwarePhysics__XGBoost,B5-HardwarePhysics-NoLabel__XGBoost,85,5.488002973514251
B5-HardwarePhysics__XGBoost,B5-HardwarePhysics-NoLabel__XGBoost,86,1.1352381701541217
B5-HardwarePhysics__XGBoost,B5-HardwarePhysics-NoLabel__XGBoost,87,-1.9783436164838244
B5-HardwarePhysics__XGBoost,B5-HardwarePhysics-NoLabel__XGBoost,88,-3.8286134509363907
B5-HardwarePhysics__XGBoost,B5-HardwarePhysics-NoLabel__XGBoost,89,-1.642497818884652
B5-HardwarePhysics__XGBoost,B5-HardwarePhysics-NoLabel__XGBoost,90,5.138870883756323
B5-HardwarePhysics__XGBoost,B5-HardwarePhysics-NoLabel__XGBoost,91,-17.850329966830127
B5-HardwarePhysics__XGBoost,B5-HardwarePhysics-NoLabel__XGBoost,92,0.8349074374710109
B5-HardwarePhysics__XGBoost,B5-HardwarePhysics-NoLabel__XGBoost,93,-2.488779656759187
B5-HardwarePhysics__XGBoost,B5-HardwarePhysics-NoLabel__XGBoost,94,2.4148274846882036
B5-HardwarePhysics__XGBoost,B5-HardwarePhysics-NoLabel__XGBoost,95,-6.703395506070806
B5-HardwarePhysics__XGBoost,B5-HardwarePhysics-NoLabel__XGBoost,96,-0.8405099479640441
B5-HardwarePhysics__XGBoost,B5-HardwarePhysics-NoLabel__XGBoost,97,-11.220570470446566
B5-HardwarePhysics__XGBoost,B5-HardwarePhysics-NoLabel__XGBoost,98,-23.272276041337317
B5-HardwarePhysics__XGBoost,B5-HardwarePhysics-NoLabel__XGBoost,99,-5.31737491888751
B5-HardwarePhysics__XGBoost,B5-HardwarePhysics-NoLabel__XGBoost,100,-14.479923088793756
B5-HardwarePhysics__XGBoost,B5-HardwarePhysics-NoLabel__XGBoost,101,-3.8783425557184166
B5-HardwarePhysics__XGBoost,B5-HardwarePhysics-NoLabel__XGBoost,102,4.9677527066956975
B5-HardwarePhysics__XGBoost,B5-HardwarePhysics-NoLabel__XGBoost,103,-1.4095323768750556
B5-HardwarePhysics__XGBoost,B5-HardwarePhysics-NoLabel__XGBoost,104,3.916177194099705
B5-HardwarePhysics__XGBoost,B5-HardwarePhysics-NoLabel__XGBoost,105,-1.6108022226704009
B5-HardwarePhysics__XGBoost,B5-HardwarePhysics-NoLabel__XGBoost,106,2.3652139768252556
B5-HardwarePhysics__XGBoost,B5-HardwarePhysics-NoLabel__XGBoost,107,-9.393079610118795
B5-HardwarePhysics__XGBoost,B5-HardwarePhysics-NoLabel__XGBoost,108,-11.70626618186269
B5-HardwarePhysics__XGBoost,B5-HardwarePhysics-NoLabel__XGBoost,109,-3.6551124888079407
B5-HardwarePhysics__XGBoost,B5-HardwarePhysics-NoLabel__XGBoost,110,-12.402968890379034
B5-HardwarePhysics__XGBoost,B5-HardwarePhysics-NoLabel__XGBoost,111,-16.982557505356805
B5-HardwarePhysics__XGBoost,B5-HardwarePhysics-NoLabel__XGBoost,112,-23.69694732586837
B5-HardwarePhysics__XGBoost,B5-HardwarePhysics-NoLabel__XGBoost,113,-22.874273645483377
B5-HardwarePhysics__XGBoost,B5-HardwarePhysics-NoLabel__XGBoost,114,6.21833925536558
B5-HardwarePhysics__XGBoost,B5-HardwarePhysics-NoLabel__XGBoost,115,-11.626667134103153
B5-HardwarePhysics__XGBoost,B5-HardwarePhysics-NoLabel__XGBoost,116,6.207310960909122
B5-HardwarePhysics__XGBoost,B5-HardwarePhysics-NoLabel__XGBoost,117,-4.356331192728883
B5-HardwarePhysics__XGBoost,B5-HardwarePhysics-NoLabel__XGBoost,118,-8.58657652864648
B5-HardwarePhysics__XGBoost,B5-HardwarePhysics-NoLabel__XGBoost,119,-6.365869595717302
B5-HardwarePhysics__XGBoost,B5-HardwarePhysics-NoLabel__XGBoost,120,5.949046597651795
B5-HardwarePhysics__XGBoost,B5-HardwarePhysics-NoLabel__XGBoost,121,-4.364861105198439
B5-HardwarePhysics__XGBoost,B5-HardwarePhysics-NoLabel__XGBoost,122,1.7890516711807827
B5-HardwarePhysics__XGBoost,B5-HardwarePhysics-NoLabel__XGBoost,123,-28.453153699362908
B5-HardwarePhysics__XGBoost,B5-HardwarePhysics-NoLabel__XGBoost,124,-16.62934633349117
B5-HardwarePhysics__XGBoost,B5-HardwarePhysics-NoLabel__XGBoost,125,-1.9109676385345367
B5-HardwarePhysics__XGBoost,B5-HardwarePhysics-NoLabel__XGBoost,126,-4.805894948823117
B5-HardwarePhysics__XGBoost,B5-HardwarePhysics-NoLabel__XGBoost,127,-27.792451393163162
B5-HardwarePhysics__XGBoost,B5-HardwarePhysics-NoLabel__XGBoost,128,-13.42510599244392
B5-HardwarePhysics__XGBoost,B5-HardwarePhysics-NoLabel__XGBoost,129,-8.181493851215597
B5-HardwarePhysics__XGBoost,B5-HardwarePhysics-NoLabel__XGBoost,130,0.40341749254159
B5-HardwarePhysics__XGBoost,B5-HardwarePhysics-NoLabel__XGBoost,131,4.0193025028052185
B5-HardwarePhysics__XGBoost,B5-HardwarePhysics-NoLabel__XGBoost,132,-12.043792092216194
B5-HardwarePhysics__XGBoost,B5-HardwarePhysics-NoLabel__XGBoost,133,-7.425558668675419
B5-HardwarePhysics__XGBoost,B5-HardwarePhysics-NoLabel__XGBoost,134,-7.620972139791782
B5-HardwarePhysics__XGBoost,B5-HardwarePhysics-NoLabel__XGBoost,135,-12.902597727923068
B5-HardwarePhysics__XGBoost,B5-HardwarePhysics-NoLabel__XGBoost,136,-16.67507142363112
B5-HardwarePhysics__XGBoost,B5-HardwarePhysics-NoLabel__XGBoost,137,4.58166582355198
B5-HardwarePhysics__XGBoost,B5-HardwarePhysics-NoLabel__XGBoost,138,-10.105904493444166
B5-HardwarePhysics__XGBoost,B5-HardwarePhysics-NoLabel__XGBoost,139,-24.326851941383392
B5-HardwarePhysics__XGBoost,B5-HardwarePhysics-NoLabel__XGBoost,140,0.6607129934755166
B5-HardwarePhysics__XGBoost,B5-HardwarePhysics-NoLabel__XGBoost,141,-23.01127291180848
B5-HardwarePhysics__XGBoost,B5-HardwarePhysics-NoLabel__XGBoost,142,-13.520279273627844
B5-HardwarePhysics__XGBoost,B5-HardwarePhysics-NoLabel__XGBoost,143,3.054129974638987
B5-HardwarePhysics__XGBoost,B5-HardwarePhysics-NoLabel__XGBoost,144,-3.692307666478334
B5-HardwarePhysics__XGBoost,B5-HardwarePhysics-NoLabel__XGBoost,145,-10.337806713105252
B5-HardwarePhysics__XGBoost,B5-HardwarePhysics-NoLabel__XGBoost,146,7.607245417932773
B5-HardwarePhysics__XGBoost,B5-HardwarePhysics-NoLabel__XGBoost,147,-1.7625528843559846
B5-HardwarePhysics__XGBoost,B5-HardwarePhysics-NoLabel__XGBoost,148,-4.762427856385465
B5-HardwarePhysics__XGBoost,B5-HardwarePhysics-NoLabel__XGBoost,149,4.429122267365824
B5-HardwarePhysics__XGBoost,B5-HardwarePhysics-NoLabel__XGBoost,150,-20.23420304929834
B5-HardwarePhysics__XGBoost,B5-HardwarePhysics-NoLabel__XGBoost,151,-30.083002706193287
B5-HardwarePhysics__XGBoost,B5-HardwarePhysics-NoLabel__XGBoost,152,4.79908697570052
B5-HardwarePhysics__XGBoost,B5-HardwarePhysics-NoLabel__XGBoost,153,-6.566396239745706
B5-HardwarePhysics__XGBoost,B5-HardwarePhysics-NoLabel__XGBoost,154,-4.525769257035177
B5-HardwarePhysics__XGBoost,B5-HardwarePhysics-NoLabel__XGBoost,155,6.9511739192038124
B5-HardwarePhysics__XGBoost,B5-HardwarePhysics-NoLabel__XGBoost,156,-3.536687843357309
B5-HardwarePhysics__XGBoost,B5-HardwarePhysics-NoLabel__XGBoost,157,1.0306777018102136
B5-HardwarePhysics__XGBoost,B5-HardwarePhysics-NoLabel__XGBoost,158,2.158977830668445
B5-HardwarePhysics__XGBoost,B5-HardwarePhysics-NoLabel__XGBoost,159,0.7554351576834141
B5-HardwarePhysics__XGBoost,B5-HardwarePhysics-NoLabel__XGBoost,160,1.3947569039217542
B5-HardwarePhysics__XGBoost,B5-HardwarePhysics-NoLabel__XGBoost,161,0.9490118045101755
B5-HardwarePhysics__XGBoost,B5-HardwarePhysics-NoLabel__XGBoost,162,-1.1925083205463913
B5-HardwarePhysics__XGBoost,B5-HardwarePhysics-NoLabel__XGBoost,163,-1.098338666554461
B5-HardwarePhysics__XGBoost,B5-HardwarePhysics-NoLabel__XGBoost,164,2.8689072361870336
B5-HardwarePhysics__XGBoost,B5-HardwarePhysics-NoLabel__XGBoost,165,-6.241916237266354
B5-HardwarePhysics__XGBoost,B5-HardwarePhysics-NoLabel__XGBoost,166,2.5543251330002077
B5-HardwarePhysics__XGBoost,B5-HardwarePhysics-NoLabel__XGBoost,167,5.9335528125435255
B5-HardwarePhysics__XGBoost,B5-HardwarePhysics-NoLabel__XGBoost,168,1.8493878970065734
B5-HardwarePhysics__XGBoost,B5-HardwarePhysics-NoLabel__XGBoost,169,-2.795488583868495
B5-HardwarePhysics__XGBoost,B5-HardwarePhysics-NoLabel__XGBoost,170,6.302454298529715
B5-HardwarePhysics__XGBoost,B5-HardwarePhysics-NoLabel__XGBoost,171,7.512920349544751
B5-HardwarePhysics__XGBoost,B5-HardwarePhysics-NoLabel__XGBoost,172,-1.491825067003802
B5-HardwarePhysics__XGBoost,B5-HardwarePhysics-NoLabel__XGBoost,173,-8.082016575948481
B5-HardwarePhysics__XGBoost,B5-HardwarePhysics-NoLabel__XGBoost,174,-6.218007351754717
B5-HardwarePhysics__XGBoost,B5-HardwarePhysics-NoLabel__XGBoost,175,-2.01328079645192
B5-HardwarePhysics__XGBoost,B5-HardwarePhysics-NoLabel__XGBoost,176,-9.243034435919542
B5-HardwarePhysics__XGBoost,B5-HardwarePhysics-NoLabel__XGBoost,177,4.520572447645724
B5-HardwarePhysics__XGBoost,B5-HardwarePhysics-NoLabel__XGBoost,178,3.229954838655182
B5-HardwarePhysics__XGBoost,B5-HardwarePhysics-NoLabel__XGBoost,179,-7.2859446114251805
B5-HardwarePhysics__XGBoost,B5-HardwarePhysics-NoLabel__XGBoost,180,-5.158172254537105
B5-HardwarePhysics__XGBoost,B5-HardwarePhysics-NoLabel__XGBoost,181,2.755429661976577
B5-HardwarePhysics__XGBoost,B5-HardwarePhysics-NoLabel__XGBoost,182,6.650215608839106
B5-HardwarePhysics__XGBoost,B5-HardwarePhysics-NoLabel__XGBoost,183,4.160817764534914
B5-HardwarePhysics__XGBoost,B5-HardwarePhysics-NoLabel__XGBoost,184,-8.90080183861047
B5-HardwarePhysics__XGBoost,B5-HardwarePhysics-NoLabel__XGBoost,185,-6.751378593913054
B5-HardwarePhysics__XGBoost,B5-HardwarePhysics-NoLabel__XGBoost,186,0.9358916140232826
B5-HardwarePhysics__XGBoost,B5-HardwarePhysics-NoLabel__XGBoost,187,1.7502260734896886
B5-HardwarePhysics__XGBoost,B5-HardwarePhysics-NoLabel__XGBoost,188,-22.40544249862407
B5-HardwarePhysics__XGBoost,B5-HardwarePhysics-NoLabel__XGBoost,189,-11.553144740728568
B5-HardwarePhysics__XGBoost,B5-HardwarePhysics-NoLabel__XGBoost,190,-24.4867161634311
B5-HardwarePhysics__XGBoost,B5-HardwarePhysics-NoLabel__XGBoost,191,-22.081849714398476
B5-HardwarePhysics__XGBoost,B5-HardwarePhysics-NoLabel__XGBoost,192,-14.417023288772052
B5-HardwarePhysics__XGBoost,B5-HardwarePhysics-NoLabel__XGBoost,193,-7.036857806625719
B5-HardwarePhysics__XGBoost,B5-HardwarePhysics-NoLabel__XGBoost,194,-5.1912279429241215
B5-HardwarePhysics__XGBoost,B5-HardwarePhysics-NoLabel__XGBoost,195,-13.871669361088067
B5-HardwarePhysics__XGBoost,B5-HardwarePhysics-NoLabel__XGBoost,196,-15.228021840731426
B5-HardwarePhysics__XGBoost,B5-HardwarePhysics-NoLabel__XGBoost,197,-28.221829364649782
B5-HardwarePhysics__XGBoost,B5-HardwarePhysics-NoLabel__XGBoost,198,1.0908838594627102
B5-HardwarePhysics__XGBoost,B5-HardwarePhysics-NoLabel__XGBoost,199,-13.427941875094183
B5-HardwarePhysics__XGBoost,B5-HardwarePhysics-NoLabel__XGBoost,200,-1.125567987264014
B5-HardwarePhysics__XGBoost,B5-HardwarePhysics-NoLabel__XGBoost,201,-13.950450139615038
B5-HardwarePhysics__XGBoost,B5-HardwarePhysics-NoLabel__XGBoost,202,-5.285514005854283
B5-HardwarePhysics__XGBoost,B5-HardwarePhysics-NoLabel__XGBoost,203,-2.5261959261547076
B5-HardwarePhysics__XGBoost,B5-HardwarePhysics-NoLabel__XGBoost,204,-6.82383776493913
B5-HardwarePhysics__XGBoost,B5-HardwarePhysics-NoLabel__XGBoost,205,-14.206501629072365
B5-HardwarePhysics__XGBoost,B5-HardwarePhysics-NoLabel__XGBoost,206,1.7740598915356947
B5-HardwarePhysics__XGBoost,B5-HardwarePhysics-NoLabel__XGBoost,207,-25.469295180479993
B5-HardwarePhysics__XGBoost,B5-HardwarePhysics-NoLabel__XGBoost,208,-2.1200992624981256
B5-HardwarePhysics__XGBoost,B5-HardwarePhysics-NoLabel__XGBoost,209,-12.125101196293391
B5-HardwarePhysics__XGBoost,B5-HardwarePhysics-NoLabel__XGBoost,210,-11.010435219290988
B5-HardwarePhysics__XGBoost,B5-HardwarePhysics-NoLabel__XGBoost,211,-15.210259370645085
B5-HardwarePhysics__XGBoost,B5-HardwarePhysics-NoLabel__XGBoost,212,-4.842849742208906
B5-HardwarePhysics__XGBoost,B5-HardwarePhysics-NoLabel__XGBoost,213,-19.382120901945573
B5-HardwarePhysics__XGBoost,B5-HardwarePhysics-NoLabel__XGBoost,214,2.3254241128083586
B5-HardwarePhysics__XGBoost,B5-HardwarePhysics-NoLabel__XGBoost,215,-4.4039270871741385
B5-HardwarePhysics__XGBoost,B5-HardwarePhysics-NoLabel__XGBoost,216,-8.92658152842741
B5-HardwarePhysics__XGBoost,B5-HardwarePhysics-NoLabel__XGBoost,217,5.490482062941679
B5-HardwarePhysics__XGBoost,B5-HardwarePhysics-NoLabel__XGBoost,218,4.672875619547274
B5-HardwarePhysics__XGBoost,B5-HardwarePhysics-NoLabel__XGBoost,219,-10.229471443351011
B5-HardwarePhysics__XGBoost,B5-HardwarePhysics-NoLabel__XGBoost,220,-2.9611531153944335
B5-HardwarePhysics__XGBoost,B5-HardwarePhysics-NoLabel__XGBoost,221,-1.1287598511179613
B5-HardwarePhysics__XGBoost,B5-HardwarePhysics-NoLabel__XGBoost,222,-4.266687436564432
B5-HardwarePhysics__XGBoost,B5-HardwarePhysics-NoLabel__XGBoost,223,1.323849301472306
B5-HardwarePhysics__XGBoost,B5-HardwarePhysics-NoLabel__XGBoost,224,4.775178090188883
B5-HardwarePhysics__XGBoost,B5-HardwarePhysics-NoLabel__XGBoost,225,3.310993614884446
B5-HardwarePhysics__XGBoost,B5-HardwarePhysics-NoLabel__XGBoost,226,0.9863233911188019
B5-HardwarePhysics__XGBoost,B5-HardwarePhysics-NoLabel__XGBoost,227,-16.988523131654013
B5-HardwarePhysics__XGBoost,B5-HardwarePhysics-NoLabel__XGBoost,228,4.730080577730532
B5-HardwarePhysics__XGBoost,B5-HardwarePhysics-NoLabel__XGBoost,229,-12.228774446383541
B5-HardwarePhysics__XGBoost,B5-HardwarePhysics-NoLabel__XGBoost,230,0.05238419830420022
B5-HardwarePhysics__XGBoost,B5-HardwarePhysics-NoLabel__XGBoost,231,-6.9592066112435305
B5-HardwarePhysics__XGBoost,B5-HardwarePhysics-NoLabel__XGBoost,232,-1.0649261849446066
B5-HardwarePhysics__XGBoost,B5-HardwarePhysics-NoLabel__XGBoost,233,-1.725368393961364
B5-HardwarePhysics__XGBoost,B5-HardwarePhysics-NoLabel__XGBoost,234,-17.68622489853102
B5-HardwarePhysics__XGBoost,B5-HardwarePhysics-NoLabel__XGBoost,235,-4.179878751031091
B5-HardwarePhysics__XGBoost,B5-HardwarePhysics-NoLabel__XGBoost,236,-10.292081622965302
B5-HardwarePhysics__XGBoost,B5-HardwarePhysics-NoLabel__XGBoost,237,1.0306777018102136
B5-HardwarePhysics__XGBoost,B5-HardwarePhysics-NoLabel__XGBoost,238,-14.743520904669097
B5-HardwarePhysics__XGBoost,B5-HardwarePhysics-NoLabel__XGBoost,239,6.022568991026378
B5-HardwarePhysics__XGBoost,B5-HardwarePhysics-NoLabel__XGBoost,240,2.90076814922026
B5-HardwarePhysics__XGBoost,B5-HardwarePhysics-NoLabel__XGBoost,241,0.33113911064360274
B5-HardwarePhysics__XGBoost,B5-HardwarePhysics-NoLabel__XGBoost,242,12.22749645489124
B5-HardwarePhysics__XGBoost,B5-HardwarePhysics-NoLabel__XGBoost,243,-0.7232410724093447
B5-HardwarePhysics__XGBoost,B5-HardwarePhysics-NoLabel__XGBoost,244,4.556126518019643
B5-HardwarePhysics__XGBoost,B5-HardwarePhysics-NoLabel__XGBoost,245,-7.2967325215970344
B5-HardwarePhysics__XGBoost,B5-HardwarePhysics-NoLabel__XGBoost,246,1.8852389385904058
B5-HardwarePhysics__XGBoost,B5-HardwarePhysics-NoLabel__XGBoost,247,2.5287858274678707
B5-HardwarePhysics__XGBoost,B5-HardwarePhysics-NoLabel__XGBoost,248,-7.137289472962023
B5-HardwarePhysics__XGBoost,B5-HardwarePhysics-NoLabel__XGBoost,249,9.32666311346197
B5-HardwarePhysics__XGBoost,B5-HardwarePhysics-NoLabel__XGBoost,250,1.1850535134546394
B5-HardwarePhysics__XGBoost,B5-HardwarePhysics-NoLabel__XGBoost,251,-4.6380873045375255
B5-HardwarePhysics__XGBoost,B5-HardwarePhysics-NoLabel__XGBoost,252,-5.612252006035933
B5-HardwarePhysics__XGBoost,B5-HardwarePhysics-NoLabel__XGBoost,253,-2.165824352638076
B5-HardwarePhysics__XGBoost,B5-HardwarePhysics-NoLabel__XGBoost,254,2.645775313280107
B5-HardwarePhysics__XGBoost,B5-HardwarePhysics-NoLabel__XGBoost,255,-12.774128374067521
B5-HardwarePhysics__XGBoost,B5-HardwarePhysics-NoLabel__XGBoost,256,4.83375382782068
B5-HardwarePhysics__XGBoost,B5-HardwarePhysics-NoLabel__XGBoost,257,6.105248874552117
B5-HardwarePhysics__XGBoost,B5-HardwarePhysics-NoLabel__XGBoost,258,-28.667379203679058
B5-HardwarePhysics__XGBoost,B5-HardwarePhysics-NoLabel__XGBoost,259,-7.591609608745459
B5-HardwarePhysics__XGBoost,B5-HardwarePhysics-NoLabel__XGBoost,260,-17.054017618022222
B5-HardwarePhysics__XGBoost,B5-HardwarePhysics-NoLabel__XGBoost,261,4.79072238004994
B5-HardwarePhysics__XGBoost,B5-HardwarePhysics-NoLabel__XGBoost,262,-6.877589950066301
B5-HardwarePhysics__XGBoost,B5-HardwarePhysics-NoLabel__XGBoost,263,-24.693233808488714
B5-HardwarePhysics__XGBoost,B5-HardwarePhysics-NoLabel__XGBoost,264,-13.905543318707657
B5-HardwarePhysics__XGBoost,B5-HardwarePhysics-NoLabel__XGBoost,265,6.72210758219299
B5-HardwarePhysics__XGBoost,B5-HardwarePhysics-NoLabel__XGBoost,266,4.802956137135962
B5-HardwarePhysics__XGBoost,B5-HardwarePhysics-NoLabel__XGBoost,267,-7.624048406726651
B5-HardwarePhysics__XGBoost,B5-HardwarePhysics-NoLabel__XGBoost,268,5.442277883374302
B5-HardwarePhysics__XGBoost,B5-HardwarePhysics-NoLabel__XGBoost,269,4.455454467398733
B5-HardwarePhysics__XGBoost,B5-HardwarePhysics-NoLabel__XGBoost,270,-11.381208294435371
B5-HardwarePhysics__XGBoost,B5-HardwarePhysics-NoLabel__XGBoost,271,1.8089970715037904
B5-HardwarePhysics__XGBoost,B5-HardwarePhysics-NoLabel__XGBoost,272,-20.332376717932345
B5-HardwarePhysics__XGBoost,B5-HardwarePhysics-NoLabel__XGBoost,273,-20.54515637533433
B5-HardwarePhysics__XGBoost,B5-HardwarePhysics-NoLabel__XGBoost,274,-13.133305172230365
B5-HardwarePhysics__XGBoost,B5-HardwarePhysics-NoLabel__XGBoost,275,6.070552078868626
B5-HardwarePhysics__XGBoost,B5-HardwarePhysics-NoLabel__XGBoost,276,-19.53240646042943
B5-HardwarePhysics__XGBoost,B5-HardwarePhysics-NoLabel__XGBoost,277,2.2008530519324307
B5-HardwarePhysics__XGBoost,B5-HardwarePhysics-NoLabel__XGBoost,278,-0.6471543928624105
B5-HardwarePhysics__XGBoost,B5-HardwarePhysics-NoLabel__XGBoost,279,-14.85968755241743
B5-HardwarePhysics__XGBoost,B5-HardwarePhysics-NoLabel__XGBoost,280,-1.0366927804322377
B5-HardwarePhysics__XGBoost,B5-HardwarePhysics-NoLabel__XGBoost,281,-27.445767992658507
B5-HardwarePhysics__XGBoost,B5-HardwarePhysics-NoLabel__XGBoost,282,7.746502681960171
B5-HardwarePhysics__XGBoost,B5-HardwarePhysics-NoLabel__XGBoost,283,2.546538422297592
B5-HardwarePhysics__XGBoost,B5-HardwarePhysics-NoLabel__XGBoost,284,4.21634260996384
B5-HardwarePhysics__XGBoost,B5-HardwarePhysics-NoLabel__XGBoost,285,-3.654534603859975
B5-HardwarePhysics__XGBoost,B5-HardwarePhysics-NoLabel__XGBoost,286,-6.738092301754297
B5-HardwarePhysics__XGBoost,B5-HardwarePhysics-NoLabel__XGBoost,287,-28.44544205612592
B5-HardwarePhysics__XGBoost,B5-HardwarePhysics-NoLabel__XGBoost,288,2.0999857409292155
B5-HardwarePhysics__XGBoost,B5-HardwarePhysics-NoLabel__XGBoost,289,-5.5773148260678385
B5-HardwarePhysics__XGBoost,B5-HardwarePhysics-NoLabel__XGBoost,290,4.14527347467386
B5-HardwarePhysics__XGBoost,B5-HardwarePhysics-NoLabel__XGBoost,291,2.742936264318392
B5-HardwarePhysics__XGBoost,B5-HardwarePhysics-NoLabel__XGBoost,292,-7.541755716597905
B5-HardwarePhysics__XGBoost,B5-HardwarePhysics-NoLabel__XGBoost,293,-4.285017104322965
B5-HardwarePhysics__XGBoost,B5-HardwarePhysics-NoLabel__XGBoost,294,-3.780505575728616
B5-HardwarePhysics__XGBoost,B5-HardwarePhysics-NoLabel__XGBoost,295,-4.541504238447205
B5-HardwarePhysics__XGBoost,B5-HardwarePhysics-NoLabel__XGBoost,296,4.470140670550204
B5-HardwarePhysics__XGBoost,B5-HardwarePhysics-NoLabel__XGBoost,297,-19.013605824503486
B5-HardwarePhysics__XGBoost,B5-HardwarePhysics-NoLabel__XGBoost,298,-1.4443944893775214
B5-HardwarePhysics__XGBoost,B5-HardwarePhysics-NoLabel__XGBoost,299,-2.0479775921354104
B5-HardwarePhysics__XGBoost,B5-HardwarePhysics-NoLabel__XGBoost,300,7.744244684257873
B5-HardwarePhysics__XGBoost,B5-HardwarePhysics-NoLabel__XGBoost,301,-15.524529347900552
B5-HardwarePhysics__XGBoost,B5-HardwarePhysics-NoLabel__XGBoost,302,2.354591383472376
B5-HardwarePhysics__XGBoost,B5-HardwarePhysics-NoLabel__XGBoost,303,-25.038613602360254
B5-HardwarePhysics__XGBoost,B5-HardwarePhysics-NoLabel__XGBoost,304,-4.319136015058489
B5-HardwarePhysics__XGBoost,B5-HardwarePhysics-NoLabel__XGBoost,305,-12.728403283927573
B5-HardwarePhysics__XGBoost,B5-HardwarePhysics-NoLabel__XGBoost,306,-3.8919663485405342
B5-HardwarePhysics__XGBoost,B5-HardwarePhysics-NoLabel__XGBoost,307,3.868198675088789
B5-HardwarePhysics__XGBoost,B5-HardwarePhysics-NoLabel__XGBoost,308,3.810005562022653
B5-HardwarePhysics__XGBoost,B5-HardwarePhysics-NoLabel__XGBoost,309,-3.8750320229433837
B5-HardwarePhysics__XGBoost,B5-HardwarePhysics-NoLabel__XGBoost,310,4.636308019558478
B5-HardwarePhysics__XGBoost,B5-HardwarePhysics-NoLabel__XGBoost,311,-7.331429317280525
B5-HardwarePhysics__XGBoost,B5-HardwarePhysics-NoLabel__XGBoost,312,-7.638965118906108
B5-HardwarePhysics__XGBoost,B5-HardwarePhysics-NoLabel__XGBoost,313,-5.468238362319334
B5-HardwarePhysics__XGBoost,B5-HardwarePhysics-NoLabel__XGBoost,314,-14.495804067299018
B5-HardwarePhysics__XGBoost,B5-HardwarePhysics-NoLabel__XGBoost,315,4.265956117826788
B5-HardwarePhysics__XGBoost,B5-HardwarePhysics-NoLabel__XGBoost,316,-19.379862904243275
B5-HardwarePhysics__XGBoost,B5-HardwarePhysics-NoLabel__XGBoost,317,9.141680759294621
B5-HardwarePhysics__XGBoost,B5-HardwarePhysics-NoLabel__XGBoost,318,-27.15603369374339
B5-HardwarePhysics__XGBoost,B5-HardwarePhysics-NoLabel__XGBoost,319,-2.9000490522124034
B5-HardwarePhysics__XGBoost,B5-HardwarePhysics-NoLabel__XGBoost,320,-1.2330799351772643
B5-HardwarePhysics__XGBoost,B5-HardwarePhysics-NoLabel__XGBoost,321,-13.307259231941256
B5-HardwarePhysics__XGBoost,B5-HardwarePhysics-NoLabel__XGBoost,322,3.160708056400588
B5-HardwarePhysics__XGBoost,B5-HardwarePhysics-NoLabel__XGBoost,323,-0.7424325836896379
B5-HardwarePhysics__XGBoost,B5-HardwarePhysics-NoLabel__XGBoost,324,-0.2242291252711373
B5-HardwarePhysics__XGBoost,B5-HardwarePhysics-NoLabel__XGBoost,325,-17.263495347932878
B5-HardwarePhysics__XGBoost,B5-HardwarePhysics-NoLabel__XGBoost,326,-5.470496360021633
B5-HardwarePhysics__XGBoost,B5-HardwarePhysics-NoLabel__XGBoost,327,3.0472304821901313
B5-HardwarePhysics__XGBoost,B5-HardwarePhysics-NoLabel__XGBoost,328,1.3441294098331065
B5-HardwarePhysics__XGBoost,B5-HardwarePhysics-NoLabel__XGBoost,329,-16.651237605585116
B5-HardwarePhysics__XGBoost,B5-HardwarePhysics-NoLabel__XGBoost,330,-2.5392418340288607
B5-HardwarePhysics__XGBoost,B5-HardwarePhysics-NoLabel__XGBoost,331,-7.958689526549151
B5-HardwarePhysics__XGBoost,B5-HardwarePhysics-NoLabel__XGBoost,332,6.97671322473615
B5-HardwarePhysics__XGBoost,B5-HardwarePhysics-NoLabel__XGBoost,333,1.5893179216529514
B5-HardwarePhysics__XGBoost,B5-HardwarePhysics-NoLabel__XGBoost,334,-2.995192389832996
B5-HardwarePhysics__XGBoost,B5-HardwarePhysics-NoLabel__XGBoost,335,4.601611223874987
B5-HardwarePhysics__XGBoost,B5-HardwarePhysics-NoLabel__XGBoost,336,5.405710283385507
B5-HardwarePhysics__XGBoost,B5-HardwarePhysics-NoLabel__XGBoost,337,-14.22117795696722
B5-HardwarePhysics__XGBoost,B5-HardwarePhysics-NoLabel__XGBoost,338,2.5104064669757067
B5-HardwarePhysics__XGBoost,B5-HardwarePhysics-NoLabel__XGBoost,339,-7.843967940862095
B5-HardwarePhysics__XGBoost,B5-HardwarePhysics-NoLabel__XGBoost,340,-7.542191361264815
B5-HardwarePhysics__XGBoost,B5-HardwarePhysics-NoLabel__XGBoost,341,-3.516907759853276
B5-HardwarePhysics__XGBoost,B5-HardwarePhysics-NoLabel__XGBoost,342,-2.052106394143014
B5-HardwarePhysics__XGBoost,B5-HardwarePhysics-NoLabel__XGBoost,343,-0.039246771103788394
B5-HardwarePhysics__XGBoost,B5-HardwarePhysics-NoLabel__XGBoost,344,-4.7601698586831676
B5-HardwarePhysics__XGBoost,B5-HardwarePhysics-NoLabel__XGBoost,345,-0.8153081430950679
B5-HardwarePhysics__XGBoost,B5-HardwarePhysics-NoLabel__XGBoost,346,1.961540627689946
B5-HardwarePhysics__XGBoost,B5-HardwarePhysics-NoLabel__XGBoost,347,3.84758714823715
B5-HardwarePhysics__XGBoost,B5-HardwarePhysics-NoLabel__XGBoost,348,-8.243165112069821
B5-HardwarePhysics__XGBoost,B5-HardwarePhysics-NoLabel__XGBoost,349,7.765895572067213
B5-HardwarePhysics__XGBoost,B5-HardwarePhysics-NoLabel__XGBoost,350,-0.9730244310778582
B5-HardwarePhysics__XGBoost,B5-HardwarePhysics-NoLabel__XGBoost,351,3.0024996653775013
B5-HardwarePhysics__XGBoost,B5-HardwarePhysics-NoLabel__XGBoost,352,-5.9364916242306816
B5-HardwarePhysics__XGBoost,B5-HardwarePhysics-NoLabel__XGBoost,353,7.906523615543149
B5-HardwarePhysics__XGBoost,B5-HardwarePhysics-NoLabel__XGBoost,354,-2.307339614367773
B5-HardwarePhysics__XGBoost,B5-HardwarePhysics-NoLabel__XGBoost,355,-11.637455044275004
B5-HardwarePhysics__XGBoost,B5-HardwarePhysics-NoLabel__XGBoost,356,-18.272481632480304
B5-HardwarePhysics__XGBoost,B5-HardwarePhysics-NoLabel__XGBoost,357,-8.933711529904254
B5-HardwarePhysics__XGBoost,B5-HardwarePhysics-NoLabel__XGBoost,358,2.8474967326623
B5-HardwarePhysics__XGBoost,B5-HardwarePhysics-NoLabel__XGBoost,359,0.6594689819989189
B5-HardwarePhysics__XGBoost,B5-HardwarePhysics-NoLabel__XGBoost,360,2.0319821852983297
B5-HardwarePhysics__XGBoost,B5-HardwarePhysics-NoLabel__XGBoost,361,1.1899554336262501
B5-HardwarePhysics__XGBoost,B5-HardwarePhysics-NoLabel__XGBoost,362,7.160643043830764
B5-HardwarePhysics__XGBoost,B5-HardwarePhysics-NoLabel__XGBoost,363,-22.35055991833297
B5-HardwarePhysics__XGBoost,B5-HardwarePhysics-NoLabel__XGBoost,364,-15.651293214269762
B5-HardwarePhysics__XGBoost,B5-HardwarePhysics-NoLabel__XGBoost,365,-5.760039182532888
B5-HardwarePhysics__XGBoost,B5-HardwarePhysics-NoLabel__XGBoost,366,-7.660616006715446
B5-HardwarePhysics__XGBoost,B5-HardwarePhysics-NoLabel__XGBoost,367,5.160521771565661
B5-HardwarePhysics__XGBoost,B5-HardwarePhysics-NoLabel__XGBoost,368,5.442277883374302
B5-HardwarePhysics__XGBoost,B5-HardwarePhysics-NoLabel__XGBoost,369,5.031229579646214
B5-HardwarePhysics__XGBoost,B5-HardwarePhysics-NoLabel__XGBoost,370,-2.0612531970183943
B5-HardwarePhysics__XGBoost,B5-HardwarePhysics-NoLabel__XGBoost,371,-0.6299046155150246
B5-HardwarePhysics__XGBoost,B5-HardwarePhysics-NoLabel__XGBoost,372,-6.242156621550959
B5-HardwarePhysics__XGBoost,B5-HardwarePhysics-NoLabel__XGBoost,373,-8.950028937929314
B5-HardwarePhysics__XGBoost,B5-HardwarePhysics-NoLabel__XGBoost,374,-4.657480194644564
B5-HardwarePhysics__XGBoost,B5-HardwarePhysics-NoLabel__XGBoost,375,-25.3579508166063
B5-HardwarePhysics__XGBoost,B5-HardwarePhysics-NoLabel__XGBoost,376,-12.322306620270991
B5-HardwarePhysics__XGBoost,B5-HardwarePhysics-NoLabel__XGBoost,377,-0.6161056306173133
B5-HardwarePhysics__XGBoost,B5-HardwarePhysics-NoLabel__XGBoost,378,-4.493090074769379
B5-HardwarePhysics__XGBoost,B5-HardwarePhysics-NoLabel__XGBoost,379,-0.527666525063271
B5-HardwarePhysics__XGBoost,B5-HardwarePhysics-NoLabel__XGBoost,380,-8.77646128676253
B5-HardwarePhysics__XGBoost,B5-HardwarePhysics-NoLabel__XGBoost,381,-9.144976364204613
B5-HardwarePhysics__XGBoost,B5-HardwarePhysics-NoLabel__XGBoost,382,8.348369609955956
B5-HardwarePhysics__XGBoost,B5-HardwarePhysics-NoLabel__XGBoost,383,-8.192462550515542
B5-HardwarePhysics__XGBoost,B5-HardwarePhysics-NoLabel__XGBoost,384,-5.797234360203282
B5-HardwarePhysics__XGBoost,B5-HardwarePhysics-NoLabel__XGBoost,385,-1.1022369867003436
B5-HardwarePhysics__XGBoost,B5-HardwarePhysics-NoLabel__XGBoost,386,-5.943456308888549
B5-HardwarePhysics__XGBoost,B5-HardwarePhysics-NoLabel__XGBoost,387,8.744932277340165
B5-HardwarePhysics__XGBoost,B5-HardwarePhysics-NoLabel__XGBoost,388,11.672097006783192
B5-HardwarePhysics__XGBoost,B5-HardwarePhysics-NoLabel__XGBoost,389,-6.8371240570978875
B5-HardwarePhysics__XGBoost,B5-HardwarePhysics-NoLabel__XGBoost,390,6.9162367392357185
B5-HardwarePhysics__XGBoost,B5-HardwarePhysics-NoLabel__XGBoost,391,-12.983019613746507
B5-HardwarePhysics__XGBoost,B5-HardwarePhysics-NoLabel__XGBoost,392,3.936769428391867
B5-HardwarePhysics__XGBoost,B5-HardwarePhysics-NoLabel__XGBoost,393,2.358479801195375
B5-HardwarePhysics__XGBoost,B5-HardwarePhysics-NoLabel__XGBoost,394,-4.068418790238328
B5-HardwarePhysics__XGBoost,B5-HardwarePhysics-NoLabel__XGBoost,395,-10.587585019165342
B5-HardwarePhysics__XGBoost,B5-HardwarePhysics-NoLabel__XGBoost,396,6.160391095415383
B5-HardwarePhysics__XGBoost,B5-HardwarePhysics-NoLabel__XGBoost,397,-1.0757140951164605
B5-HardwarePhysics__XGBoost,B5-HardwarePhysics-NoLabel__XGBoost,398,-15.940595652496414
B5-HardwarePhysics__XGBoost,B5-HardwarePhysics-NoLabel__XGBoost,399,1.4876721874033794
B5-HardwarePhysics__XGBoost,B5-HardwarePhysics-NoLabel__XGBoost,400,-9.364895898340057
B5-HardwarePhysics__XGBoost,B5-HardwarePhysics-NoLabel__XGBoost,401,-0.71427929925132
B5-HardwarePhysics__XGBoost,B5-HardwarePhysics-NoLabel__XGBoost,402,-14.671628931315212
B5-HardwarePhysics__XGBoost,B5-HardwarePhysics-NoLabel__XGBoost,403,0.19188184661620408
B5-HardwarePhysics__XGBoost,B5-HardwarePhysics-NoLabel__XGBoost,404,5.1480283739074775
B5-HardwarePhysics__XGBoost,B5-HardwarePhysics-NoLabel__XGBoost,405,-6.3924421800348155
B5-HardwarePhysics__XGBoost,B5-HardwarePhysics-NoLabel__XGBoost,406,3.554194456849929
B5-HardwarePhysics__XGBoost,B5-HardwarePhysics-NoLabel__XGBoost,407,-13.090656349025283
B5-HardwarePhysics__XGBoost,B5-HardwarePhysics-NoLabel__XGBoost,408,4.629648911394227
B5-HardwarePhysics__XGBoost,B5-HardwarePhysics-NoLabel__XGBoost,409,-3.686973401841167
B5-HardwarePhysics__XGBoost,B5-HardwarePhysics-NoLabel__XGBoost,410,-3.4942043369712033
B5-HardwarePhysics__XGBoost,B5-HardwarePhysics-NoLabel__XGBoost,411,6.72210758219299
B5-HardwarePhysics__XGBoost,B5-HardwarePhysics-NoLabel__XGBoost,412,-7.716385805260311
B5-HardwarePhysics__XGBoost,B5-HardwarePhysics-NoLabel__XGBoost,413,-3.025207873292915
B5-HardwarePhysics__XGBoost,B5-HardwarePhysics-NoLabel__XGBoost,414,-7.776591962912805
B5-HardwarePhysics__XGBoost,B5-HardwarePhysics-NoLabel__XGBoost,415,-7.179126145378975
B5-HardwarePhysics__XGBoost,B5-HardwarePhysics-NoLabel__XGBoost,416,-4.330164309514949
B5-HardwarePhysics__XGBoost,B5-HardwarePhysics-NoLabel__XGBoost,417,-14.232040934604703
B5-HardwarePhysics__XGBoost,B5-HardwarePhysics-NoLabel__XGBoost,418,8.408846095456388
B5-HardwarePhysics__XGBoost,B5-HardwarePhysics-NoLabel__XGBoost,419,-4.738518970873829
B5-HardwarePhysics__XGBoost,B5-HardwarePhysics-NoLabel__XGBoost,420,3.2491570372112486
B5-HardwarePhysics__XGBoost,B5-HardwarePhysics-NoLabel__XGBoost,421,-6.239658239564056
B5-HardwarePhysics__XGBoost,B5-HardwarePhysics-NoLabel__XGBoost,422,-5.250817210170792
B5-HardwarePhysics__XGBoost,B5-HardwarePhysics-NoLabel__XGBoost,423,-2.7500038780131506
B5-HardwarePhysics__XGBoost,B5-HardwarePhysics-NoLabel__XGBoost,424,-3.0662914686863068
B5-HardwarePhysics__XGBoost,B5-HardwarePhysics-NoLabel__XGBoost,425,-2.527018764218611
B5-HardwarePhysics__XGBoost,B5-HardwarePhysics-NoLabel__XGBoost,426,-3.5477161378137683
B5-HardwarePhysics__XGBoost,B5-HardwarePhysics-NoLabel__XGBoost,427,-6.637660635417992
B5-HardwarePhysics__XGBoost,B5-HardwarePhysics-NoLabel__XGBoost,428,-5.297189134279898
B5-HardwarePhysics__XGBoost,B5-HardwarePhysics-NoLabel__XGBoost,429,-18.804328176280396
B5-HardwarePhysics__XGBoost,B5-HardwarePhysics-NoLabel__XGBoost,430,-2.9109120298498885
B5-HardwarePhysics__XGBoost,B5-HardwarePhysics-NoLabel__XGBoost,431,8.219975323566041
B5-HardwarePhysics__XGBoost,B5-HardwarePhysics-NoLabel__XGBoost,432,-3.1619860478928885
B5-HardwarePhysics__XGBoost,B5-HardwarePhysics-NoLabel__XGBoost,433,-20.709306110924906
B5-HardwarePhysics__XGBoost,B5-HardwarePhysics-NoLabel__XGBoost,434,-3.4470440871928583
B5-HardwarePhysics__XGBoost,B5-HardwarePhysics-NoLabel__XGBoost,435,-1.8867126470758353
B5-HardwarePhysics__XGBoost,B5-HardwarePhysics-NoLabel__XGBoost,436,-20.205612851563135
B5-HardwarePhysics__XGBoost,B5-HardwarePhysics-NoLabel__XGBoost,437,4.032183093860395
B5-HardwarePhysics__XGBoost,B5-HardwarePhysics-NoLabel__XGBoost,438,-7.590174449107063
B5-HardwarePhysics__XGBoost,B5-HardwarePhysics-NoLabel__XGBoost,439,4.398520293674234
B5-HardwarePhysics__XGBoost,B5-HardwarePhysics-NoLabel__XGBoost,440,4.006016210646461
B5-HardwarePhysics__XGBoost,B5-HardwarePhysics-NoLabel__XGBoost,441,3.019628439337802
B5-HardwarePhysics__XGBoost,B5-HardwarePhysics-NoLabel__XGBoost,442,5.4400198856720055
B5-HardwarePhysics__XGBoost,B5-HardwarePhysics-NoLabel__XGBoost,443,-8.564489996170233
B5-HardwarePhysics__XGBoost,B5-HardwarePhysics-NoLabel__XGBoost,444,-7.6131854290891665
B5-HardwarePhysics__XGBoost,B5-HardwarePhysics-NoLabel__XGBoost,445,-19.880554964135815
B5-HardwarePhysics__XGBoost,B5-HardwarePhysics-NoLabel__XGBoost,446,1.74633765576669
B5-HardwarePhysics__XGBoost,B5-HardwarePhysics-NoLabel__XGBoost,447,-0.3911029034050811
B5-HardwarePhysics__XGBoost,B5-HardwarePhysics-NoLabel__XGBoost,448,-7.98276372887976
B5-HardwarePhysics__XGBoost,B5-HardwarePhysics-NoLabel__XGBoost,449,-2.99728507071632
B5-HardwarePhysics__XGBoost,B5-HardwarePhysics-NoLabel__XGBoost,450,4.614104621533173
B5-HardwarePhysics__XGBoost,B5-HardwarePhysics-NoLabel__XGBoost,451,-19.52137816597297
B5-HardwarePhysics__XGBoost,B5-HardwarePhysics-NoLabel__XGBoost,452,7.024530995759423
B5-HardwarePhysics__XGBoost,B5-HardwarePhysics-NoLabel__XGBoost,453,6.170983745204931
B5-HardwarePhysics__XGBoost,B5-HardwarePhysics-NoLabel__XGBoost,454,-10.099938867146957
B5-HardwarePhysics__XGBoost,B5-HardwarePhysics-NoLabel__XGBoost,455,-15.010600688582883
B5-HardwarePhysics__XGBoost,B5-HardwarePhysics-NoLabel__XGBoost,456,4.115670559342931
B5-HardwarePhysics__XGBoost,B5-HardwarePhysics-NoLabel__XGBoost,457,-15.763997186539127
B5-HardwarePhysics__XGBoost,B5-HardwarePhysics-NoLabel__XGBoost,458,-1.2290759205351875
B5-HardwarePhysics__XGBoost,B5-HardwarePhysics-NoLabel__XGBoost,459,-8.146556671247504
B5-HardwarePhysics__XGBoost,B5-HardwarePhysics-NoLabel__XGBoost,460,-2.6066178119781482
B5-HardwarePhysics__XGBoost,B5-HardwarePhysics-NoLabel__XGBoost,461,1.7502260734896886
B5-HardwarePhysics__XGBoost,B5-HardwarePhysics-NoLabel__XGBoost,462,-3.2342644297908754
B5-HardwarePhysics__XGBoost,B5-HardwarePhysics-NoLabel__XGBoost,463,-7.318162317681245
B5-HardwarePhysics__XGBoost,B5-HardwarePhysics-NoLabel__XGBoost,464,-5.866857648579095
B5-HardwarePhysics__XGBoost,B5-HardwarePhysics-NoLabel__XGBoost,465,-0.8865725387673545
B5-HardwarePhysics__XGBoost,B5-HardwarePhysics-NoLabel__XGBoost,466,-15.323812012321172
B5-HardwarePhysics__XGBoost,B5-HardwarePhysics-NoLabel__XGBoost,467,0.806869749951771
B5-HardwarePhysics__XGBoost,B5-HardwarePhysics-NoLabel__XGBoost,468,-2.3097883036210436
B5-HardwarePhysics__XGBoost,B5-HardwarePhysics-NoLabel__XGBoost,469,4.859293133353018
B5-HardwarePhysics__XGBoost,B5-HardwarePhysics-NoLabel__XGBoost,470,-1.9806016141861227
B5-HardwarePhysics__XGBoost,B5-HardwarePhysics-NoLabel__XGBoost,471,-23.387624419853086
B5-HardwarePhysics__XGBoost,B5-HardwarePhysics-NoLabel__XGBoost,472,-4.1558045487004796
B5-HardwarePhysics__XGBoost,B5-HardwarePhysics-NoLabel__XGBoost,473,2.4372712669981142
B5-HardwarePhysics__XGBoost,B5-HardwarePhysics-NoLabel__XGBoost,474,3.7187313858375015
B5-HardwarePhysics__XGBoost,B5-HardwarePhysics-NoLabel__XGBoost,475,0.3425545984970541
B5-HardwarePhysics__XGBoost,B5-HardwarePhysics-NoLabel__XGBoost,476,-23.32472461983138
B5-HardwarePhysics__XGBoost,B5-HardwarePhysics-NoLabel__XGBoost,477,-21.428854482604386
B5-HardwarePhysics__XGBoost,B5-HardwarePhysics-NoLabel__XGBoost,478,0.9594133061379269
B5-HardwarePhysics__XGBoost,B5-HardwarePhysics-NoLabel__XGBoost,479,-7.217951743070069
B5-HardwarePhysics__XGBoost,B5-HardwarePhysics-NoLabel__XGBoost,480,5.484491061912473
B5-HardwarePhysics__XGBoost,B5-HardwarePhysics-NoLabel__XGBoost,481,3.023321596678495
B5-HardwarePhysics__XGBoost,B5-HardwarePhysics-NoLabel__XGBoost,482,-14.940726328646694
B5-HardwarePhysics__XGBoost,B5-HardwarePhysics-NoLabel__XGBoost,483,2.3934169811634702
B5-HardwarePhysics__XGBoost,B5-HardwarePhysics-NoLabel__XGBoost,484,-4.104745193923363
B5-HardwarePhysics__XGBoost,B5-HardwarePhysics-NoLabel__XGBoost,485,-27.683991819820484
B5-HardwarePhysics__XGBoost,B5-HardwarePhysics-NoLabel__XGBoost,486,-9.750806777389029
B5-HardwarePhysics__XGBoost,B5-HardwarePhysics-NoLabel__XGBoost,487,1.0073963939801744
B5-HardwarePhysics__XGBoost,B5-HardwarePhysics-NoLabel__XGBoost,488,2.0934726570244626
B5-HardwarePhysics__XGBoost,B5-HardwarePhysics-NoLabel__XGBoost,489,-20.012025517460597
B5-HardwarePhysics__XGBoost,B5-HardwarePhysics-NoLabel__XGBoost,490,-14.789245994809047
B5-HardwarePhysics__XGBoost,B5-HardwarePhysics-NoLabel__XGBoost,491,-9.706531318141689
B5-HardwarePhysics__XGBoost,B5-HardwarePhysics-NoLabel__XGBoost,492,1.2097745497544068
B5-HardwarePhysics__XGBoost,B5-HardwarePhysics-NoLabel__XGBoost,493,-8.950415346473417
B5-HardwarePhysics__XGBoost,B5-HardwarePhysics-NoLabel__XGBoost,494,0.6701108679112754
B5-HardwarePhysics__XGBoost,B5-HardwarePhysics-NoLabel__XGBoost,495,-7.3291713195782275
B5-HardwarePhysics__XGBoost,B5-HardwarePhysics-NoLabel__XGBoost,496,-1.387504982944499
B5-HardwarePhysics__XGBoost,B5-HardwarePhysics-NoLabel__XGBoost,497,-16.420455093812187
B5-HardwarePhysics__XGBoost,B5-HardwarePhysics-NoLabel__XGBoost,498,-2.5903800402500496
B5-HardwarePhysics__XGBoost,B5-HardwarePhysics-NoLabel__XGBoost,499,3.74286996835797
B5-HardwarePhysics__XGBoost,B5-HardwarePhysics-NoLabel__XGBoost,500,-14.473360284989107
B5-HardwarePhysics__XGBoost,B5-HardwarePhysics-NoLabel__XGBoost,501,1.5870599239506535
B5-HardwarePhysics__XGBoost,B5-HardwarePhysics-NoLabel__XGBoost,502,6.7643207607311595
B5-HardwarePhysics__XGBoost,B5-HardwarePhysics-NoLabel__XGBoost,503,-7.115262079031466
B5-HardwarePhysics__XGBoost,B5-HardwarePhysics-NoLabel__XGBoost,504,-3.978533837770116
B5-HardwarePhysics__XGBoost,B5-HardwarePhysics-NoLabel__XGBoost,505,4.0551940738424985
B5-HardwarePhysics__XGBoost,B5-HardwarePhysics-NoLabel__XGBoost,506,1.1839948599374641
B5-HardwarePhysics__XGBoost,B5-HardwarePhysics-NoLabel__XGBoost,507,-1.1886100275667744
B5-HardwarePhysics__XGBoost,B5-HardwarePhysics-NoLabel__XGBoost,508,-12.331464110422145
B5-HardwarePhysics__XGBoost,B5-HardwarePhysics-NoLabel__XGBoost,509,6.475830473292638
B5-HardwarePhysics__XGBoost,B5-HardwarePhysics-NoLabel__XGBoost,510,0.12408469525422154
B5-HardwarePhysics__XGBoost,B5-HardwarePhysics-NoLabel__XGBoost,511,-22.65315933599415
B5-HardwarePhysics__XGBoost,B5-HardwarePhysics-NoLabel__XGBoost,512,2.837918069098452
B5-HardwarePhysics__XGBoost,B5-HardwarePhysics-NoLabel__XGBoost,513,4.814631265561575
B5-HardwarePhysics__XGBoost,B5-HardwarePhysics-NoLabel__XGBoost,514,2.3543509991877714
B5-HardwarePhysics__XGBoost,B5-HardwarePhysics-NoLabel__XGBoost,515,1.7507785837056555
B5-HardwarePhysics__XGBoost,B5-HardwarePhysics-NoLabel__XGBoost,516,4.004145406341155
B5-HardwarePhysics__XGBoost,B5-HardwarePhysics-NoLabel__XGBoost,517,-14.378197691080956
B5-HardwarePhysics__XGBoost,B5-HardwarePhysics-NoLabel__XGBoost,518,-1.6472045058402216
B5-HardwarePhysics__XGBoost,B5-HardwarePhysics-NoLabel__XGBoost,519,-15.534574056305463
B5-HardwarePhysics__XGBoost,B5-HardwarePhysics-NoLabel__XGBoost,520,-17.961403519078786
B5-HardwarePhysics__XGBoost,B5-HardwarePhysics-NoLabel__XGBoost,521,4.016804120818314
B5-HardwarePhysics__XGBoost,B5-HardwarePhysics-NoLabel__XGBoost,522,-3.9221968415530606
B5-HardwarePhysics__XGBoost,B5-HardwarePhysics-NoLabel__XGBoost,523,-0.3379470837661991
B5-HardwarePhysics__XGBoost,B5-HardwarePhysics-NoLabel__XGBoost,524,-13.717484697605439
B5-HardwarePhysics__XGBoost,B5-HardwarePhysics-NoLabel__XGBoost,525,10.50130476625515
B5-HardwarePhysics__XGBoost,B5-HardwarePhysics-NoLabel__XGBoost,526,-15.071002106617685
B5-HardwarePhysics__XGBoost,B5-HardwarePhysics-NoLabel__XGBoost,527,-2.381488800571065
B5-HardwarePhysics__XGBoost,B5-HardwarePhysics-NoLabel__XGBoost,528,0.8117721539004695
B5-HardwarePhysics__XGBoost,B5-HardwarePhysics-NoLabel__XGBoost,529,-3.330054601380622
B5-HardwarePhysics__XGBoost,B5-HardwarePhysics-NoLabel__XGBoost,530,-1.281063023019512
B5-HardwarePhysics__XGBoost,B5-HardwarePhysics-NoLabel__XGBoost,531,1.471471161150286
B5-HardwarePhysics__XGBoost,B5-HardwarePhysics-NoLabel__XGBoost,532,4.79072238004994
B5-HardwarePhysics__XGBoost,B5-HardwarePhysics-NoLabel__XGBoost,533,-9.737760869514874
B5-HardwarePhysics__XGBoost,B5-HardwarePhysics-NoLabel__XGBoost,534,-13.32054552410001
B5-HardwarePhysics__XGBoost,B5-HardwarePhysics-NoLabel__XGBoost,535,-9.347354519978845
B5-HardwarePhysics__XGBoost,B5-HardwarePhysics-NoLabel__XGBoost,536,5.9643505032282444
B5-HardwarePhysics__XGBoost,B5-HardwarePhysics-NoLabel__XGBoost,537,1.391289659611451
B5-HardwarePhysics__XGBoost,B5-HardwarePhysics-NoLabel__XGBoost,538,-13.686687006920721
B5-HardwarePhysics__XGBoost,B5-HardwarePhysics-NoLabel__XGBoost,539,2.3370606923869377
B5-HardwarePhysics__XGBoost,B5-HardwarePhysics-NoLabel__XGBoost,540,4.58166582355198
B5-HardwarePhysics__XGBoost,B5-HardwarePhysics-NoLabel__XGBoost,541,-4.820646344183599
B5-HardwarePhysics__XGBoost,B5-HardwarePhysics-NoLabel__XGBoost,542,-18.100660783106186
B5-HardwarePhysics__XGBoost,B5-HardwarePhysics-NoLabel__XGBoost,543,-10.403155175213964
B5-HardwarePhysics__XGBoost,B5-HardwarePhysics-NoLabel__XGBoost,544,-0.5229294379335475
B5-HardwarePhysics__XGBoost,B5-HardwarePhysics-NoLabel__XGBoost,545,4.331461291470772
B5-HardwarePhysics__XGBoost,B5-HardwarePhysics-NoLabel__XGBoost,546,3.964807115911107
B5-HardwarePhysics__XGBoost,B5-HardwarePhysics-NoLabel__XGBoost,547,-9.86803664748587
B5-HardwarePhysics__XGBoost,B5-HardwarePhysics-NoLabel__XGBoost,548,-6.27459541953215
B5-HardwarePhysics__XGBoost,B5-HardwarePhysics-NoLabel__XGBoost,549,-9.949075423715133
B5-HardwarePhysics__XGBoost,B5-HardwarePhysics-NoLabel__XGBoost,550,-12.509546972140637
B5-HardwarePhysics__XGBoost,B5-HardwarePhysics-NoLabel__XGBoost,551,-17.726064482447814
B5-HardwarePhysics__XGBoost,B5-HardwarePhysics-NoLabel__XGBoost,552,4.828495442668299
B5-HardwarePhysics__XGBoost,B5-HardwarePhysics-NoLabel__XGBoost,553,-3.8005757634171506
B5-HardwarePhysics__XGBoost,B5-HardwarePhysics-NoLabel__XGBoost,554,-23.22655095119737
B5-HardwarePhysics__XGBoost,B5-HardwarePhysics-NoLabel__XGBoost,555,-9.353867603883598
B5-HardwarePhysics__XGBoost,B5-HardwarePhysics-NoLabel__XGBoost,556,-5.902372713495156
B5-HardwarePhysics__XGBoost,B5-HardwarePhysics-NoLabel__XGBoost,557,-14.556520937084056
B5-HardwarePhysics__XGBoost,B5-HardwarePhysics-NoLabel__XGBoost,558,-4.44510698692713
B5-HardwarePhysics__XGBoost,B5-HardwarePhysics-NoLabel__XGBoost,559,-7.818609424457849
B5-HardwarePhysics__XGBoost,B5-HardwarePhysics-NoLabel__XGBoost,560,-4.119402265530659
B5-HardwarePhysics__XGBoost,B5-HardwarePhysics-NoLabel__XGBoost,561,2.5575667167540517
B5-HardwarePhysics__XGBoost,B5-HardwarePhysics-NoLabel__XGBoost,562,6.290231228719465
B5-HardwarePhysics__XGBoost,B5-HardwarePhysics-NoLabel__XGBoost,563,-12.076847780603211
B5-HardwarePhysics__XGBoost,B5-HardwarePhysics-NoLabel__XGBoost,564,6.654731604243701
B5-HardwarePhysics__XGBoost,B5-HardwarePhysics-NoLabel__XGBoost,565,-10.482206281588864
B5-HardwarePhysics__XGBoost,B5-HardwarePhysics-NoLabel__XGBoost,566,3.7775667640414605
B5-HardwarePhysics__XGBoost,B5-HardwarePhysics-NoLabel__XGBoost,567,-0.5258342696049993
B5-HardwarePhysics__XGBoost,B5-HardwarePhysics-NoLabel__XGBoost,568,-9.651389097278424
B5-HardwarePhysics__XGBoost,B5-HardwarePhysics-NoLabel__XGBoost,569,10.160942973251382
B5-HardwarePhysics__XGBoost,B5-HardwarePhysics-NoLabel__XGBoost,570,8.640988699402081
B5-HardwarePhysics__XGBoost,B5-HardwarePhysics-NoLabel__XGBoost,571,-6.703395506070806
B5-HardwarePhysics__XGBoost,B5-HardwarePhysics-NoLabel__XGBoost,572,-3.9840334192262583
B5-HardwarePhysics__XGBoost,B5-HardwarePhysics-NoLabel__XGBoost,573,1.0290472817895129
B5-HardwarePhysics__XGBoost,B5-HardwarePhysics-NoLabel__XGBoost,574,-21.20999817081745
B5-HardwarePhysics__XGBoost,B5-HardwarePhysics-NoLabel__XGBoost,575,-31.20168386889063
B5-HardwarePhysics__XGBoost,B5-HardwarePhysics-NoLabel__XGBoost,576,5.519428241880568
B5-HardwarePhysics__XGBoost,B5-HardwarePhysics-NoLabel__XGBoost,577,-7.786365886858961
B5-HardwarePhysics__XGBoost,B5-HardwarePhysics-NoLabel__XGBoost,578,-5.424771269881682
B5-HardwarePhysics__XGBoost,B5-HardwarePhysics-NoLabel__XGBoost,579,0.40649375947645844
B5-HardwarePhysics__XGBoost,B5-HardwarePhysics-NoLabel__XGBoost,580,-14.232281318889308
B5-HardwarePhysics__XGBoost,B5-HardwarePhysics-NoLabel__XGBoost,581,-3.6968236618829287
B5-HardwarePhysics__XGBoost,B5-HardwarePhysics-NoLabel__XGBoost,582,2.86607135353677
B5-HardwarePhysics__XGBoost,B5-HardwarePhysics-NoLabel__XGBoost,583,5.488002973514251
B5-HardwarePhysics__XGBoost,B5-HardwarePhysics-NoLabel__XGBoost,584,2.4281137768469607
B5-HardwarePhysics__XGBoost,B5-HardwarePhysics-NoLabel__XGBoost,585,-4.777344568564922
B5-HardwarePhysics__XGBoost,B5-HardwarePhysics-NoLabel__XGBoost,586,-6.577184149917561
B5-HardwarePhysics__XGBoost,B5-HardwarePhysics-NoLabel__XGBoost,587,-9.3538676038836
B5-HardwarePhysics__XGBoost,B5-HardwarePhysics-NoLabel__XGBoost,588,-4.1426835733606975
B5-HardwarePhysics__XGBoost,B5-HardwarePhysics-NoLabel__XGBoost,589,-10.918985039011089
B5-HardwarePhysics__XGBoost,B5-HardwarePhysics-NoLabel__XGBoost,590,-2.1198588782135213
B5-HardwarePhysics__XGBoost,B5-HardwarePhysics-NoLabel__XGBoost,591,10.211184058795927
B5-HardwarePhysics__XGBoost,B5-HardwarePhysics-NoLabel__XGBoost,592,-0.6908022744281526
B5-HardwarePhysics__XGBoost,B5-HardwarePhysics-NoLabel__XGBoost,593,-2.7505817629611164
B5-HardwarePhysics__XGBoost,B5-HardwarePhysics-NoLabel__XGBoost,594,-9.847159361617626
B5-HardwarePhysics__XGBoost,B5-HardwarePhysics-NoLabel__XGBoost,595,-5.119106272561404
B5-HardwarePhysics__XGBoost,B5-HardwarePhysics-NoLabel__XGBoost,596,-15.860184453948749
B5-HardwarePhysics__XGBoost,B5-HardwarePhysics-NoLabel__XGBoost,597,-1.0607669827628488
B5-HardwarePhysics__XGBoost,B5-HardwarePhysics-NoLabel__XGBoost,598,10.608123232301356
B5-HardwarePhysics__XGBoost,B5-HardwarePhysics-NoLabel__XGBoost,599,-3.42376277936282
B5-HardwarePhysics__XGBoost,B5-HardwarePhysics-NoLabel__XGBoost,600,2.438901687018815
B5-HardwarePhysics__XGBoost,B5-HardwarePhysics-NoLabel__XGBoost,601,-23.013771293795383
B5-HardwarePhysics__XGBoost,B5-HardwarePhysics-NoLabel__XGBoost,602,7.328730889877975
B5-HardwarePhysics__XGBoost,B5-HardwarePhysics-NoLabel__XGBoost,603,-3.5330299346622973
B5-HardwarePhysics__XGBoost,B5-HardwarePhysics-NoLabel__XGBoost,604,-1.559817935358914
B5-HardwarePhysics__XGBoost,B5-HardwarePhysics-NoLabel__XGBoost,605,-5.801122777926281
B5-HardwarePhysics__XGBoost,B5-HardwarePhysics-NoLabel__XGBoost,606,-2.390827079850308
B5-HardwarePhysics__XGBoost,B5-HardwarePhysics-NoLabel__XGBoost,607,-21.544830438801746
B5-HardwarePhysics__XGBoost,B5-HardwarePhysics-NoLabel__XGBoost,608,1.6699801917609969
B5-HardwarePhysics__XGBoost,B5-HardwarePhysics-NoLabel__XGBoost,609,-3.4470440871928583
B5-HardwarePhysics__XGBoost,B5-HardwarePhysics-NoLabel__XGBoost,610,4.289865003338425
B5-HardwarePhysics__XGBoost,B5-HardwarePhysics-NoLabel__XGBoost,611,4.134872757898997
B5-HardwarePhysics__XGBoost,B5-HardwarePhysics-NoLabel__XGBoost,612,-3.0276311878141877
B5-HardwarePhysics__XGBoost,B5-HardwarePhysics-NoLabel__XGBoost,613,-1.466285761471465
B5-HardwarePhysics__XGBoost,B5-HardwarePhysics-NoLabel__XGBoost,614,4.601851608159592
B5-HardwarePhysics__XGBoost,B5-HardwarePhysics-NoLabel__XGBoost,615,8.138118278104207
B5-HardwarePhysics__XGBoost,B5-HardwarePhysics-NoLabel__XGBoost,616,0.3660762906116984
B5-HardwarePhysics__XGBoost,B5-HardwarePhysics-NoLabel__XGBoost,617,7.673993818200462
B5-HardwarePhysics__XGBoost,B5-HardwarePhysics-NoLabel__XGBoost,618,0.8332019499846801
B5-HardwarePhysics__XGBoost,B5-HardwarePhysics-NoLabel__XGBoost,619,-4.364861105198439
B5-HardwarePhysics__XGBoost,B5-HardwarePhysics-NoLabel__XGBoost,620,-11.856551740346546
B5-HardwarePhysics__XGBoost,B5-HardwarePhysics-NoLabel__XGBoost,621,-13.185417062080218
B5-HardwarePhysics__XGBoost,B5-HardwarePhysics-NoLabel__XGBoost,622,-21.60304892659988
B5-HardwarePhysics__XGBoost,B5-HardwarePhysics-NoLabel__XGBoost,623,4.453196469696436
B5-HardwarePhysics__XGBoost,B5-HardwarePhysics-NoLabel__XGBoost,624,8.232634038043201
B5-HardwarePhysics__XGBoost,B5-HardwarePhysics-NoLabel__XGBoost,625,-6.067962177555464
B5-HardwarePhysics__XGBoost,B5-HardwarePhysics-NoLabel__XGBoost,626,-2.7367175858543935
B5-HardwarePhysics__XGBoost,B5-HardwarePhysics-NoLabel__XGBoost,627,-12.542226154406434
B5-HardwarePhysics__XGBoost,B5-HardwarePhysics-NoLabel__XGBoost,628,-1.8779119501475197
B5-HardwarePhysics__XGBoost,B5-HardwarePhysics-NoLabel__XGBoost,629,-10.346837435284465
B5-HardwarePhysics__XGBoost,B5-HardwarePhysics-NoLabel__XGBoost,630,-7.413335598865169
B5-HardwarePhysics__XGBoost,B5-HardwarePhysics-NoLabel__XGBoost,631,-9.866165843180562
B5-HardwarePhysics__XGBoost,B5-HardwarePhysics-NoLabel__XGBoost,632,6.780878580207092
B5-HardwarePhysics__XGBoost,B5-HardwarePhysics-NoLabel__XGBoost,633,1.5413348338107038
B5-HardwarePhysics__XGBoost,B5-HardwarePhysics-NoLabel__XGBoost,634,-1.828298442284572
B5-HardwarePhysics__XGBoost,B5-HardwarePhysics-NoLabel__XGBoost,635,-10.168754573565973
B5-HardwarePhysics__XGBoost,B5-HardwarePhysics-NoLabel__XGBoost,636,-8.578192640436422
B5-HardwarePhysics__XGBoost,B5-HardwarePhysics-NoLabel__XGBoost,637,3.4385757504862307
B5-HardwarePhysics__XGBoost,B5-HardwarePhysics-NoLabel__XGBoost,638,2.6819072686019925
B5-HardwarePhysics__XGBoost,B5-HardwarePhysics-NoLabel__XGBoost,639,-5.263863118044946
B5-HardwarePhysics__XGBoost,B5-HardwarePhysics-NoLabel__XGBoost,640,-15.524529347900549
B5-HardwarePhysics__XGBoost,B5-HardwarePhysics-NoLabel__XGBoost,641,2.905715220460435
B5-HardwarePhysics__XGBoost,B5-HardwarePhysics-NoLabel__XGBoost,642,-5.202015853095976
B5-HardwarePhysics__XGBoost,B5-HardwarePhysics-NoLabel__XGBoost,643,-6.225794062457333
B5-HardwarePhysics__XGBoost,B5-HardwarePhysics-NoLabel__XGBoost,644,3.1933872386663857
B5-HardwarePhysics__XGBoost,B5-HardwarePhysics-NoLabel__XGBoost,645,-29.24396646671467
B5-HardwarePhysics__XGBoost,B5-HardwarePhysics-NoLabel__XGBoost,646,1.4242809678086108
B5-HardwarePhysics__XGBoost,B5-HardwarePhysics-NoLabel__XGBoost,647,6.048901191059287
B5-HardwarePhysics__XGBoost,B5-HardwarePhysics-NoLabel__XGBoost,648,-11.073285299412797
B5-HardwarePhysics__XGBoost,B5-HardwarePhysics-NoLabel__XGBoost,649,-2.377359998563461
B5-HardwarePhysics__XGBoost,B5-HardwarePhysics-NoLabel__XGBoost,650,4.999613619728923
B5-HardwarePhysics__XGBoost,B5-HardwarePhysics-NoLabel__XGBoost,651,4.404571116716364
B5-HardwarePhysics__XGBoost,B5-HardwarePhysics-NoLabel__XGBoost,652,-7.634836316898505
B5-HardwarePhysics__XGBoost,B5-HardwarePhysics-NoLabel__XGBoost,653,-9.16888524971625
B5-HardwarePhysics__XGBoost,B5-HardwarePhysics-NoLabel__XGBoost,654,-4.355703615047285
B5-HardwarePhysics__XGBoost,B5-HardwarePhysics-NoLabel__XGBoost,655,1.9858359217456862
B5-HardwarePhysics__XGBoost,B5-HardwarePhysics-NoLabel__XGBoost,656,-7.782477469135962
B5-HardwarePhysics__XGBoost,B5-HardwarePhysics-NoLabel__XGBoost,657,-0.32854920933044085
B5-HardwarePhysics__XGBoost,B5-HardwarePhysics-NoLabel__XGBoost,658,-3.7349564896834146
B5-HardwarePhysics__XGBoost,B5-HardwarePhysics-NoLabel__XGBoost,659,5.569860018976087
B5-HardwarePhysics__XGBoost,B5-HardwarePhysics-NoLabel__XGBoost,660,13.121429962117185
B5-HardwarePhysics__XGBoost,B5-HardwarePhysics-NoLabel__XGBoost,661,0.25574591296371246
B5-HardwarePhysics__XGBoost,B5-HardwarePhysics-NoLabel__XGBoost,662,-9.272828827654335
B5-HardwarePhysics__XGBoost,B5-HardwarePhysics-NoLabel__XGBoost,663,3.010035304519738
B5-HardwarePhysics__XGBoost,B5-HardwarePhysics-NoLabel__XGBoost,664,1.4717115454348912
B5-HardwarePhysics__XGBoost,B5-HardwarePhysics-NoLabel__XGBoost,665,4.780512354826051
B5-HardwarePhysics__XGBoost,B5-HardwarePhysics-NoLabel__XGBoost,666,7.232524329908875
B5-HardwarePhysics__XGBoost,B5-HardwarePhysics-NoLabel__XGBoost,667,8.7710991605541
B5-HardwarePhysics__XGBoost,B5-HardwarePhysics-NoLabel__XGBoost,668,-9.253435937547295
B5-HardwarePhysics__XGBoost,B5-HardwarePhysics-NoLabel__XGBoost,669,2.0342401830006276
B5-HardwarePhysics__XGBoost,B5-HardwarePhysics-NoLabel__XGBoost,670,-23.237338861369228
B5-HardwarePhysics__XGBoost,B5-HardwarePhysics-NoLabel__XGBoost,671,-2.187234856162809
B5-HardwarePhysics__XGBoost,B5-HardwarePhysics-NoLabel__XGBoost,672,-7.4479052983346525
B5-HardwarePhysics__XGBoost,B5-HardwarePhysics-NoLabel__XGBoost,673,-1.5009825571549555
B5-HardwarePhysics__XGBoost,B5-HardwarePhysics-NoLabel__XGBoost,674,-13.303601323246244
B5-HardwarePhysics__XGBoost,B5-HardwarePhysics-NoLabel__XGBoost,675,0.5292424401507334
B5-HardwarePhysics__XGBoost,B5-HardwarePhysics-NoLabel__XGBoost,676,5.555830525050389
B5-HardwarePhysics__XGBoost,B5-HardwarePhysics-NoLabel__XGBoost,677,-18.793686290368044
B5-HardwarePhysics__XGBoost,B5-HardwarePhysics-NoLabel__XGBoost,678,-4.345733974108002
B5-HardwarePhysics__XGBoost,B5-HardwarePhysics-NoLabel__XGBoost,679,0.5979785102727863
B5-HardwarePhysics__XGBoost,B5-HardwarePhysics-NoLabel__XGBoost,680,5.914932255747601
B5-HardwarePhysics__XGBoost,B5-HardwarePhysics-NoLabel__XGBoost,681,-4.809783366546116
B5-HardwarePhysics__XGBoost,B5-HardwarePhysics-NoLabel__XGBoost,682,-5.205092120030845
B5-HardwarePhysics__XGBoost,B5-HardwarePhysics-NoLabel__XGBoost,683,-10.097490177893686
B5-HardwarePhysics__XGBoost,B5-HardwarePhysics-NoLabel__XGBoost,684,-4.656661925411994
B5-HardwarePhysics__XGBoost,B5-HardwarePhysics-NoLabel__XGBoost,685,-1.5154636246675024
B5-HardwarePhysics__XGBoost,B5-HardwarePhysics-NoLabel__XGBoost,686,-8.798112174571866
B5-HardwarePhysics__XGBoost,B5-HardwarePhysics-NoLabel__XGBoost,687,-3.3410828958370815
B5-HardwarePhysics__XGBoost,B5-HardwarePhysics-NoLabel__XGBoost,688,-2.6978919881633
B5-HardwarePhysics__XGBoost,B5-HardwarePhysics-NoLabel__XGBoost,689,-19.38236128623018
B5-HardwarePhysics__XGBoost,B5-HardwarePhysics-NoLabel__XGBoost,690,-10.297223927421516
B5-HardwarePhysics__XGBoost,B5-HardwarePhysics-NoLabel__XGBoost,691,-3.4694771822269956
B5-HardwarePhysics__XGBoost,B5-HardwarePhysics-NoLabel__XGBoost,692,-0.46968796493891823
B5-HardwarePhysics__XGBoost,B5-HardwarePhysics-NoLabel__XGBoost,693,1.6615963035509382
B5-HardwarePhysics__XGBoost,B5-HardwarePhysics-NoLabel__XGBoost,694,8.046021263855152
B5-HardwarePhysics__XGBoost,B5-HardwarePhysics-NoLabel__XGBoost,695,-3.1458950852771763
B5-HardwarePhysics__XGBoost,B5-HardwarePhysics-NoLabel__XGBoost,696,3.258766128115517
B5-HardwarePhysics__XGBoost,B5-HardwarePhysics-NoLabel__XGBoost,697,5.719739876356365
B5-HardwarePhysics__XGBoost,B5-HardwarePhysics-NoLabel__XGBoost,698,-2.8215086579700426
B5-HardwarePhysics__XGBoost,B5-HardwarePhysics-NoLabel__XGBoost,699,-6.66682790608201
B5-HardwarePhysics__XGBoost,B5-HardwarePhysics-NoLabel__XGBoost,700,4.5924537337238345
B5-HardwarePhysics__XGBoost,B5-HardwarePhysics-NoLabel__XGBoost,701,0.15531424662740786
B5-HardwarePhysics__XGBoost,B5-HardwarePhysics-NoLabel__XGBoost,702,-2.7283529902038124
B5-HardwarePhysics__XGBoost,B5-HardwarePhysics-NoLabel__XGBoost,703,-14.91545735096229
B5-HardwarePhysics__XGBoost,B5-HardwarePhysics-NoLabel__XGBoost,704,-18.09828718848481
B5-HardwarePhysics__XGBoost,B5-HardwarePhysics-NoLabel__XGBoost,705,-19.75434360798257
B5-HardwarePhysics__XGBoost,B5-HardwarePhysics-NoLabel__XGBoost,706,-8.032838712752442
B5-HardwarePhysics__XGBoost,B5-HardwarePhysics-NoLabel__XGBoost,707,-4.842222164527308
B5-HardwarePhysics__XGBoost,B5-HardwarePhysics-NoLabel__XGBoost,708,-27.11701237905916
B5-HardwarePhysics__XGBoost,B5-HardwarePhysics-NoLabel__XGBoost,709,-16.91888915600243
B5-HardwarePhysics__XGBoost,B5-HardwarePhysics-NoLabel__XGBoost,710,-3.354128803711234
B5-HardwarePhysics__XGBoost,B5-HardwarePhysics-NoLabel__XGBoost,711,-3.3760200758051773
B5-HardwarePhysics__XGBoost,B5-HardwarePhysics-NoLabel__XGBoost,712,-7.690606115443368
B5-HardwarePhysics__XGBoost,B5-HardwarePhysics-NoLabel__XGBoost,713,-6.8210125695646395
B5-HardwarePhysics__XGBoost,B5-HardwarePhysics-NoLabel__XGBoost,714,-10.057921405601917
B5-HardwarePhysics__XGBoost,B5-HardwarePhysics-NoLabel__XGBoost,715,-6.497340149042087
B5-HardwarePhysics__XGBoost,B5-HardwarePhysics-NoLabel__XGBoost,716,-15.919019832152708
B5-HardwarePhysics__XGBoost,B5-HardwarePhysics-NoLabel__XGBoost,717,0.49591642391578106
B5-HardwarePhysics__XGBoost,B5-HardwarePhysics-NoLabel__XGBoost,718,-7.477816582784767
B5-HardwarePhysics__XGBoost,B5-HardwarePhysics-NoLabel__XGBoost,719,0.6594689819989189
B5-HardwarePhysics__XGBoost,B5-HardwarePhysics-NoLabel__XGBoost,720,-1.1420461432767186
B5-HardwarePhysics__XGBoost,B5-HardwarePhysics-NoLabel__XGBoost,721,0.698294579690013
B5-HardwarePhysics__XGBoost,B5-HardwarePhysics-NoLabel__XGBoost,722,-2.7847006736966415
B5-HardwarePhysics__XGBoost,B5-HardwarePhysics-NoLabel__XGBoost,723,-7.671403916887301
B5-HardwarePhysics__XGBoost,B5-HardwarePhysics-NoLabel__XGBoost,724,9.860371856283667
B5-HardwarePhysics__XGBoost,B5-HardwarePhysics-NoLabel__XGBoost,725,-2.3310081155948033
B5-HardwarePhysics__XGBoost,B5-HardwarePhysics-NoLabel__XGBoost,726,-4.539055549193933
B5-HardwarePhysics__XGBoost,B5-HardwarePhysics-NoLabel__XGBoost,727,-0.0843746837362954
B5-HardwarePhysics__XGBoost,B5-HardwarePhysics-NoLabel__XGBoost,728,-4.62729939436567
B5-HardwarePhysics__XGBoost,B5-HardwarePhysics-NoLabel__XGBoost,729,-19.02481490808804
B5-HardwarePhysics__XGBoost,B5-HardwarePhysics-NoLabel__XGBoost,730,-9.13418845403276
B5-HardwarePhysics__XGBoost,B5-HardwarePhysics-NoLabel__XGBoost,731,-5.343154608704452
B5-HardwarePhysics__XGBoost,B5-HardwarePhysics-NoLabel__XGBoost,732,-17.20963744114325
B5-HardwarePhysics__XGBoost,B5-HardwarePhysics-NoLabel__XGBoost,733,-1.427104182576688
B5-HardwarePhysics__XGBoost,B5-HardwarePhysics-NoLabel__XGBoost,734,4.414611256289946
B5-HardwarePhysics__XGBoost,B5-HardwarePhysics-NoLabel__XGBoost,735,4.579960336065648
B5-HardwarePhysics__XGBoost,B5-HardwarePhysics-NoLabel__XGBoost,736,3.704867208730779
B5-HardwarePhysics__XGBoost,B5-HardwarePhysics-NoLabel__XGBoost,737,-28.235115656808546
B5-HardwarePhysics__XGBoost,B5-HardwarePhysics-NoLabel__XGBoost,738,-7.054785593531034
B5-HardwarePhysics__XGBoost,B5-HardwarePhysics-NoLabel__XGBoost,739,-1.5990406288698844
B5-HardwarePhysics__XGBoost,B5-HardwarePhysics-NoLabel__XGBoost,740,-7.2271092332212215
B5-HardwarePhysics__XGBoost,B5-HardwarePhysics-NoLabel__XGBoost,741,7.23276471419348
B5-HardwarePhysics__XGBoost,B5-HardwarePhysics-NoLabel__XGBoost,742,3.2041751488382397
B5-HardwarePhysics__XGBoost,B5-HardwarePhysics-NoLabel__XGBoost,743,-7.377154407420475
B5-HardwarePhysics__XGBoost,B5-HardwarePhysics-NoLabel__XGBoost,744,7.426086289279411
B5-HardwarePhysics__XGBoost,B5-HardwarePhysics-NoLabel__XGBoost,745,-3.597957223358314
B5-HardwarePhysics__XGBoost,B5-HardwarePhysics-NoLabel__XGBoost,746,-2.094319572681184
B5-HardwarePhysics__XGBoost,B5-HardwarePhysics-NoLabel__XGBoost,747,0.6329156902408819
B5-HardwarePhysics__XGBoost,B5-HardwarePhysics-NoLabel__XGBoost,748,5.998660105514743
B5-HardwarePhysics__XGBoost,B5-HardwarePhysics-NoLabel__XGBoost,749,-14.466441536252693
B5-HardwarePhysics__XGBoost,B5-HardwarePhysics-NoLabel__XGBoost,750,-9.284233628232013
B5-HardwarePhysics__XGBoost,B5-HardwarePhysics-NoLabel__XGBoost,751,-3.291353791055055
B5-HardwarePhysics__XGBoost,B5-HardwarePhysics-NoLabel__XGBoost,752,8.881740852114293
B5-HardwarePhysics__XGBoost,B5-HardwarePhysics-NoLabel__XGBoost,753,4.021560500507516
B5-HardwarePhysics__XGBoost,B5-HardwarePhysics-NoLabel__XGBoost,754,-0.799070371366969
B5-HardwarePhysics__XGBoost,B5-HardwarePhysics-NoLabel__XGBoost,755,1.4367743654667957
B5-HardwarePhysics__XGBoost,B5-HardwarePhysics-NoLabel__XGBoost,756,-3.3868079859770313
B5-HardwarePhysics__XGBoost,B5-HardwarePhysics-NoLabel__XGBoost,757,-3.229622935044318
B5-HardwarePhysics__XGBoost,B5-HardwarePhysics-NoLabel__XGBoost,758,-4.9102150328824195
B5-HardwarePhysics__XGBoost,B5-HardwarePhysics-NoLabel__XGBoost,759,-7.335558119288129
B5-HardwarePhysics__XGBoost,B5-HardwarePhysics-NoLabel__XGBoost,760,-19.382120901945573
B5-HardwarePhysics__XGBoost,B5-HardwarePhysics-NoLabel__XGBoost,761,-0.6511584075044868
B5-HardwarePhysics__XGBoost,B5-HardwarePhysics-NoLabel__XGBoost,762,0.5582190464300432
B5-HardwarePhysics__XGBoost,B5-HardwarePhysics-NoLabel__XGBoost,763,9.711957102105114
B5-HardwarePhysics__XGBoost,B5-HardwarePhysics-NoLabel__XGBoost,764,-7.029005903714092
B5-HardwarePhysics__XGBoost,B5-HardwarePhysics-NoLabel__XGBoost,765,12.844355162532112
B5-HardwarePhysics__XGBoost,B5-HardwarePhysics-NoLabel__XGBoost,766,-5.018914990509706
B5-HardwarePhysics__XGBoost,B5-HardwarePhysics-NoLabel__XGBoost,767,1.7804565665022147
B5-HardwarePhysics__XGBoost,B5-HardwarePhysics-NoLabel__XGBoost,768,1.297517101439397
B5-HardwarePhysics__XGBoost,B5-HardwarePhysics-NoLabel__XGBoost,769,0.7852188621424325
B5-HardwarePhysics__XGBoost,B5-HardwarePhysics-NoLabel__XGBoost,770,8.395800187582237
B5-HardwarePhysics__XGBoost,B5-HardwarePhysics-NoLabel__XGBoost,771,-1.3813790924367382
B5-HardwarePhysics__XGBoost,B5-HardwarePhysics-NoLabel__XGBoost,772,1.2758662136300585
B5-HardwarePhysics__XGBoost,B5-HardwarePhysics-NoLabel__XGBoost,773,13.981851330388533
B5-HardwarePhysics__XGBoost,B5-HardwarePhysics-NoLabel__XGBoost,774,8.027476586544013
B5-HardwarePhysics__XGBoost,B5-HardwarePhysics-NoLabel__XGBoost,775,5.242544133846471
B5-HardwarePhysics__XGBoost,B5-HardwarePhysics-NoLabel__XGBoost,776,-5.584214318516694
B5-HardwarePhysics__XGBoost,B5-HardwarePhysics-NoLabel__XGBoost,777,-2.819397469380132
B5-HardwarePhysics__XGBoost,B5-HardwarePhysics-NoLabel__XGBoost,778,-3.750451086810838
B5-HardwarePhysics__XGBoost,B5-HardwarePhysics-NoLabel__XGBoost,779,-9.776405678077879
B5-HardwarePhysics__XGBoost,B5-HardwarePhysics-NoLabel__XGBoost,780,-0.8079874772335174
B5-HardwarePhysics__XGBoost,B5-HardwarePhysics-NoLabel__XGBoost,781,-17.0246550869759
B5-HardwarePhysics__XGBoost,B5-HardwarePhysics-NoLabel__XGBoost,782,0.4975468439364817
B5-HardwarePhysics__XGBoost,B5-HardwarePhysics-NoLabel__XGBoost,783,1.5374464160877055
B5-HardwarePhysics__XGBoost,B5-HardwarePhysics-NoLabel__XGBoost,784,7.467747769620769
B5-HardwarePhysics__XGBoost,B5-HardwarePhysics-NoLabel__XGBoost,785,-10.873616742093976
B5-HardwarePhysics__XGBoost,B5-HardwarePhysics-NoLabel__XGBoost,786,-9.541107955753246
B5-HardwarePhysics__XGBoost,B5-HardwarePhysics-NoLabel__XGBoost,787,6.209809342896025
B5-HardwarePhysics__XGBoost,B5-HardwarePhysics-NoLabel__XGBoost,788,-10.72513679570641
B5-HardwarePhysics__XGBoost,B5-HardwarePhysics-NoLabel__XGBoost,789,-13.796069759139277
B5-HardwarePhysics__XGBoost,B5-HardwarePhysics-NoLabel__XGBoost,790,-10.06707889575307
B5-HardwarePhysics__XGBoost,B5-HardwarePhysics-NoLabel__XGBoost,791,4.5228304453480215
B5-HardwarePhysics__XGBoost,B5-HardwarePhysics-NoLabel__XGBoost,792,-20.96453933114967
B5-HardwarePhysics__XGBoost,B5-HardwarePhysics-NoLabel__XGBoost,793,-10.61332004169081
B5-HardwarePhysics__XGBoost,B5-HardwarePhysics-NoLabel__XGBoost,794,1.6982795004588123
B5-HardwarePhysics__XGBoost,B5-HardwarePhysics-NoLabel__XGBoost,795,5.044275487520366
B5-HardwarePhysics__XGBoost,B5-HardwarePhysics-NoLabel__XGBoost,796,-7.392146187065563
B5-HardwarePhysics__XGBoost,B5-HardwarePhysics-NoLabel__XGBoost,797,-2.2005211483215663
B5-HardwarePhysics__XGBoost,B5-HardwarePhysics-NoLabel__XGBoost,798,4.708429689921194
B5-HardwarePhysics__XGBoost,B5-HardwarePhysics-NoLabel__XGBoost,799,-1.7476361721765272
B5-HardwarePhysics__XGBoost,B5-HardwarePhysics-NoLabel__XGBoost,800,-3.3410828958370815
B5-HardwarePhysics__XGBoost,B5-HardwarePhysics-NoLabel__XGBoost,801,-15.988653807804294
B5-HardwarePhysics__XGBoost,B5-HardwarePhysics-NoLabel__XGBoost,802,-21.388081032535943
B5-HardwarePhysics__XGBoost,B5-HardwarePhysics-NoLabel__XGBoost,803,-4.794866654366658
B5-HardwarePhysics__XGBoost,B5-HardwarePhysics-NoLabel__XGBoost,804,-8.394273508617584
B5-HardwarePhysics__XGBoost,B5-HardwarePhysics-NoLabel__XGBoost,805,-1.221675134599586
B5-HardwarePhysics__XGBoost,B5-HardwarePhysics-NoLabel__XGBoost,806,-1.4211385562794814
B5-HardwarePhysics__XGBoost,B5-HardwarePhysics-NoLabel__XGBoost,807,-14.495804067299018
B5-HardwarePhysics__XGBoost,B5-HardwarePhysics-NoLabel__XGBoost,808,2.550196330992604
B5-HardwarePhysics__XGBoost,B5-HardwarePhysics-NoLabel__XGBoost,809,4.713649069615718
B5-HardwarePhysics__XGBoost,B5-HardwarePhysics-NoLabel__XGBoost,810,-7.996271112763645
B5-HardwarePhysics__XGBoost,B5-HardwarePhysics-NoLabel__XGBoost,811,4.5577569380403435
B5-HardwarePhysics__XGBoost,B5-HardwarePhysics-NoLabel__XGBoost,812,-9.569532051816589
B5-HardwarePhysics__XGBoost,B5-HardwarePhysics-NoLabel__XGBoost,813,5.907220612510616
B5-HardwarePhysics__XGBoost,B5-HardwarePhysics-NoLabel__XGBoost,814,2.6049526270888554
B5-HardwarePhysics__XGBoost,B5-HardwarePhysics-NoLabel__XGBoost,815,-1.57450495052954
B5-HardwarePhysics__XGBoost,B5-HardwarePhysics-NoLabel__XGBoost,816,-2.4689909679714503
B5-HardwarePhysics__XGBoost,B5-HardwarePhysics-NoLabel__XGBoost,817,-6.250686534020515
B5-HardwarePhysics__XGBoost,B5-HardwarePhysics-NoLabel__XGBoost,818,-13.346325213916954
B5-HardwarePhysics__XGBoost,B5-HardwarePhysics-NoLabel__XGBoost,819,5.186031133534668
B5-HardwarePhysics__XGBoost,B5-HardwarePhysics-NoLabel__XGBoost,820,-10.2894372167189
B5-HardwarePhysics__XGBoost,B5-HardwarePhysics-NoLabel__XGBoost,821,-7.226712137401345
B5-HardwarePhysics__XGBoost,B5-HardwarePhysics-NoLabel__XGBoost,822,-1.7609224643352839
B5-HardwarePhysics__XGBoost,B5-HardwarePhysics-NoLabel__XGBoost,823,-6.5857891298527464
B5-HardwarePhysics__XGBoost,B5-HardwarePhysics-NoLabel__XGBoost,824,-0.7165372969536179
B5-HardwarePhysics__XGBoost,B5-HardwarePhysics-NoLabel__XGBoost,825,6.7096141845348045
B5-HardwarePhysics__XGBoost,B5-HardwarePhysics-NoLabel__XGBoost,826,-5.971188419914171
B5-HardwarePhysics__XGBoost,B5-HardwarePhysics-NoLabel__XGBoost,827,-9.450641361524891
B5-HardwarePhysics__XGBoost,B5-HardwarePhysics-NoLabel__XGBoost,828,-7.157475257569636
B5-HardwarePhysics__XGBoost,B5-HardwarePhysics-NoLabel__XGBoost,829,5.8700254348402225
B5-HardwarePhysics__XGBoost,B5-HardwarePhysics-NoLabel__XGBoost,830,-4.494073660820924
B5-HardwarePhysics__XGBoost,B5-HardwarePhysics-NoLabel__XGBoost,831,-0.8144898738624968
B5-HardwarePhysics__XGBoost,B5-HardwarePhysics-NoLabel__XGBoost,832,9.432624304817747
B5-HardwarePhysics__XGBoost,B5-HardwarePhysics-NoLabel__XGBoost,833,-6.631890726113915
B5-HardwarePhysics__XGBoost,B5-HardwarePhysics-NoLabel__XGBoost,834,-14.02007342799085
B5-HardwarePhysics__XGBoost,B5-HardwarePhysics-NoLabel__XGBoost,835,-2.01328079645192
B5-HardwarePhysics__XGBoost,B5-HardwarePhysics-NoLabel__XGBoost,836,4.429915161866396
B5-HardwarePhysics__XGBoost,B5-HardwarePhysics-NoLabel__XGBoost,837,7.463472158500778
B5-HardwarePhysics__XGBoost,B5-HardwarePhysics-NoLabel__XGBoost,838,-6.9800392298202985
B5-HardwarePhysics__XGBoost,B5-HardwarePhysics-NoLabel__XGBoost,839,6.624510986487794
B5-HardwarePhysics__XGBoost,B5-HardwarePhysics-NoLabel__XGBoost,840,-0.11378315070407348
B5-HardwarePhysics__XGBoost,B5-HardwarePhysics-NoLabel__XGBoost,841,-12.555512446565192
B5-HardwarePhysics__XGBoost,B5-HardwarePhysics-NoLabel__XGBoost,842,0.6349333036585746
B5-HardwarePhysics__XGBoost,B5-HardwarePhysics-NoLabel__XGBoost,843,-4.134153660891141
B5-HardwarePhysics__XGBoost,B5-HardwarePhysics-NoLabel__XGBoost,844,1.0339496857382113
B5-HardwarePhysics__XGBoost,B5-HardwarePhysics-NoLabel__XGBoost,845,7.6984552139280655
B5-HardwarePhysics__XGBoost,B5-HardwarePhysics-NoLabel__XGBoost,846,-17.246205041132043
B5-HardwarePhysics__XGBoost,B5-HardwarePhysics-NoLabel__XGBoost,847,-3.005814983185875
B5-HardwarePhysics__XGBoost,B5-HardwarePhysics-NoLabel__XGBoost,848,-2.6237925218599045
B5-HardwarePhysics__XGBoost,B5-HardwarePhysics-NoLabel__XGBoost,849,-5.880721825685819
B5-HardwarePhysics__XGBoost,B5-HardwarePhysics-NoLabel__XGBoost,850,-0.5576262336170379
B5-HardwarePhysics__XGBoost,B5-HardwarePhysics-NoLabel__XGBoost,851,-2.3056595016134405
B5-HardwarePhysics__XGBoost,B5-HardwarePhysics-NoLabel__XGBoost,852,-15.231910258454421
B5-HardwarePhysics__XGBoost,B5-HardwarePhysics-NoLabel__XGBoost,853,-3.2490158251513575
B5-HardwarePhysics__XGBoost,B5-HardwarePhysics-NoLabel__XGBoost,854,-2.7003153026845723
B5-HardwarePhysics__XGBoost,B5-HardwarePhysics-NoLabel__XGBoost,855,-16.52927064835855
B5-HardwarePhysics__XGBoost,B5-HardwarePhysics-NoLabel__XGBoost,856,-1.751343800771435
B5-HardwarePhysics__XGBoost,B5-HardwarePhysics-NoLabel__XGBoost,857,-9.262582740422674
B5-HardwarePhysics__XGBoost,B5-HardwarePhysics-NoLabel__XGBoost,858,-13.739135585414777
B5-HardwarePhysics__XGBoost,B5-HardwarePhysics-NoLabel__XGBoost,859,2.1357350716854406
B5-HardwarePhysics__XGBoost,B5-HardwarePhysics-NoLabel__XGBoost,860,-0.5772800329262192
B5-HardwarePhysics__XGBoost,B5-HardwarePhysics-NoLabel__XGBoost,861,-7.100691472799073
B5-HardwarePhysics__XGBoost,B5-HardwarePhysics-NoLabel__XGBoost,862,-9.733681787407168
B5-HardwarePhysics__XGBoost,B5-HardwarePhysics-NoLabel__XGBoost,863,-14.975663508614788
B5-HardwarePhysics__XGBoost,B5-HardwarePhysics-NoLabel__XGBoost,864,-20.481097048604518
B5-HardwarePhysics__XGBoost,B5-HardwarePhysics-NoLabel__XGBoost,865,14.241174347163037
B5-HardwarePhysics__XGBoost,B5-HardwarePhysics-NoLabel__XGBoost,866,-2.0155387941542173
B5-HardwarePhysics__XGBoost,B5-HardwarePhysics-NoLabel__XGBoost,867,0.9483850116814675
B5-HardwarePhysics__XGBoost,B5-HardwarePhysics-NoLabel__XGBoost,868,-19.719646812299082
B5-HardwarePhysics__XGBoost,B5-HardwarePhysics-NoLabel__XGBoost,869,5.244009237048196
B5-HardwarePhysics__XGBoost,B5-HardwarePhysics-NoLabel__XGBoost,870,-4.993135300692763
B5-HardwarePhysics__XGBoost,B5-HardwarePhysics-NoLabel__XGBoost,871,-30.469089589337
B5-HardwarePhysics__XGBoost,B5-HardwarePhysics-NoLabel__XGBoost,872,-3.7482427818421717
B5-HardwarePhysics__XGBoost,B5-HardwarePhysics-NoLabel__XGBoost,873,-0.8288844760001416
B5-HardwarePhysics__XGBoost,B5-HardwarePhysics-NoLabel__XGBoost,874,6.3923683825421005
B5-HardwarePhysics__XGBoost,B5-HardwarePhysics-NoLabel__XGBoost,875,-1.1154735589592037
B5-HardwarePhysics__XGBoost,B5-HardwarePhysics-NoLabel__XGBoost,876,-14.720430288390032
B5-HardwarePhysics__XGBoost,B5-HardwarePhysics-NoLabel__XGBoost,877,-5.788076870052128
B5-HardwarePhysics__XGBoost,B5-HardwarePhysics-NoLabel__XGBoost,878,-19.216531437885266
B5-HardwarePhysics__XGBoost,B5-HardwarePhysics-NoLabel__XGBoost,879,-15.221122348282568
B5-HardwarePhysics__XGBoost,B5-HardwarePhysics-NoLabel__XGBoost,880,-0.4249768610246686
B5-HardwarePhysics__XGBoost,B5-HardwarePhysics-NoLabel__XGBoost,881,-8.839311366884337
B5-HardwarePhysics__XGBoost,B5-HardwarePhysics-NoLabel__XGBoost,882,-6.566636624030311
B5-HardwarePhysics__XGBoost,B5-HardwarePhysics-NoLabel__XGBoost,883,6.312499006934628
B5-HardwarePhysics__XGBoost,B5-HardwarePhysics-NoLabel__XGBoost,884,3.300205704712592
B5-HardwarePhysics__XGBoost,B5-HardwarePhysics-NoLabel__XGBoost,885,-4.760169858683168
B5-HardwarePhysics__XGBoost,B5-HardwarePhysics-NoLabel__XGBoost,886,-12.65877999555176
B5-HardwarePhysics__XGBoost,B5-HardwarePhysics-NoLabel__XGBoost,887,8.001926593735904
B5-HardwarePhysics__XGBoost,B5-HardwarePhysics-NoLabel__XGBoost,888,-22.348929498312266
B5-HardwarePhysics__XGBoost,B5-HardwarePhysics-NoLabel__XGBoost,889,2.808671134971206
B5-HardwarePhysics__XGBoost,B5-HardwarePhysics-NoLabel__XGBoost,890,5.170486843673613
B5-HardwarePhysics__XGBoost,B5-HardwarePhysics-NoLabel__XGBoost,891,2.951440310600385
B5-HardwarePhysics__XGBoost,B5-HardwarePhysics-NoLabel__XGBoost,892,0.1916414623315989
B5-HardwarePhysics__XGBoost,B5-HardwarePhysics-NoLabel__XGBoost,893,1.3947569039217547
B5-HardwarePhysics__XGBoost,B5-HardwarePhysics-NoLabel__XGBoost,894,-21.003364928840764
B5-HardwarePhysics__XGBoost,B5-HardwarePhysics-NoLabel__XGBoost,895,10.457837673817497
B5-HardwarePhysics__XGBoost,B5-HardwarePhysics-NoLabel__XGBoost,896,-0.9545654071224671
B5-HardwarePhysics__XGBoost,B5-HardwarePhysics-NoLabel__XGBoost,897,-6.170024263912469
B5-HardwarePhysics__XGBoost,B5-HardwarePhysics-NoLabel__XGBoost,898,-14.591217732767545
B5-HardwarePhysics__XGBoost,B5-HardwarePhysics-NoLabel__XGBoost,899,-4.857766454388362
B5-HardwarePhysics__XGBoost,B5-HardwarePhysics-NoLabel__XGBoost,900,0.23172143053299823
B5-HardwarePhysics__XGBoost,B5-HardwarePhysics-NoLabel__XGBoost,901,1.9050276273781424
B5-HardwarePhysics__XGBoost,B5-HardwarePhysics-NoLabel__XGBoost,902,-15.860184453948747
B5-HardwarePhysics__XGBoost,B5-HardwarePhysics-NoLabel__XGBoost,903,-5.518543828053737
B5-HardwarePhysics__XGBoost,B5-HardwarePhysics-NoLabel__XGBoost,904,8.127255300466723
B5-HardwarePhysics__XGBoost,B5-HardwarePhysics-NoLabel__XGBoost,905,5.0001915046768906
B5-HardwarePhysics__XGBoost,B5-HardwarePhysics-NoLabel__XGBoost,906,-2.8171394716778337
B5-HardwarePhysics__XGBoost,B5-HardwarePhysics-NoLabel__XGBoost,907,9.865293552791842
B5-HardwarePhysics__XGBoost,B5-HardwarePhysics-NoLabel__XGBoost,908,-13.697474917092576
B5-HardwarePhysics__XGBoost,B5-HardwarePhysics-NoLabel__XGBoost,909,1.924420517485183
B5-HardwarePhysics__XGBoost,B5-HardwarePhysics-NoLabel__XGBoost,910,-10.45034536855564
B5-HardwarePhysics__XGBoost,B5-HardwarePhysics-NoLabel__XGBoost,911,-6.027525416131226
B5-HardwarePhysics__XGBoost,B5-HardwarePhysics-NoLabel__XGBoost,912,1.4935277500632047
B5-HardwarePhysics__XGBoost,B5-HardwarePhysics-NoLabel__XGBoost,913,-9.301805433933646
B5-HardwarePhysics__XGBoost,B5-HardwarePhysics-NoLabel__XGBoost,914,-12.076230890197385
B5-HardwarePhysics__XGBoost,B5-HardwarePhysics-NoLabel__XGBoost,915,0.8217864621312287
B5-HardwarePhysics__XGBoost,B5-HardwarePhysics-NoLabel__XGBoost,916,-6.5430652391820345
B5-HardwarePhysics__XGBoost,B5-HardwarePhysics-NoLabel__XGBoost,917,3.560321615987668
B5-HardwarePhysics__XGBoost,B5-HardwarePhysics-NoLabel__XGBoost,918,-2.7824426759943433
B5-HardwarePhysics__XGBoost,B5-HardwarePhysics-NoLabel__XGBoost,919,-6.025864595936372
B5-HardwarePhysics__XGBoost,B5-HardwarePhysics-NoLabel__XGBoost,920,-1.0977217761486375
B5-HardwarePhysics__XGBoost,B5-HardwarePhysics-NoLabel__XGBoost,921,0.3791221984858503
B5-HardwarePhysics__XGBoost,B5-HardwarePhysics-NoLabel__XGBoost,922,-6.067962177555465
B5-HardwarePhysics__XGBoost,B5-HardwarePhysics-NoLabel__XGBoost,923,8.06930257168519
B5-HardwarePhysics__XGBoost,B5-HardwarePhysics-NoLabel__XGBoost,924,-23.244238353818076
B5-HardwarePhysics__XGBoost,B5-HardwarePhysics-NoLabel__XGBoost,925,-9.30588451604135
B5-HardwarePhysics__XGBoost,B5-HardwarePhysics-NoLabel__XGBoost,926,-3.9344199113633103
B5-HardwarePhysics__XGBoost,B5-HardwarePhysics-NoLabel__XGBoost,927,4.879749245808567
B5-HardwarePhysics__XGBoost,B5-HardwarePhysics-NoLabel__XGBoost,928,-4.762427856385465
B5-HardwarePhysics__XGBoost,B5-HardwarePhysics-NoLabel__XGBoost,929,1.4259864552949415
B5-HardwarePhysics__XGBoost,B5-HardwarePhysics-NoLabel__XGBoost,930,-4.004053887014897
B5-HardwarePhysics__XGBoost,B5-HardwarePhysics-NoLabel__XGBoost,931,-1.956692728674486
B5-HardwarePhysics__XGBoost,B5-HardwarePhysics-NoLabel__XGBoost,932,-21.668206724323884
B5-HardwarePhysics__XGBoost,B5-HardwarePhysics-NoLabel__XGBoost,933,5.486950438441517
B5-HardwarePhysics__XGBoost,B5-HardwarePhysics-NoLabel__XGBoost,934,-4.490832077067081
B5-HardwarePhysics__XGBoost,B5-HardwarePhysics-NoLabel__XGBoost,935,-9.05209102428632
B5-HardwarePhysics__XGBoost,B5-HardwarePhysics-NoLabel__XGBoost,936,-4.539055549193933
B5-HardwarePhysics__XGBoost,B5-HardwarePhysics-NoLabel__XGBoost,937,12.199458767372002
B5-HardwarePhysics__XGBoost,B5-HardwarePhysics-NoLabel__XGBoost,938,6.555699848900111
B5-HardwarePhysics__XGBoost,B5-HardwarePhysics-NoLabel__XGBoost,939,10.93400395779258
B5-HardwarePhysics__XGBoost,B5-HardwarePhysics-NoLabel__XGBoost,940,5.059819777381421
B5-HardwarePhysics__XGBoost,B5-HardwarePhysics-NoLabel__XGBoost,941,-4.180119135315696
B5-HardwarePhysics__XGBoost,B5-HardwarePhysics-NoLabel__XGBoost,942,2.926547839037202
B5-HardwarePhysics__XGBoost,B5-HardwarePhysics-NoLabel__XGBoost,943,1.2648379191735992
B5-HardwarePhysics__XGBoost,B5-HardwarePhysics-NoLabel__XGBoost,944,-5.160430252239402
B5-HardwarePhysics__XGBoost,B5-HardwarePhysics-NoLabel__XGBoost,945,9.118590143015556
B5-HardwarePhysics__XGBoost,B5-HardwarePhysics-NoLabel__XGBoost,946,2.6949531764761443
B5-HardwarePhysics__XGBoost,B5-HardwarePhysics-NoLabel__XGBoost,947,3.0715257762458705
B5-HardwarePhysics__XGBoost,B5-HardwarePhysics-NoLabel__XGBoost,948,-0.5119011434770881
B5-HardwarePhysics__XGBoost,B5-HardwarePhysics-NoLabel__XGBoost,949,-6.725046393880144
B5-HardwarePhysics__XGBoost,B5-HardwarePhysics-NoLabel__XGBoost,950,-6.375027085868456
B5-HardwarePhysics__XGBoost,B5-HardwarePhysics-NoLabel__XGBoost,951,-2.2276609303112735
B5-HardwarePhysics__XGBoost,B5-HardwarePhysics-NoLabel__XGBoost,952,-21.94470363896099
B5-HardwarePhysics__XGBoost,B5-HardwarePhysics-NoLabel__XGBoost,953,3.6493377944705214
B5-HardwarePhysics__XGBoost,B5-HardwarePhysics-NoLabel__XGBoost,954,-1.2810630230195115
B5-HardwarePhysics__XGBoost,B5-HardwarePhysics-NoLabel__XGBoost,955,-5.155673872550201
B5-HardwarePhysics__XGBoost,B5-HardwarePhysics-NoLabel__XGBoost,956,-4.993135300692763
B5-HardwarePhysics__XGBoost,B5-HardwarePhysics-NoLabel__XGBoost,957,-12.192206846394745
B5-HardwarePhysics__XGBoost,B5-HardwarePhysics-NoLabel__XGBoost,958,-6.3575050000667215
B5-HardwarePhysics__XGBoost,B5-HardwarePhysics-NoLabel__XGBoost,959,4.437701872569011
B5-HardwarePhysics__XGBoost,B5-HardwarePhysics-NoLabel__XGBoost,960,-5.595889446942308
B5-HardwarePhysics__XGBoost,B5-HardwarePhysics-NoLabel__XGBoost,961,3.072122953753314
B5-HardwarePhysics__XGBoost,B5-HardwarePhysics-NoLabel__XGBoost,962,-27.319556636505265
B5-HardwarePhysics__XGBoost,B5-HardwarePhysics-NoLabel__XGBoost,963,-16.602793041733133
B5-HardwarePhysics__XGBoost,B5-HardwarePhysics-NoLabel__XGBoost,964,-6.156170774081519
B5-HardwarePhysics__XGBoost,B5-HardwarePhysics-NoLabel__XGBoost,965,8.022142321906845
B5-HardwarePhysics__XGBoost,B5-HardwarePhysics-NoLabel__XGBoost,966,-12.695347595540555
B5-HardwarePhysics__XGBoost,B5-HardwarePhysics-NoLabel__XGBoost,967,-12.207123558574201
B5-HardwarePhysics__XGBoost,B5-HardwarePhysics-NoLabel__XGBoost,968,-4.3779070130725914
B5-HardwarePhysics__XGBoost,B5-HardwarePhysics-NoLabel__XGBoost,969,2.078334853119877
B5-HardwarePhysics__XGBoost,B5-HardwarePhysics-NoLabel__XGBoost,970,2.984495998987401
B5-HardwarePhysics__XGBoost,B5-HardwarePhysics-NoLabel__XGBoost,971,-0.8624983364367438
B5-HardwarePhysics__XGBoost,B5-HardwarePhysics-NoLabel__XGBoost,972,-5.300430718033742
B5-HardwarePhysics__XGBoost,B5-HardwarePhysics-NoLabel__XGBoost,973,-11.413887476701168
B5-HardwarePhysics__XGBoost,B5-HardwarePhysics-NoLabel__XGBoost,974,-7.278157900722566
B5-HardwarePhysics__XGBoost,B5-HardwarePhysics-NoLabel__XGBoost,975,2.998360176094124
B5-HardwarePhysics__XGBoost,B5-HardwarePhysics-NoLabel__XGBoost,976,-22.44823158150379
B5-HardwarePhysics__XGBoost,B5-HardwarePhysics-NoLabel__XGBoost,977,-4.796497074387359
B5-HardwarePhysics__XGBoost,B5-HardwarePhysics-NoLabel__XGBoost,978,-6.8698032393636845
B5-HardwarePhysics__XGBoost,B5-HardwarePhysics-NoLabel__XGBoost,979,6.207551345193727
B5-HardwarePhysics__XGBoost,B5-HardwarePhysics-NoLabel__XGBoost,980,-1.7315139973675053
B5-HardwarePhysics__XGBoost,B5-HardwarePhysics-NoLabel__XGBoost,981,-1.8390863524564256
B5-HardwarePhysics__XGBoost,B5-HardwarePhysics-NoLabel__XGBoost,982,-6.4248809780160085
B5-HardwarePhysics__XGBoost,B5-HardwarePhysics-NoLabel__XGBoost,983,-2.167841966055769
B5-HardwarePhysics__XGBoost,B5-HardwarePhysics-NoLabel__XGBoost,984,-8.121198154843258
B5-HardwarePhysics__XGBoost,B5-HardwarePhysics-NoLabel__XGBoost,985,-5.808022270375136
B5-HardwarePhysics__XGBoost,B5-HardwarePhysics-NoLabel__XGBoost,986,-6.945342434136809
B5-HardwarePhysics__XGBoost,B5-HardwarePhysics-NoLabel__XGBoost,987,-6.650946927576749
B5-HardwarePhysics__XGBoost,B5-HardwarePhysics-NoLabel__XGBoost,988,2.3607377988976728
B5-HardwarePhysics__XGBoost,B5-HardwarePhysics-NoLabel__XGBoost,989,0.1814803449884528
B5-HardwarePhysics__XGBoost,B5-HardwarePhysics-NoLabel__XGBoost,990,-5.646938114443651
B5-HardwarePhysics__XGBoost,B5-HardwarePhysics-NoLabel__XGBoost,991,0.5134278224417425
B5-HardwarePhysics__XGBoost,B5-HardwarePhysics-NoLabel__XGBoost,992,-8.613129820404518
B5-HardwarePhysics__XGBoost,B5-HardwarePhysics-NoLabel__XGBoost,993,2.660256380792654
B5-HardwarePhysics__XGBoost,B5-HardwarePhysics-NoLabel__XGBoost,994,-7.342457611736985
B5-HardwarePhysics__XGBoost,B5-HardwarePhysics-NoLabel__XGBoost,995,-22.28743902658613
B5-HardwarePhysics__XGBoost,B5-HardwarePhysics-NoLabel__XGBoost,996,-5.869693531229359
B5-HardwarePhysics__XGBoost,B5-HardwarePhysics-NoLabel__XGBoost,997,-6.706848279126896
B5-HardwarePhysics__XGBoost,B5-HardwarePhysics-NoLabel__XGBoost,998,4.128956851501688
B5-HardwarePhysics__XGBoost,B5-HardwarePhysics-NoLabel__XGBoost,999,-23.34879882216199
